SMILES,CH4_msa_log10,source,split
*=CC1CCC(C1)C=*,0.3979400086720376,msa,train
*C(=C(*)C1=CC2=C(C=C1)C1=C(C2)C=CC=C1)C1=CC=CC=C1,3.380211241711606,msa,train
*C(=C(*)C1=CC2=C(C=C1)C1=C(C=CC=C1)C=C2)C1=CC=CC=C1,3.161368002234975,msa,test
*C(=C(*)C1=CC=C(C=C1)C1=CC=CC=C1)C1=CC=CC=C1,2.230448921378274,msa,train
*C(=C(*)C1=CC=C(C=C1)[Si](C1=CC=CC=C1)(C1=CC=CC=C1)C1=CC=CC=C1)C1=CC=CC=C1,0.7466341989375788,msa,train
*C(=C(*)C1=CC=C2C3=C(C=CC=C3)C3(CC3)C2=C1)C1=CC=CC=C1,2.90848501887865,msa,train
*C(=C(*)C1=CC=C2CCCC2=C1)C1=CC=CC=C1,1.7781512503836436,msa,test
*C(=C(*)C1=CC=CC=C1)C1=CC=CC=C1,3.568201724066995,msa,train
*C(=O)C1=CC=C(C=C1)C1(OC(=O)C2=C1C=CC=C2)C1=CC=C(C=C1)C(=O)C1=CC=C(OC2=CC=C(C=C2)C(=O)C2=CC=C(C=C2)C(=O)C2=CC=C(OC3=CC=C(*)C=C3)C=C2)C=C1,-1.1611509092627446,msa,train
*C(=O)C1=CC=C(C=C1)C1(OC(=O)C2=C1C=CC=C2)C1=CC=C(C=C1)C(=O)C1=CC=C(OC2=CC=C(C=C2)C(=O)C2=CC=C(OC3=CC=C(*)C=C3)C=C2)C=C1,-1.0,msa,train
*C(=O)C1=CC=C(C=C1)C1(OC(=O)C2=C1C=CC=C2)C1=CC=C(C=C1)C(=O)C1=CC=C(OC2=CC=C(C=C2)C(=O)C2=CC=CC(=C2)C(=O)C2=CC=C(OC3=CC=C(*)C=C3)C=C2)C=C1,-1.5590909179347825,msa,test
*C(=O)N1C(*)=NC2=C1C=C1N3C(=NC1=C2)C1=CC=C(*)C2=C1C(=CC=C2*)C3=O,-2.7695510786217263,msa,train
*C1=CC(C(=O)C2=CC=CC=C2)=C(*)C=C1,-0.4436974992327127,msa,train
*C1=CC2=C(OC3=CC(=CC=C3O2)C2(C3=C(C=CC=C3)C3=C2C=CC=C3)C2=CC3=C(OC4=C(O3)C=CC(*)=C4)C=C2)C=C1,-0.2518119729937995,msa,train
*C1=CC2C(C=C1)C(=O)N(C2=O)C1=CC=C(OC2=CC=C(C=C2)N2C(=O)C3=CC=C(*)C=C3C2=O)C=C1,-1.5228787452803376,msa,train
*C1=CC=C(C=C1)C1(C2=C(C=CC=C2)C2=C1C=CC=C2)C1=CC=C(*)C=C1,-0.0757207139381183,msa,train
*C1=CC=C(C=C1)C1(OC(=O)C2=CC=CC=C12)C1=CC=C(*)C=C1,0.4593924877592308,msa,train
*C1=CC=C(OC2=CC=C(C=C2)C(C2=CC=CC=C2)(C2=CC=CC=C2)C2=CC=C(OC3=CC=C(*)C=C3)C=C2)C=C1,-0.8538719643217619,msa,train
*C1=CC=C(OC2=CC=C(C=C2)C2(C3C=CC=CC3C3C=CC=CC23)C2=CC=C(OC3=CC=C(*)C=C3)C=C2)C=C1,-0.3467874862246563,msa,train
*C1=CC=C(OC2=CC=C(C=C2)S(=O)(=O)C2=CC=C(OC3=CC=C(C=C3)S(*)(=O)=O)C=C2)C=C1,-0.8860566476931633,msa,train
*C1=CC=C(OC2=CC=C(OC3=CC=C(*)C=C3)C3=C2C2C4=C(C=CC=C4)C3C3=C2C=CC=C3)C=C1,-0.6777807052660807,msa,train
*C1=NC2=C(N1)C=CC(=C2)C1=CC2=C(NC(=N2)C2=CC=CC(*)=C2)C=C1,-2.744727494896694,msa,train
*C1=NN=C(N1C1=CC=CC=C1)C1=CC(*)=CC=C1,-1.3089185078770316,msa,train
*C1=NN=C(N1C1=CC=CC=C1)C1=CC=CC(=C1)C1=NN=C(N1C1=CC=CC=C1)C1=CC=C(*)C=C1,-1.0457574905606752,msa,train
*CC(*)C1=CC=CC=C1,-0.1051303432547474,msa,test
*CC(*)C1=CC=NC=C1,-0.8538719643217619,msa,train
*CC*,0.5854607295085007,msa,train
*CCCC*,1.1139433523068367,msa,train
*CCCC=C*,2.633468455579586,msa,train
*CCCCO*,1.3521825181113625,msa,train
*CCO*,0.6857417386022636,msa,test
*CCOC(=O)C1=CC=C(C=C1)C(=O)O*,0.4771212547196624,msa,test
*CN1CN(*)CC2=CC3=C(C=C12)C1C2=CC=CC=C2C3C2=C1C=C(*)C(*)=C2,2.7493497605974766,msa,train
*CN1CN(*)CC2=CC3=CC4C5CC(C4C=C3C=C12)C1=CC2=C(C=C51)C=C1N(C*)CN(*)CC1=C2,1.9637878273455551,msa,train
*N1C(=O)C2=C(C=C(C(OC3=CC=CC=C3)=C2)C2=C(OC3=CC=CC=C3)C=C3C(=O)N(C(=O)C3=C2)C2=CC=C(CC3=CC=C(*)C=C3)C=C2)C1=O,-0.0705810742857072,msa,train
*N1C(=O)C2=C(C=C(C(OC3=CC=CC=C3)=C2)C2=C(OC3=CC=CC=C3)C=C3C(=O)N(C(=O)C3=C2)C2=CC=C(OC3=CC=C(*)C=C3)C=C2)C1=O,-0.0705810742857072,msa,train
*N1C(=O)C2=C(C=C(C=C2)C(=O)C2=CC=C3C(=O)N(C(=O)C3=C2)C2=CC(*)=CC=C2)C1=O,-2.065501548756432,msa,train
*N1C(=O)C2=C(C=C(C=C2)C2=CC=C3C(=O)N(C(=O)C3=C2)C2=CC=C(C=C2)S(=O)(=O)C2=CC=C(*)C=C2)C1=O,-1.3990271043132518,msa,train
*N1C(=O)C2=C(C=C(C=C2)C2=CC=C3C(=O)N(C(=O)C3=C2)C2=CC=C(CC3=CC=C(*)C=C3)C=C2)C1=O,-1.6882461389442458,msa,train
*N1C(=O)C2=C(C=C(C=C2)C2=CC=C3C(=O)N(C(=O)C3=C2)C2=CC=C(OC3=CC=C(*)C=C3)C=C2)C1=O,-1.585026652029182,msa,test
*N1C(=O)C2=C(C=C(C=C2)C2=CC=C3C(=O)N(C(=O)C3=C2)C2=CC=C(OC3=CC=C(C=C3)S(=O)(=O)C3=CC=C(OC4=CC=C(*)C=C4)C=C3)C=C2)C1=O,-1.401209493236885,msa,train
*N1C(=O)C2=C(C=C(C=C2)C2=CC=C3C(=O)N(C(=O)C3=C2)C2=CC=C(OC3=CC=C(OC4=CC=C(OC5=CC=C(*)C=C5)C=C4)C=C3)C=C2)C1=O,-1.515700160653214,msa,test
*N1C(=O)C2=C(C=C(C=C2)C2=CC=C3C(=O)N(C(=O)C3=C2)C2=CC=C(SC3=CC=C(*)C=C3)C=C2)C1=O,-1.785156151952302,msa,train
*N1C(=O)C2=C(C=C(OC3=CC=C4C(=O)N(C(=O)C4=C3)C3=CC(*)=CC=C3)C=C2)C1=O,-2.193820026016113,msa,train
*N1C(=O)C2=C(C=C3C(=C2)S(=O)(=O)C2=C(C=C4C(=O)N(C(=O)C4=C2)C2=CC=C(OC4=CC=C(*)C=C4)C=C2)S3(=O)=O)C1=O,-0.744727494896694,msa,test
*N1C(=O)C2=C(C=C3C(=O)N(C(=O)C3=C2)C2=CC=C(CC3=CC=C(*)C=C3)C=C2)C1=O,-1.239200688369282,msa,train
*N1C(=O)C2=C(C=C3C(=O)N(C(=O)C3=C2)C2=CC=C(OC3=CC=C(*)C=C3)C=C2)C1=O,-1.3690638809358096,msa,train
*N1C(=O)C2=C(C=C3C(=O)N(C(=O)C3=C2)C2=CC=CC(OC3=CC(*)=CC=C3)=C2)C1=O,-2.096910013008056,msa,train
*N1C(=O)C2=C(C=C3SC4=C(SC3=C2)C=C2C(=O)N(C(=O)C2=C4)C2=CC=C(OC3=CC=C(*)C=C3)C=C2)C1=O,-1.0861861476162833,msa,train
*N1C(=O)C2=CC3=C(C=C2C1=O)C(=O)N(C3=O)C1=CC=C(OC2=CC=C(*)C=C2)C=C1,-1.0282604091122218,msa,test
*N1C(=O)C2=CC3=C(C=C2C1=O)C(=O)N(C3=O)C1=CC=CC(OC2=CC=C(*)C=C2)=C1,-1.58838029403677,msa,train
*N1C(=O)C2=CC=C(C=C2C1=O)C(=O)C1=CC=C2C(=O)N(C(=O)C2=C1)C1=CC=C(OC2=CC=C(*)C=C2)C=C1,-1.9625735020593764,msa,test
*N1C(=O)C2=CC=C(C=C2C1=O)C1=CC=C2C(=O)N(C(=O)C2=C1)C1=CC=C(C=C1)S(=O)(=O)C1=CC=C(*)C=C1,-1.0705810742857071,msa,train
*N1C(=O)C2=CC=C(C=C2C1=O)C1=CC=C2C(=O)N(C(=O)C2=C1)C1=CC=C(CC2=CC=C(*)C=C2)C=C1,-1.0655015487564323,msa,train
*N1C(=O)C2=CC=C(C=C2C1=O)C1=CC=C2C(=O)N(C(=O)C2=C1)C1=CC=C(OC2=CC=C(*)C=C2)C=C1,-2.00436480540245,msa,test
*N1C(=O)C2=CC=C(OC3=CC=C(OC4=CC5=C(C=C4)C(=O)N(C5=O)C4=CC=C(CC5=CC=C(*)C=C5)C=C4)C=C3)C=C2C1=O,-1.6536470255493614,msa,test
*N1C(=O)C2C=C3C(=O)N(C(=O)C3=CC2C1=O)C1=CC(OC2=CC(*)=CC=C2)=CC=C1,-2.096910013008056,msa,test
*N1C(=O)C2C=CC(=CC2C1=O)C(=O)C1=CC=C2C(=O)N(C(=O)C2=C1)C1=CC=C(C=C1)N(C1=CC=CC=C1)C1=CC=C(*)C=C1,-1.031517051446065,msa,train
*N1C(=O)C2C=CC(=CC2C1=O)C1=CC=C2C(=O)N(C(=O)C2=C1)C1=CC=C(C=C1)N(C1=CC=CC=C1)C1=CC=C(*)C=C1,-0.7825160557860937,msa,train
*N1C(=O)C2C=CC(=CC2C1=O)C1=CC=C2C(=O)N(C(=O)C2=C1)C1=CC=C(C=C1)S(=O)(=O)C1=CC=C(*)C=C1,-1.4559319556497243,msa,train
*N1C(=O)C2C=CC(=CC2C1=O)C1=CC=C2C(=O)N(C(=O)C2=C1)C1=CC=C(CC2=CC=C(*)C=C2)C=C1,-1.408935392973501,msa,test
*N1C(=O)C2C=CC(OC3=CC=C4C(=O)N(C(=O)C4=C3)C3=CC=C(C=C3)N(C3=CC=CC=C3)C3=CC=C(*)C=C3)=CC2C1=O,-1.0705810742857071,msa,train
*N=P(*)(OC1=CC=CC=C1)OC1=CC=CC=C1,0.1139433523068367,msa,train
*NC(=O)C1=CC(=CC=C1)C(=O)NC1=CC=C(C=C1)C1(C2C=CC=CC2C2C=CC=CC12)C1=CC=C(*)C=C1,-0.8927900303521317,msa,test
*NC(=O)C1=CC=C(C=C1)C(=O)NC1=CC=C(C=C1)C1(C2C=CC=CC2C2C=CC=CC12)C1=CC=C(*)C=C1,-0.2612194415156308,msa,train
*NC1=CC=C(*)C=C1,-2.026872146400306,msa,test
*NC1=CC=C(C=C1)C1(C2C=CC=CC2C2C=CC=CC12)C1=CC=C(NC(=O)CN2C(=O)C3=CC=C(C=C3C2=O)C(*)=O)C=C1,-1.769551078621726,msa,train
*NC1=CC=C(C=C1)S(=O)(=O)C1=CC=C(NC(=O)C2=CC(=CC(=C2)C2=CC=CC=C2)C(*)=O)C=C1,-0.958607314841775,msa,train
*NC1=CC=C(C=C1)S(=O)(=O)C1=CC=C(NC(=O)C2=CC(=CC=C2)C(*)=O)C=C1,-1.853871964321762,msa,train
*NC1=CC=C(CC2=CC=C(NC(=O)CN3C(=O)C4=CC=C(C=C4C3=O)C(*)=O)C=C2)C=C1,-2.0,msa,test
*NC1=CC=C(OC2=CC=C(OC3=CC=C(NC(=O)CN4C(=O)C5=CC=C(C=C5C4=O)C(*)=O)C=C3)C=C2)C=C1,-1.8239087409443189,msa,test
*OC(=O)OC1=CC=C(C=C1)C1(C2=C(C=CC=C2)C2=C1C=CC=C2)C1=CC=C(*)C=C1,-0.2358238676096692,msa,train
*OC(=O)OC1=CC=C(C=C1)C1(CC2CCC1C2)C1=CC=C(*)C=C1,-0.3187587626244128,msa,test
*OC(=O)OC1=CC=C(C=C1)C1(CCCCC1)C1=CC=C(*)C=C1,-1.0362121726544449,msa,train
*OC1=C(C=C(*)C=C1C1=CC=CC=C1)C1=CC=CC=C1,0.4313637641589873,msa,train
*OC1=C2C=CC=C(OC3=CC=C(C=C3)S(=O)(=O)C3=CC=C(*)C=C3)C2=CC=C1,-1.4436974992327127,msa,train
*OC1=CC2=C(C=C1O*)C1(C3=C2C=CC=C3)C2=C(C=CC=C2)C2=C1C=C1OC3=C(OC1=C2)C(C#N)=C(*)C(*)=C3C#N,2.967079734144497,msa,test
*OC1=CC=C(C(=O)C2=CC=C(OC3=CC=C(C=C3)C3(C4C=CC=CC4C4C=CC=CC34)C3=CC=C(*)C=C3)C=C2)C2=C1C=CC=C2,-0.7166987712964504,msa,test
*OC1=CC=C(C=C1)C(=O)C1=CC(=CC=C1)C1=CC(=CC=C1)C(=O)C1=CC=C(OC2=CC=C(C=C2)C2(C3C=CC=CC3C3C=CC=CC23)C2=CC=C(*)C=C2)C=C1,-1.259637310505756,msa,test
*OC1=CC=C(C=C1)C(=O)C1=CC=C(C=C1)C1=CC=C(C=C1)C(=O)C1=CC=C(OC2=CC=C(C=C2)S(=O)(=O)C2=CC=C(*)C=C2)C=C1,-0.9208187539523752,msa,train
*OC1=CC=C(C=C1)C1(C2=C(C=CC=C2)C2=C1C=CC=C2)C1=CC=C(OC(=O)C2=CC=CC(=C2)C(*)=O)C=C1,-0.1487416512809247,msa,train
*OC1=CC=C(C=C1)C1(C2C=CC=CC2C2C=CC=CC12)C1=CC=C(OC2=CC=C(C=C2)S(=O)(=O)C2=CC=C(*)C=C2)C=C1,-0.2749054789185309,msa,test
*OC1=CC=C(C=C1)C1(C2CC3CC(C2)CC1C3)C1=CC=C(OC2=CC=C(C=C2)S(=O)(=O)C2=CC=C(*)C=C2)C=C1,-0.4854522473397139,msa,test
*OC1=CC=C(C=C1)C1(NC(=O)C2C=CC=CC12)C1=CC=C(OC2=CC=C(C=C2)C(=O)C2=CC=C(*)C=C2)C=C1,-1.1611509092627446,msa,train
*OC1=CC=C(C=C1)C1(OC(=O)C2=C1C=CC=C2)C1=CC=C(OC(=O)C2=CC=CC(=C2)C(*)=O)C=C1,-0.4762535331884355,msa,train
*OC1=CC=C(C=C1)C1(OC(=O)C2=C1C=CC=C2)C1=CC=C(OC2=CC=C(C=C2)S(=O)(=O)C2=CC=C(*)C=C2)C=C1,-0.8446639625349383,msa,train
*OC1=CC=C(C=C1)C1(OC(=O)C2=CC=CC=C12)C1=CC=C(OC(=C)C2=CC=C(C=C2)C2=CC=C(C=C2)C(*)=O)C=C1,-0.4377071355435253,msa,test
*OC1=CC=C(C=C1)C1(OC(=O)C2C=CC=CC12)C1=CC=C(OC2=CC=C(C=C2)C(=O)C2=CC=C(*)C=C2)C=C1,-1.0851281824599497,msa,train
*OC1=CC=C(C=C1)C1(OC(=O)C2C=CC=CC12)C1=CC=C(OC2=CC=C(C=C2)C(=O)C2=CC=C(C=C2)C(=O)C2=CC=C(*)C=C2)C=C1,-1.2487208960166578,msa,train
*OC1=CC=C(C=C1)C12CC3CC(C1)CC(C3)(C2)C1=CC=C(OC2=CC=C(C=C2)S(=O)(=O)C2=CC=C(*)C=C2)C=C1,-0.4023048140744877,msa,train
*OC1=CC=C(C=C1)C1=CC=C(OC2=CC=C(C=C2)S(=O)(=O)C2=CC=C(*)C=C2)C=C1,-0.6020599913279624,msa,test
*OC1=CC=C(C=C1)C1=NN(C(=O)C2C=CC=CC12)C1=CC=C(C=C1)C(=O)C1=CC=C(*)C=C1,-1.3767507096020994,msa,train
*OC1=CC=C(C=C1)S(=O)(=O)C1=CC=C(OC2=CC3=CC(*)=CC=C3C=C2)C=C1,-1.3010299956639813,msa,train
*OC1=CC=C(C=C1)S(=O)(=O)C1=CC=C(OC2=CC3=CC=C(*)C=C3C=C2)C=C1,-1.4365189146055894,msa,train
*OC1=CC=C(C=C1)S(=O)(=O)C1=CC=C(OC2=CC=C(C=C2)C2(C3=C(C=CC=C3)C3=C2C=CC=C3)C2=CC=C(*)C=C2)C=C1,-0.2749054789185309,msa,train
*OC1=CC=C(C=C1)S(=O)(=O)C1=CC=C(OC2=CC=C(C=C2)C2=CC=C(*)C=C2)C=C1,-0.5934598195660449,msa,train
*OC1=CC=C(C=C1)S(=O)(=O)C1=CC=C(OC2=CC=C(OC3=CC=C(*)C=C3)C=C2)C=C1,-0.7471469690201069,msa,train
*OC1=CC=C(C=C1)S(=O)(=O)C1=CC=C(OC2=CC=CC3=C(*)C=CC=C23)C=C1,-1.438898616350944,msa,train
*OC1=CC=C(C=C1O*)C1=C(C2=CC=C(C=C2)C#N)C(C2=CC=C(C=C2)C#N)=C(C2=CC=C3OC4=C(OC3=C2)C(C#N)=C(*)C(*)=C4C#N)C(C2=CC=C(C=C2)C#N)=C1C1=CC=C(C=C1)C#N,1.9684829485539352,msa,train
*OC1=CC=C(OC2=CC=C(C=C2)C(=O)C2=CC=C(*)C=C2)C=C1,-1.5072396109731625,msa,train
*OC1=CC=C(OC2=CC=C(OC3=CC=C(C=C3)S(=O)(=O)C3=CC=C(*)C=C3)C=C2)C=C1,-0.744727494896694,msa,train
*OCCCCCC(*)=O,0.1958996524092337,msa,test
*SC1=CC=C(*)C=C1,-1.1804560644581312,msa,train
BrC1=CC(*)=CC=C1CC1=C(Br)C=C(C=C1)N1C(=O)C2=CC=C(C=C2C1=O)C1=CC2=C(C=C1)C(=O)N(*)C2=O,-2.2676062401770314,msa,train
BrC1=CC(=CC(Br)=C1O*)C1(C2C=CC=CC2C2C=CC=CC12)C1=CC(Br)=C(OC(=O)C2=CC=CC(=C2)C(*)=O)C(Br)=C1,-0.2464169411070934,msa,train
BrC1=CC(=CC(Br)=C1O*)C1(OC(=O)C2=C1C=CC=C2)C1=CC(Br)=C(OC(=O)C2=CC=CC(=C2)C(*)=O)C(Br)=C1,-0.6861327796308466,msa,train
BrC1=CC=C(C=C1)C(*)C*,-0.3187587626244128,msa,train
BrC1=CC=C(C=C1)C1=C(C2=CC=C(Br)C=C2)C(C2=CC=C3OC4=C(OC3=C2)C(C#N)=C(*)C(*)=C4C#N)=C(C2=CC=C(Br)C=C2)C(C2=CC=C(Br)C=C2)=C1C1=CC=C(O*)C(O*)=C1,2.0086001717619175,msa,train
BrC1=CC=C(OP(*)(OC2=CC=C(Br)C=C2)=N*)C=C1,-0.4559319556497244,msa,test
CC(*)(C*)C(=O)OCC(F)(F)C(F)(F)C(F)(F)C(F)(F)C(F)(F)C(F)(F)C(F)(F)F,1.146128035678238,msa,test
CC(*)(C*)C1=CC=CC=C1,-0.8538719643217619,msa,test
CC(*)=C(*)C1=CC=CC=C1,0.7160033436347992,msa,train
CC(*)=C(*)[Si](C)(C)C,4.161368002234975,msa,train
CC(=O)OC1=CC=C(C=C1)C(*)C*,-0.00436480540245,msa,train
CC(=O)OC1=CC=C2C=C(C=CC2=C1C1=C(OC(C)=O)C=CC2=CC(*)=CC=C12)N1C(=O)C2=C(C=C(C=C2)C(=O)C2=CC3=C(C=C2)C(=O)N(*)C3=O)C1=O,-1.0969100130080565,msa,train
CC(=O)OC1=CC=C2C=C(C=CC2=C1C1=C(OC(C)=O)C=CC2=CC(*)=CC=C12)N1C(=O)C2=C(C=C(C=C2)C(C2=CC3=C(C=C2)C(=O)N(*)C3=O)(C(F)(F)F)C(F)(F)F)C1=O,-0.9208187539523752,msa,train
CC(=O)OC1=CC=C2C=C(C=CC2=C1C1=C(OC(C)=O)C=CC2=CC(*)=CC=C12)N1C(=O)C2=C(C=C(OC3=CC4=C(C=C3)C(=O)N(*)C4=O)C=C2)C1=O,-1.3010299956639813,msa,train
CC(=O)OC1C(*)C(COC(=O)NC(C)(C)C)OC(O*)C1OC(C)=O,0.1461280356782379,msa,train
CC(=O)OC1OC(O*)C(OC(C)=O)C(O)C1*,-0.8239087409443188,msa,test
CC(=O)OC1OC(O*)C(OC(C)=O)C(OC(C)=O)C1*,-0.6989700043360187,msa,train
CC(C)(C)C1=CC(*)=CC(=C1)C1=NC2=C(N1)C=CC(=C2)C1=CC2=C(NC(*)=N2)C=C1,-1.3010299956639813,msa,test
CC(C)(C)C1=CC(=CC(=C1)C(=O)NC1=CC=C(C=C1)C1(C2C=CC=CC2C2C=CC=CC12)C1=CC=C(*)C=C1)C(=O)N*,0.1889284837608534,msa,train
CC(C)(C)C1=CC(=CC(=C1)C(=O)OC1=C(Br)C=C(C=C1Br)C(C)(C)C1=CC(Br)=C(O*)C(Br)=C1)C(*)=O,-0.0690509688324769,msa,train
CC(C)(C)C1=CC(=CC(=C1)C(=O)OC1=C(Br)C=C(C=C1Br)C(C1=CC(Br)=C(O*)C(Br)=C1)(C(F)(F)F)C(F)(F)F)C(*)=O,0.5263392773898441,msa,train
CC(C)(C)C1=CC(=CC(=C1)C(=O)OC1=C(Br)C=C(C=C1Br)C1(C2C=CC=CC2C2C=CC=CC12)C1=CC(Br)=C(O*)C(Br)=C1)C(*)=O,0.4424797690644485,msa,train
CC(C)(C)C1=CC(=CC(=C1)C(=O)OC1=C(Br)C=C(C=C1Br)C1(OC(=O)C2=C1C=CC=C2)C1=CC(Br)=C(O*)C(Br)=C1)C(*)=O,0.0374264979406236,msa,train
CC(C)(C)C1=CC(=CC(=C1)C(=O)OC1=C(Br)C=C(C=C1Br)C1(OC(=O)C2C=CC=CC12)C1=CC(Br)=C(O*)C(Br)=C1)C(*)=O,0.0374264979406236,msa,train
CC(C)(C)C1=CC(=CC(OP(Cl)(*)=NP(OC2=CC(=CC(=C2)C(C)(C)C)C(C)(C)C)(OC2=CC(=CC(=C2)C(C)(C)C)C(C)(C)C)=N*)=C1)C(C)(C)C,0.6989700043360189,msa,train
CC(C)(C)C1=CC(OC2=CC=C(C=C2)C(=O)C2=CC=C(*)C=C2)=CC=C1O*,-0.6556077263148893,msa,train
CC(C)(C)C1=CC(OC2=CC=C(C=C2)C(=O)NC2=CC=C(C=C2)C(C)(C)C2=CC=C(N*)C=C2)=C(C=C1OC1=CC=C(C=C1)C(*)=O)C(C)(C)C,-0.3279021420642826,msa,train
CC(C)(C)C1=CC(OC2=CC=C(C=C2)C(=O)NC2=CC=C(C=C2)C(C2=CC=C(N*)C=C2)(C(F)(F)F)C(F)(F)F)=C(C=C1OC1=CC=C(C=C1)C(*)=O)C(C)(C)C,0.093421685162235,msa,train
CC(C)(C)C1=CC2=C(C=C1)C1=C(C=C(C=C1)C(C)(C)C)C2(C1=CC=C(*)C=C1)C1=CC=C(C=C1)N1C(=O)C2=C(C=C(C=C2)C(C2=CC3=C(C=C2)C(=O)N(*)C3=O)(C(F)(F)F)C(F)(F)F)C1=O,1.1643528557844371,msa,test
CC(C)(C)C1=CC=C(C=C1)C(*)=C(*)C1=CC=C(O)C=C1,1.662757831681574,msa,test
CC(C)(C)C1=CC=C(C=C1)C(*)=C(*)C1=CC=C(O[Si](C)(C)C(C)(C)C)C=C1,2.7323937598229686,msa,test
CC(C)(C)C1=CC=C(C=C1)C(*)=C(*)C1=CC=CC(O)=C1,2.690196080028514,msa,train
CC(C)(C)C1=CC=C(C=C1)C(*)=C(*)C1=CC=CC(O[Si](C)(C)C(C)(C)C)=C1,3.5185139398778875,msa,test
CC(C)(C)C1=CC=C(C=C1)C(*)C*,1.2227164711475833,msa,test
CC(C)(C)C1=CC=C(C=C1)C1=CC=C(C=C1)C(*)=C(*)C1=CC=C(C=C1)[Si](C)(C)C,2.863322860120456,msa,train
CC(C)(C)C1=CC=C(C=C1)C1=CC=C(C=C1)C(*)=C(*)C1=CC=CC=C1,2.278753600952829,msa,train
CC(C)(C)C1=CC=C(OC2=CC3=C(C=C2C2=C(OC4=CC=C(C=C4)C(C)(C)C)C=C4C(=O)N(C(=O)C4=C2)C2=CC=C(OC4=CC=C(*)C=C4)C=C2)C(=O)N(*)C3=O)C=C1,0.4996870826184038,msa,train
CC(C)(C)C1=CC=C(OP(*)(OC2=CC=C(C=C2)C(C)(C)C)=N*)C=C1,0.2304489213782739,msa,train
CC(C)(C)COP(*)(OCC(C)(C)C)=N*,0.8756399370041684,msa,train
CC(C)(C)OC(=O)C(C)(*)C*,-0.1432711096171174,msa,train
CC(C)(C)[Si](C)(C)OC1=CC(=CC=C1)C(*)=C(*)C1=CC=C(C=C1)[Si](C)(C)C,3.041392685158225,msa,train
CC(C)(C)[Si](C)(C)OC1=CC=C(C=C1)C(*)=C(*)C1=CC=C(C=C1)[Si](C)(C)C,3.041392685158225,msa,train
CC(C)(C)[Si](C)(C)OC1=CC=C(C=C1)C(*)=C(*)C1=CC=C(F)C=C1,2.146128035678238,msa,test
CC(C)(C)[Si](C)(C)OC1=CC=CC(=C1)C(*)=C*,1.0791812460476249,msa,train
CC(C)(C1=CC(Br)=C(*)C(Br)=C1)C1=CC(Br)=C(OC(=O)O*)C(Br)=C1,-0.910094888560602,msa,train
CC(C)(C1=CC(Br)=C(O*)C(Br)=C1)C1=CC(Br)=C(OC(=O)C2=CC=CC(=C2)C(*)=O)C(Br)=C1,-0.8477116556169436,msa,test
CC(C)(C1=CC(Cl)=C(*)C(Cl)=C1)C1=CC(Cl)=C(OC(=O)O*)C(Cl)=C1,-0.6516951369518393,msa,train
CC(C)(C1=CC2N=C(*)OC2C=C1)C1=CC=C2OC(=NC2=C1)C1=CC=C(C=C1)C(=O)C1=CC=C(*)C=C1,-1.0655015487564323,msa,train
CC(C)(C1=CC=C(*)C=C1)C1=CC(=CC=C1)N1C(=O)C2=CC=C(C=C2C1=O)C(C1=CC=C2C(=O)N(*)C(=O)C2=C1)(C(F)(F)F)C(F)(F)F,-0.6635402661514705,msa,train
CC(C)(C1=CC=C(*)C=C1)C1=CC(CN)=C(OC2=CC=C(C=C2)S(=O)(=O)C2=CC=C(O*)C=C2)C=C1,-0.958607314841775,msa,train
CC(C)(C1=CC=C(*)C=C1)C1=CC(CN2C(=O)C3=C(C=CC=C3)C2=O)=C(OC2=CC=C(C=C2)S(=O)(=O)C2=CC=C(O*)C=C2)C=C1,-1.0969100130080565,msa,train
CC(C)(C1=CC=C(*)C=C1)C1=CC(N)=C(OC2=CC=C(C=C2)S(=O)(=O)C2=CC=C(O*)C=C2)C=C1,-0.9208187539523752,msa,train
CC(C)(C1=CC=C(*)C=C1)C1=CC=C(C=C1)C1=NC2=C(N1)C=CC(=C2)C1=CC2=C(NC(*)=N2)C=C1,-1.154901959985743,msa,test
CC(C)(C1=CC=C(*)C=C1)C1=CC=C(C=C1)N1C(=O)C2=C(C=C(C=C2)C(C2=CC3=C(C=C2)C(=O)N(*)C3=O)(C(F)(F)F)C(F)(F)F)C1=O,-0.1567672219019906,msa,train
CC(C)(C1=CC=C(*)C=C1)C1=CC=C(C=C1)N1C(=O)C2=C(C=C(C=C2)C(C2=CC=C3C(=O)N(*)C(=O)C3=C2)(C(F)(F)F)C(F)(F)F)C1=O,-0.1549019599857432,msa,train
CC(C)(C1=CC=C(*)C=C1)C1=CC=C(C=C1)N1C(=O)C2=C(C=C(OC3=CC=C(OC4=CC=C5C(=O)N(*)C(=O)C5=C4)C=C3)C=C2)C1=O,-1.1598939055432422,msa,test
CC(C)(C1=CC=C(*)C=C1)C1=CC=C(C=C1)N1C(=O)C2=CC3=C(C=C2C1=O)C(=O)N(*)C3=O,-0.0450342689415792,msa,train
CC(C)(C1=CC=C(*)C=C1)C1=CC=C(OC2=CC=C(C=C2)C(=O)C2=CC=C(C=C2)C2=CC=C(C=C2)C(=O)C2=CC=C(O*)C=C2)C=C1,-0.8538719643217619,msa,train
CC(C)(C1=CC=C(*)C=C1)C1=CC=C(OC2=CC=C(C=C2)S(=O)(=O)C2=CC=C(C=C2)C2=CC=C(C=C2)S(=O)(=O)C2=CC=C(O*)C=C2)C=C1,-0.3010299956639812,msa,train
CC(C)(C1=CC=C(*)C=C1)C1=CC=C(OC2=CC=C(C=C2)S(=O)(=O)C2=CC=C(O*)C=C2)C=C1,-0.5892227666227902,msa,train
CC(C)(C1=CC=C(C=C1)C(=O)C1=CC=C(*)C=C1)C1=CC=C(C=C1)C(=O)C1=CC=C(OC2=CC=C(C=C2)C(C2=CC=C(O*)C=C2)(C(F)(F)F)C(F)(F)F)C=C1,-0.4621809049267259,msa,train
CC(C)(C1=CC=C(O*)C=C1)C1=CC(=CC=C1)C(C)(C)C1=CC=C(OC2=CC=C(C=C2)S(=O)(=O)C2=CC=C(*)C=C2)C=C1,-0.9546770212133424,msa,test
CC(C)(C1=CC=C(O*)C=C1)C1=CC=C(C=C1)C(C)(C)C1=CC=C(OC2=CC=C(C=C2)S(=O)(=O)C2=CC=C(*)C=C2)C=C1,-0.4685210829577448,msa,train
CC(C)(C1=CC=C(O*)C=C1)C1=CC=C(OC(*)=O)C=C1,-0.4801720062242812,msa,train
CC(C)(C1=CC=C(O*)C=C1)C1=CC=C(OC(=O)C2=CC=C(C=C2)C(*)=O)C=C1,-0.1687703061329366,msa,train
CC(C)(C1=CC=C(O*)C=C1)C1=CC=C(OC(=O)C2=CC=C(C=C2)C(=O)OC2=CC(C3=CC(*)=CC4=C3C=CC=C4)=C3C=CC=CC3=C2)C=C1,-0.3269790928711038,msa,train
CC(C)(C1=CC=C(O*)C=C1)C1=CC=C(OC(=O)C2=CC=CC(=C2)C(*)=O)C=C1,-0.570247719997592,msa,train
CC(C)(C1=CC=C(O*)C=C1)C1=CC=C(OC(=O)C2=CC=CC(=C2)C(=O)OC2=CC(C3=CC(*)=CC4=C3C=CC=C4)=C3C=CC=CC3=C2)C=C1,-0.8297382846050426,msa,train
CC(C)(C1=CC=C(O*)C=C1)C1=CC=C(OC2=C(F)C(F)=C(COC(C3CCCC(C3)C(OCC3=C(F)C(F)=C(*)C(F)=C3F)(C(F)(F)F)C(F)(F)F)(C(F)(F)F)C(F)(F)F)C(F)=C2F)C=C1,-0.494850021680094,msa,train
CC(C)(C1=CC=C(O*)C=C1)C1=CC=C(OC2=CC3=C(C=C2)C(=O)N(C3=O)C2=CC=C(C=C2)N2C(=O)C3=C(C=C(*)C=C3)C2=O)C=C1,-1.3979400086720375,msa,train
CC(C)(C1=CC=C(O*)C=C1)C1=CC=C(OC2=CC3=C(C=C2)C(=O)N(C3=O)C2=CC=CC(=C2)N2C(=O)C3=C(C=C(*)C=C3)C2=O)C=C1,-1.448550002027125,msa,train
CC(C)(C1=CC=C(O*)C=C1)C1=CC=C(OC2=CC=C(C=C2)C(=O)C2=CC=C(*)C=C2)C=C1,-0.744727494896694,msa,test
CC(C)(C1=CC=C(O*)C=C1)C1=CC=C(OC2=CC=C(C=C2)C(=O)C2=CC=C(C=C2)C(=O)C2=CC=C(*)C=C2)C=C1,-1.0757207139381184,msa,train
CC(C)(C1=CC=C(O*)C=C1)C1=CC=C(OC2=CC=C(C=C2)C(=O)C2=CC=C(C=C2)C(C)(C)C2=CC=C(C=C2)C(=O)C2=CC=C(*)C=C2)C=C1,-0.6575773191777937,msa,test
CC(C)(C1=CC=C(O*)C=C1)C1=CC=C(OC2=CC=C(C=C2)S(=O)(=O)C2=C3C=CC=CC3=C(*)C=C2)C=C1,-1.0969100130080565,msa,train
CC(C)(C1=CC=C(O*)C=C1)C1=CC=C(OC2=CC=C(C=C2)S(=O)(=O)C2=CC=C(*)C=C2)C=C1,-0.6020599913279624,msa,train
CC(C)(C1=CC=C(O*)C=C1)C1=CC=C(OCCC(O)*)C=C1,-1.6989700043360187,msa,train
CC(C)(C1=CC=C(OC2=CC3=C(C=C2)C(=O)N(C3=O)C2=CC=C(C=C2)C2=CC(=C(OC3=CC4=C(C=C3)C(C)(C)CC43CC(C)(C)C4=C3C=C(OC3=CC=C(C=C3C(F)(F)F)C3=CC=C(*)C=C3)C=C4)C=C2)C(F)(F)F)C=C1)C1=CC=C(OC2=CC=C3C(=O)N(*)C(=O)C3=C2)C=C1,-0.4559319556497244,msa,train
CC(C)(C1=CC=C(OC2=CC3=C(C=C2)C(O)N(*)C3O)C=C1)C1=CC=C(OC2=CC3=C(C=C2)C(=O)N(C3=O)C2=CC=C(C=C2)C2=CC=C(OC3=CC=C(C=C3)C3(C)CC(C)(C)C4=C3C=C(OC3=CC=C(C=C3C(F)(F)F)C3=CC=C(*)C=C3)C=C4)C(=C2)C(F)(F)F)C=C1,0.1398790864012364,msa,test
CC(C)(C1=CC=C(OC2=CC3C(C=C2)C(=O)N(*)C3=O)C=C1)C1=CC=C(OC2=CC=C3C(=O)N(C(=O)C3=C2)C2=CC=C(C=C2)C2=CC=C(OC3=CC=C(C=C3)C3(C4=C(C=CC=C4)C4=C3C=CC=C4)C3=CC=C(OC4=CC=C(C=C4C(F)(F)F)C4=CC=C(*)C=C4)C=C3)C(=C2)C(F)(F)F)C=C1,0.0043213737826425,msa,test
CC(C)(C1=CC=C(OC2=CC=C(*)C=C2)C=C1)C1=CC=C(OC2=CC=C(C=C2)N2C(=O)C3=CC=C(C=C3C2=O)C2=CC3=C(C=C2)C(=O)N(*)C3=O)C=C1,-1.0726296369609765,msa,train
CC(C)(C1=CC=C(OC2=CC=C(C=C2)S(=O)(=O)C2=CC=C(*)C=C2)C=C1)C1=CC=CC(O*)=C1,-1.2839966563652008,msa,train
CC(C)(C1=CC=C(OC2=CC=C(C=C2)S(=O)(=O)C2=CC=C(O*)C=C2)C=C1)C1=CC(*)=CC=C1,-1.3645162531850878,msa,train
CC(C)(C1=CC=C(OC2=CC=C(N*)C=C2)C=C1)C1=CC=C(OC2=CC=C(NC(=O)C3=CC4C(C=C3)C(C)(CC4(C)C)C3=CC=C(C=C3)C(*)=O)C=C2)C=C1,-0.4814860601221125,msa,train
CC(C)(C1=CC=C(OC2=CC=C3C(=O)N(*)C(=O)C3=C2)C=C1)C1=CC=C(OC2=CC=C3C(=O)N(C(=O)C3=C2)C2=CC=C(C=C2)C2=CC(=C(OC3=CC=C(C=C3)C3(N(C(=O)C4=C3C=CC=C4)C3=CC=CC=C3)C3=CC=C(OC4=CC=C(C=C4C(F)(F)F)C4=CC=C(*)C=C4)C=C3)C=C2)C(F)(F)F)C=C1,-0.0757207139381183,msa,train
CC(C)C(*)=C(C)*,3.429752280002408,msa,train
CC(C)C12C3=C(C=CC=C3)C(C(C)C)(C3=C1C=C(*)C(*)=C3)C1=C2C=C2OC3=C(OC2=C1)C=C1C(=O)N(C(=O)C1=C3)C1=C(C)C(C)=C(N2C(=O)C3=C(C=C(O*)C(O*)=C3)C2=O)C(C)=C1C,1.9226216715231992,msa,train
CC(C)C12C3=C(C=CC=C3)C(C(C)C)(C3=C1C=C(*)C(*)=C3)C1=C2C=C2OC3=C(OC2=C1)C=C1N=C(*)C(*)=NC1=C3,0.8615344108590378,msa,train
CC(C)C12C3=C(C=CC=C3)C(C(C)C)(C3=C1C=C1N(*)CN(C*)C1=C3)C1=C2C=C(*)C(*)=C1,2.3333464984243864,msa,train
CC(C)C12C3=C(C=CC=C3)C(C(C)C)(C3=C1C=C1OC4=C(OC1=C3)C=C1C(=O)N(*)C(=O)C1=C4)C1=C2C=C2OC3=C(OC2=C1)C=C1C(=O)N(C(=O)C1=C3)C1=C(C)C2=C(C=C1C)C1C3=C(C=CC=C3)C2C2=C1C=C(C)C(*)=C2C,2.59659709562646,msa,train
CC(C)C12C3=CC4=C(C=C3C(C(C)C)(C3=C1C=CC=C3)C1=C2C=C2C(=O)N(C(=O)C2=C1)C1=C2C=CC=CC2=C(C=C1C)C1=CC(C)=C(*)C2=C1C=CC=C2)C(=O)N(*)C4=O,2.279894980011638,msa,train
CC(C)C1=C(O*)C=CC(=C1)C(C1C=CC=CC1C(O)=O)C1=CC(C(C)C)=C(OC2=CC=C(C=C2)C(=O)C2=CC=C(*)C=C2)C=C1,0.1303337684950061,msa,train
CC(C)C1=CC(=C(C)C=C1O*)C1(OC(=O)C2=C1C=CC=C2)C1=CC(C(C)C)=C(OC2=CC=C(C=C2)S(=O)(=O)C2=CC=C(*)C=C2)C=C1C,-0.0324520237811379,msa,train
CC(C)C1=CC(=C(C)C=C1O*)C1(OC(=O)C2C=CC=CC12)C1=C(C)C=C(OC2=CC=C(C=C2)C(=O)C2=CC=C(*)C=C2)C(=C1)C(C)C,0.0374264979406236,msa,train
CC(C)C1=CC(C(C2=CC(C(C)C)=C(OC3=CC=C(C=C3)S(=O)(=O)C3=CC=C(*)C=C3)C=C2C)C2=C(C=CC=C2)C(O)=O)=C(C)C=C1O*,0.0530784434834196,msa,train
CC(C)C1=CC(CC2=CC(C(C)C)=C(NC(=O)C3=CC=C(OC4=C(C=C(OC5=CC=C(C=C5)C(*)=O)C(=C4)C(C)(C)C)C(C)(C)C)C=C3)C(C)=C2)=CC(C)=C1N*,0.08278537031645,msa,train
CC(C)CC(*)=C(C)*,2.278753600952829,msa,test
CC(C)CCC(*)=C(C)*,2.0492180226701815,msa,train
CC(C)COP(*)(OCC(C)C)=N*,1.9943171526696368,msa,train
CC(C)O[Si](C)(C)C(C*)=CC*,0.4913616938342727,msa,train
CC(C)O[Si](C)(OC(C)C)C(C*)=CC*,1.8007170782823851,msa,train
CC(C)O[Si](OC(C)C)(OC(C)C)C(C*)=CC*,2.419955748489758,msa,test
CC(C)[Si](C(C)C)(C(C)C)C1=CC=C(C=C1)C(*)=C(*)C1=CC=CC=C1,2.4983105537896004,msa,train
CC(C)[Si](C)(C)C(\*)=C(\C)*,2.5563025007672873,msa,train
CC(C*)C(=O)OC(C)C(*)=O,0.0,msa,train
CC(C*)C(=O)OCCOC(=O)C(C)C*,0.6812412373755872,msa,train
CC(C*)O*,1.5314789170422551,msa,test
CC(C1=CC=CC=C1)(C1=CC=C(*)C=C1)C1=CC=C(OC2=CC=C(C=C2)S(=O)(=O)C2=CC=C(O*)C=C2)C=C1,-0.494850021680094,msa,test
CC(C1=CC=CC=C1)(C1=CC=C(O*)C=C1)C1=CC=C(OC(=O)C2=CC=CC(=C2)C(*)=O)C=C1,-0.2291479883578558,msa,test
CC(C1=CC=CC=C1)(C1=CC=C(O*)C=C1)C1=CC=C(OC2=CC=C(C=C2)S(=O)(=O)C2=CC=C(*)C=C2)C=C1,-0.494850021680094,msa,test
CC(C1=CC=CC=C1)(C1=CC=CC=C1)C1=CC=C(OC(=O)O*)C=C1,-0.3777859770337047,msa,test
CC(CCNC(=O)C1=CC=C(C=C1)C(*)=O)CC(C)(C)CN*,-1.744727494896694,msa,train
CC1(C)C2=CC(=CC=C2C2=C1C=C(Br)C=C2)C(*)=C(*)C1=CC=CC=C1,3.4771212547196626,msa,test
CC1(C)C2=CC(=CC=C2C2=C1C=C(C=C2)[Si](C)(C)C)C(*)=C(*)C1=CC=CC=C1,4.0,msa,train
CC1(C)C2=CC(=CC=C2C2=C1C=CC=C2)C(*)=C(*)C1=CC=C(C=C1)[Si](C)(C)C,2.6989700043360187,msa,train
CC1(C)C2=CC(=CC=C2C2=C1C=CC=C2)C(*)=C(*)C1=CC=CC=C1,3.9590413923210934,msa,train
CC1(C)C2=CC=C(C=C2C(C)(C)C1(C)C)C(*)=C(*)C1=CC=CC=C1,4.392696953259666,msa,train
CC1(C)CC(C)(C)C2=CC(=CC=C12)C(*)=C(*)C1=CC(F)=C(F)C=C1,4.544068044350276,msa,train
CC1(C)CC(C)(C)C2=CC(=CC=C12)C(*)=C(*)C1=CC(F)=CC(F)=C1,4.463892988985907,msa,train
CC1(C)CC(C)(C)C2=CC(=CC=C12)C(*)=C(*)C1=CC(F)=CC=C1,4.444044795918076,msa,train
CC1(C)CC(C)(C)C2=CC(=CC=C12)C(*)=C(*)C1=CC=C(Br)C=C1,4.350248018334163,msa,train
CC1(C)CC(C)(C)C2=CC(=CC=C12)C(*)=C(*)C1=CC=C(Cl)C=C1,4.3560258571931225,msa,train
CC1(C)CC(C)(C)C2=CC(=CC=C12)C(*)=C(*)C1=CC=C(F)C=C1,4.535294120042771,msa,train
CC1(C)CC(C)(C)C2=CC(=CC=C12)C(*)=C(*)C1=CC=CC=C1,4.463892988985907,msa,train
CC1(C)CC(C)(C2=C1C=C(*)C(*)=C2)C1=CC=C(C=C1)N1C(=O)C2=CC=C(C=C2C1=O)C(=O)C1=CC2C(C=C1)C(=O)N(*)C2=O,-0.6777807052660807,msa,train
CC1(C)CC(C)(C2=C1C=C(Br)C(*)=C2)C1=CC=C(C=C1)N1C(=O)C2=CC=C(C=C2C1=O)C(=O)C1=CC2C(C=C1)C(=O)N(*)C2=O,-0.3565473235138126,msa,train
CC1(C)CC(C)(C2=C1C=CC(OC1=CC=C(C=C1C(F)(F)F)C1=CC=C(*)C=C1)=C2)C1=CC=C(OC2=CC=C(C=C2C(F)(F)F)C2=CC=C(C=C2)N2C(=O)C3=C(C=C(C=C3)C(=O)C3=CC4=C(C=C3)C(O)N(*)C4O)C2=O)C=C1,-0.0555173278498313,msa,train
CC1(C)CC(C)(C2=C1C=CC(OC1=CC=C(C=C1C(F)(F)F)C1=CC=C(*)C=C1)=C2)C1=CC=C(OC2=CC=C(C=C2C(F)(F)F)C2=CC=C(C=C2)N2C(=O)C3=C(C=C(C=C3)C(C3=CC4=C(C=C3)C(O)N(*)C4O)(C(F)(F)F)C(F)(F)F)C2=O)C=C1,0.2095150145426309,msa,train
CC1(C)CC(C)(C2=C1C=CC(OC1=CC=C(C=C1C(F)(F)F)C1=CC=C(*)C=C1)=C2)C1=CC=C(OC2=CC=C(C=C2C(F)(F)F)C2=CC=C(C=C2)N2C(=O)C3=C(C=C(OC4=CC5=C(C=C4)C(O)N(*)C5O)C=C3)C2=O)C=C1,-0.0087739243075051,msa,test
CC1(C)CC(C)(C2=C1C=CC(OC1=CC=C(C=C1C(F)(F)F)C1=CC=C(*)C=C1)=C2)C1=CC=C(OC2=CC=C(C=C2C(F)(F)F)C2=CC=C(C=C2)N2C(=O)C3=C(C=C4C(=O)N(*)C(=O)C4=C3)C2=O)C=C1,0.1818435879447725,msa,train
CC1(C)CC(C)(C2C=C(*)C=CC12)C1=CC=C(C=C1)C1=NN=C(*)O1,0.5538830266438743,msa,train
CC1(C)CC(C)(C2C=CC(=CC12)C(=O)NC1=C2C=CC=C(N*)C2=CC=C1)C1=CC=C(C=C1)C(*)=O,-1.0457574905606752,msa,train
CC1(C)CC(C)(C2C=CC(=CC12)C(=O)NC1=CC=C(C2=C(C=C(N*)C=C2)C(F)(F)F)C(=C1)C(F)(F)F)C1=CC=C(C=C1)C(*)=O,-0.0457574905606751,msa,train
CC1(C)CC(C)(C2C=CC(=CC12)C(=O)NC1=CC=C(N*)C=C1)C1=CC=C(C=C1)C(*)=O,-0.744727494896694,msa,train
CC1(C)CC(C)(C2C=CC(=CC12)C(=O)NC1=CC=C(OC2=CC=C(N*)C=C2)C=C1)C1=CC=C(C=C1)C(*)=O,-0.6777807052660807,msa,train
CC1(C)CC(C)(C2C=CC(=CC12)C(=O)NC1=CC=CC(=C1)C(C1=CC=CC(N*)=C1)(C(F)(F)F)C(F)(F)F)C1=CC=C(C=C1)C(*)=O,-0.0409586076789063,msa,train
CC1(C)CC(C)(C2C=CC(=CC12)C(=O)NC1=CC=CC(=C1)S(=O)(=O)C1=CC=CC(N*)=C1)C1=CC=C(C=C1)C(*)=O,-1.3979400086720375,msa,train
CC1(C)CC(C)(C2C=CC(=CC12)C(=O)NC1=CC=CC(N*)=C1)C1=CC=C(C=C1)C(*)=O,-1.0457574905606752,msa,train
CC1(C)CC2(CC(C)(C)C3=C(O2)C=C2OC4=C(OC2=C3)C(C#N)=C(*)C(*)=C4C#N)OC2=C1C=C(O*)C(O*)=C2,1.9684829485539352,msa,train
CC1(C)CC2(CC(C)(C)C3=C2C=C(O)C(=C3)N2C(=O)C3C(C2=O)C2(Br)C4C(C(=O)N(*)C4=O)C3(Br)C(Br)=C2Br)C2=C1C=C(*)C(O)=C2,0.6901960800285137,msa,train
CC1(C)CC2(CC(C)(C)C3=C2C=C(O)C(=C3)N2C(=O)C3C=CC(=CC3C2=O)C(C2=CC=C3C(=O)N(*)C(=O)C3=C2)(C(F)(F)F)C(F)(F)F)C2=C1C=C(*)C(O)=C2,0.5314789170422551,msa,train
CC1(C)CC2(CC(C)(C)C3=C2C=C(O*)C=C3)C2C=C(OC3=CC=C4C(=O)N(C(=O)C4=C3)C3=CC=CC(=C3)N3C(=O)C4=C(C=C(*)C=C4)C3=O)C=CC12,-0.8096683018297085,msa,train
CC1(C)CC2(CC(C)(C)C3=C2C=C(OC(=O)C2=CC=C(C=C2)C(*)=O)C=C3)C2=C1C=CC(O*)=C2,0.6253124509616739,msa,train
CC1(C)CC2(CC(C)(C)C3=C2C=C(OC(=O)C2=CC=CC(=C2)C(*)=O)C=C3)C2=C1C=CC(O*)=C2,0.0569048513364725,msa,train
CC1(C)CC2(CC(C)(C)C3=C2C=C(OC2=C(C=C(C=C2)C2=CC=C(C=C2)N2C(=O)C4=C(C=C(C=C4)C(C4=CC=C5C(=O)N(*)C(=O)C5=C4)(C(F)(F)F)C(F)(F)F)C2=O)C(F)(F)F)C=C3)C2=C1C=CC(OC1=CC=C(C=C1C(F)(F)F)C1=CC=C(*)C=C1)=C2,0.08278537031645,msa,train
CC1(C)CC2(CC(C)(C)C3=C2C=C(OC2=C(C=C(C=C2)C2=CC=C(C=C2)N2C(=O)C4=C(C=C(OC5=CC=C6C(=O)N(*)C(=O)C6=C5)C=C4)C2=O)C(F)(F)F)C=C3)C2=C1C=CC(OC1=CC=C(C=C1C(F)(F)F)C1=CC=C(*)C=C1)=C2,-0.3872161432802645,msa,test
CC1(C)CC2(CC(C)(C)C3=C2C=C(OC2=CC4=C(C=C2)C(=O)N(C4=O)C2=CC=CC(=C2)N2C(=O)C4=C(C=C(*)C=C4)C2=O)C=C3)C2=C1C=CC(O*)=C2,-0.8096683018297085,msa,train
CC1(C)CC2(CC(C)(C)C3=C2C=C2C(=O)N(C(=O)C2=C3)C2=CC3=C(C=C2)C(C)(C)CC32CC(C)(C)C3=C2C=C(*)C=C3)C2=CC3=C(C=C12)C(=O)N(*)C3=O,2.110589710299249,msa,train
CC1(C)CC2(CC(C)(C)C3=C2C=C2N=C4C=C(*)C(*)=CC4=NC2=C3)C2=CC3=C(C=C12)N=C1C=C2OC4=CC5=C(C=C4OC2=CC1=N3)C1(CC(C)(C)C2=C1C=C(O*)C(O*)=C2)CC5(C)C,1.792391689498254,msa,train
CC1(C)CC2(CC(C)(C)C3=C2C=C2OC4=C(OC2=C3)C(C#N)=C(*)C(*)=C4C#N)C2=C1C=C(O*)C(O*)=C2,2.505149978319906,msa,train
CC1(C)CC2(CC(C)(C)C3=C2C=C2OC4=C(OC2=C3)C(C#N)=C(*)C(*)=C4C#N)C2=CC(O*)=C(O*)C=C12,2.439332693830263,msa,train
CC1(C)CC2(CC(C)(C)C3=C2C=C2OC4=C(OC2=C3)C(CN)=C(*)C(*)=C4CN)C2=C1C=C(O*)C(O*)=C2,2.4099331233312946,msa,train
CC1(C)CC2(CC(C)(C)C3=C2C=C2OC4=C(OC2=C3)C=C2C(=O)N(C(=O)C2=C4)C(N2C(=O)C3=C(C=C(*)C(*)=C3)C2=O)(C(F)(F)F)C(F)(F)F)C2=C1C=C(O*)C(O*)=C2,2.414973347970818,msa,train
CC1(C)CC2(CC(C)(C)C3=C2C=C2OC4=C(OC2=C3)C=C2C(=O)N(C(=O)C2=C4)C2=CC(=C(C=C2)C2=CC=C(*)C=C2C(F)(F)F)C(F)(F)F)C2=C1C=C1OC3=C(OC1=C2)C=C1C(=O)N(*)C(=O)C1=C3,1.3010299956639813,msa,test
CC1(C)CC2(CC(C)(C)C3=C2C=C2OC4=C(OC2=C3)C=C2C(=O)N(C(=O)C2=C4)C2=CC(=C(C=C2)C2=CC=C(*)C=C2C(F)(F)F)C(F)(F)F)C2=CC3=C(OC4=CC5=C(C=C4O3)C(=O)N(*)C5=O)C=C12,1.3010299956639813,msa,train
CC1(C)CC2(CC(C)(C)C3=C2C=C2OC4=C(OC2=C3)C=C2C(=O)N(C(=O)C2=C4)C2=CC=C(C=C2)C(C2=CC=C(*)C=C2)(C(F)(F)F)C(F)(F)F)C2=CC3=C(OC4=CC5=C(C=C4O3)C(=O)N(*)C5=O)C=C12,1.4313637641589874,msa,train
CC1(C)CC2(CC(C)(C)C3=C2C=C2OC4=C(OC2=C3)C=C2C(=O)N(C(=O)C2=C4)C2=CC=CC3=C2C=CC=C3*)C2=C1C=C1OC3=C(OC1=C2)C=C1C(=O)N(*)C(=O)C1=C3,1.4313637641589874,msa,train
CC1(C)CC2(CC(C)(C)C3=C2C=C2OC4=C(OC2=C3)C=C2C(=O)N(C(=O)C2=C4)C2=CC=CC3=C2C=CC=C3*)C2=CC3=C(OC4=CC5=C(C=C4O3)C(=O)N(*)C5=O)C=C12,1.4313637641589874,msa,test
CC1(C)CC2(CC(C)(C)C3=CC4=NC5=C(C=C(*)C(*)=C5)N=C4C=C23)C2C=C3N=C4C=C5OC6=C(OC5=CC4=NC3=CC12)C=C1C(=C6)C2(CC1(C)C)CC(C)(C)C1=C2C=C(O*)C(O*)=C1,1.792391689498254,msa,train
CC1(C)CC2(CC(C)(C)C3=CC4=NC5=C(C=C6OC7=C(OC6=C5)C=CC(=C7)C5(C6C=CC=CC6C6C=CC=CC56)C5=CC=C(O*)C(O*)=C5)N=C4C=C23)C2=CC3=NC4=C(C=C(*)C(*)=C4)N=C3C=C12,1.3424226808222062,msa,train
CC1(C)CC2(CC(C)(C)C3=CC=C(OC(=O)O*)C=C23)C2C=C(*)C=CC12,-0.6989700043360187,msa,train
CC1(C)CCC(C)(C)C2=CC(=CC=C12)C(*)=C(*)C1=CC=CC=C1,3.8195439355418688,msa,test
CC12C3=CC4=C(C=C3C(C)(C3=C1C=CC=C3)C1=C2C=C2C(=O)N(C(=O)C2=C1)C1=C(O)C=CC(=C1)C(C1=CC=C(O)C(*)=C1)(C(F)(F)F)C(F)(F)F)C(=O)N(*)C4=O,-0.2479515521805615,msa,train
CC12CCC(C)(C3=C1C=C1N(*)CN(C*)C1=C3)C1=C2C=C(*)C(*)=C1,2.346548558548474,msa,train
CC1=C(*)C(*)=CC(=C1)C1(C2CC3CC(C2)CC1C3)C1=CC2=C(C=C1)N(C*)CN(*)C2,1.6127838567197357,msa,train
CC1=C(*)C(C)=C(C(O)=O)C(C)=C1N1C(=O)C2=C(C=C(C=C2)C(C2=CC3=C(C=C2)C(=O)N(*)C3=O)(C(F)(F)F)C(F)(F)F)C1=O,0.505149978319906,msa,train
CC1=C(*)C(C)=C(N2C(=O)C3=CC=C(C=C3C2=O)C(C2=CC3=C(C=C2)C(=O)N(*)C3=O)(C(F)(F)F)C(F)(F)F)C2=C1CCC2(C)C,1.7032913781186614,msa,train
CC1=C(*)C(C)=C(N2C(=O)C3=CC=C(C=C3C2=O)C2=CC3=C(C=C2)C(=O)N(*)C3=O)C2=C1CCC2(C)C,1.3783979009481375,msa,train
CC1=C(*)C(C)=C(N2C(=O)C3=CC=C(OC4=CC5=C(C=C4)C(=O)N(*)C5=O)C=C3C2=O)C2=C1CCC2(C)C,1.0128372247051722,msa,test
CC1=C(*)C=C(C=C1)C(C1=CC(N2C(=O)C3=CC4=C(OC5=CC6=C(C=C5O4)C(C)(C)CC64CC(C)(C)C5=C4C=C4OC6=C(OC4=C5)C=C4C(=O)N(*)C(=O)C4=C6)C=C3C2=O)=C(C)C=C1)(C(F)(F)F)C(F)(F)F,0.9542425094393248,msa,train
CC1=C(*)C=C(C=C1)C(C1=CC(N2C(=O)C3=CC4=C(OC5=CC6=C(C=C5O4)C(C)(C)CC64CC(C)(C)C5=CC6=C(OC7=CC8=C(C=C7O6)C(=O)N(*)C8=O)C=C45)C=C3C2=O)=C(C)C=C1)(C(F)(F)F)C(F)(F)F,0.9542425094393248,msa,train
CC1=C(*)C=CC2=C1N1CN(C2)C2=C(C)C(=CC=C2C1)N1C(=O)C2=C(C=C(C=C2)C(C2=CC3=C(C=C2)C(=O)N(*)C3=O)(C(F)(F)F)C(F)(F)F)C1=O,0.7993405494535817,msa,train
CC1=C(C)C(N2C(=O)C3=C(C=C(*)C(*)=C3)C2=O)=C(C)C(C)=C1N1C(=O)C2=CC3=C(OC4=CC5=C(C=C4O3)C(C)(C)CC53CC(C)(C)C4=C3C=C(O*)C(O*)=C4)C=C2C1=O,1.4313637641589874,msa,test
CC1=C(C)C(N2C(=O)C3=C(C=C(OC4=C(OC5=CC=C6C(=O)N(*)C(=O)C6=C5)C=CC(=C4)C(C)(C)C)C=C3)C2=O)=C(C)C(*)=C1,0.3979400086720376,msa,train
CC1=C(C)C(N2C(=O)C3=C(C=C(OC4=C(OC5=CC=C6C(=O)N(*)C(=O)C6=C5)C=CC(=C4)C(C)(C)C)C=C3)C2=O)=C(C)C(C)=C1*,0.4913616938342727,msa,train
CC1=C(C)C(N2C(=O)C3=C(C=C(OC4=CC(C)=C(OC5=CC=C6C(=O)N(*)C(=O)C6=C5)C(C)=C4C)C=C3)C2=O)=C(C)C(*)=C1,0.6020599913279624,msa,test
CC1=C(C)C(N2C(=O)C3=CC4=C(C=C3C2=O)C2(CC(C)(C)C3=CC5=C(C=C23)C(=O)N(*)C5=O)CC4(C)C)=C(C)C(C)=C1*,2.591064607026499,msa,train
CC1=C(C)C(N2C(=O)C3=CC4=C(OC5=CC6=C(C=C5O4)C(C)(C)CC64CC(C)(C)C5=CC6=C(OC7=CC8=C(C=C7O6)C(=O)N(*)C8=O)C=C45)C=C3C2=O)=C(C)C(C)=C1*,1.8864907251724816,msa,train
CC1=C(C)C(N2C(=O)C3=CC=C(C=C3C2=O)C(C2=CC3=C(C=C2)C(=O)N(*)C3=O)(C(F)(F)F)C(F)(F)F)=C(C)C(C)=C1*,1.6551384348113822,msa,test
CC1=C(C)C(N2C(=O)C3=CC=C(C=C3C2=O)C(C2=CC3C(C=C2)C(=O)N(*)C3=O)(C(F)(F)F)C(F)(F)F)=C(C)C(C)=C1*,1.4502491083193612,msa,train
CC1=C(C=C(*)C=C1)N1C(=O)C2=CC=C(C=C2C1=O)C(C1=CC2C(C=C1)C(=O)N(*)C2=O)(C(F)(F)F)C(F)(F)F,-0.1487416512809247,msa,train
CC1=C(C=CC=C1*)N1C(=O)C2=CC=C(C=C2C1=O)C(C1=CC2=C(C=C1)C(=O)N(*)C2=O)(C(F)(F)F)C(F)(F)F,-0.0555173278498313,msa,train
CC1=C(C=CC=C1*)N1C(=O)C2=CC=C(C=C2C1=O)C(C1=CC2C(C=C1)C(=O)N(*)C2=O)(C(F)(F)F)C(F)(F)F,-0.0599818449923368,msa,train
CC1=C(O*)C(Br)=CC(=C1)C(C)(C)C1=CC(C)=C(OC(=O)C2=CC(=CC(=C2)C(*)=O)C(C)(C)C)C(Br)=C1,0.0253058652647702,msa,test
CC1=C(O*)C(Br)=CC(=C1)C1(C2C=CC=CC2C2C=CC=CC12)C1=CC(C)=C(OC(=O)C2=CC(=CC(=C2)C(*)=O)C(C)(C)C)C(Br)=C1,0.5185139398778875,msa,train
CC1=C(O*)C(C)=C(C(*)=C1)[N+]([O-])=O,0.380211241711606,msa,train
CC1=C(O*)C=CC(=C1)C(C)(C)C1=CC(C)=C(OC2=CC=C(C=C2)S(=O)(=O)C2=CC=C(*)C=C2)C=C1,-1.154901959985743,msa,test
CC1=C(OC2=CC=C3C(=O)N(*)C(=O)C3=C2)C(C)=C(C)C(OC2=CC3=C(C=C2)C(=O)N(C3=O)C2=C(C)C(C)=C(*)C(C)=C2C)=C1,0.8808135922807914,msa,test
CC1=C(OC2=CC=C3C(=O)N(*)C(=O)C3=C2)C(C)=C(C)C(OC2=CC3=C(C=C2)C(=O)N(C3=O)C2=CC=C(C=C2)C(C2=CC=C(*)C=C2)(C(F)(F)F)C(F)(F)F)=C1,0.2304489213782739,msa,test
CC1=C2C(=CC(*)=C1)S(=O)(=O)C1=CC(=CC(C)=C21)N1C(=O)C2=CC=C(C=C2C1=O)C1=CC=C2C(=O)N(*)C(=O)C2=C1,-0.7110803943382734,msa,test
CC1=CC(*)=C(C(=O)C2=CC=C(Br)C=C2)C(C)=C1O*,0.0530784434834196,msa,train
CC1=CC(*)=C(C(=O)C2=CC=C(C=C2)[N+]([O-])=O)C(C)=C1O*,-0.1191864077192086,msa,train
CC1=CC(*)=C(C(=O)C2=CC=C(Cl)C=C2)C(C)=C1O*,-0.0087739243075051,msa,train
CC1=CC(*)=C(C(=O)C2=CC=CC=C2)C(C)=C1O*,-0.0222763947111522,msa,test
CC1=CC(*)=C(C)C=C1N1C(=O)C2=CC=C(C=C2C1=O)C(C1=CC2C(C=C1)C(=O)N(*)C2=O)(C(F)(F)F)C(F)(F)F,0.0293837776852096,msa,train
CC1=CC(*)=CC(C)=C1N1C(=O)C2=CC=C(C=C2C1=O)C(C1=CC2=C(C=C1)C(=O)N(*)C2=O)(C(F)(F)F)C(F)(F)F,-0.4571745730408201,msa,train
CC1=CC(*)=CC(C)=C1O*,0.6127838567197355,msa,train
CC1=CC(*)=CC=C1OC1=C(C2=C(C=CC=C2)C=C1)C1=C(OC2=C(C)C=C(C=C2)N2C(=O)C3=C(C=C(C=C3)C(C3=CC4=C(C=C3)C(=O)N(*)C4=O)(C(F)(F)F)C(F)(F)F)C2=O)C=CC2=C1C=CC=C2,-0.5528419686577808,msa,test
CC1=CC(=C(C)C(C)=C1*)C1=C(C)C(C)=C(OC2=CC=C(C=C2)S(=O)(=O)C2=CC=C(O*)C=C2)C(C)=C1,-0.025028005701931,msa,train
CC1=CC(=C(C)C(C)=C1OC1=CC=C(C=C1)S(=O)(=O)C1=CC=C(*)C=C1)C1=CC(C)=C(O*)C(C)=C1C,-0.0268721464003013,msa,train
CC1=CC(=C(C)C=C1C1=C(C)C(*)=CC=C1)C1=C(C)C(*)=CC=C1,0.7481880270062004,msa,train
CC1=CC(=C(C)C=C1C1=C(C)C=C(*)C=C1)C1=C(C)C=C(*)C=C1,-0.0555173278498313,msa,train
CC1=CC(=C(C)C=C1C1=C(C)C=CC(*)=C1)C1=C(C)C=CC(*)=C1,0.2787536009528289,msa,train
CC1=CC(=C(C)C=C1C1=CC(C)=C(*)C=C1)C1=CC(C)=C(*)C=C1,0.041392685158225,msa,test
CC1=CC(=C(C)C=C1O*)C1(OC(=O)C2=C1C=CC=C2)C1=CC(C)=C(OC2=CC=C(C=C2)S(=O)(=O)C2=CC=C(*)C=C2)C=C1C,-0.6478174818886375,msa,train
CC1=CC(=C(C)C=C1O*)C1(OC(=O)C2C=CC=CC12)C1=C(C)C=C(OC2=CC=C(C=C2)C(=O)C2=CC=C(*)C=C2)C(C)=C1,-0.7695510786217261,msa,train
CC1=CC(=C2C=CC=CC2=C1*)C1=C2C=CC=CC2=C(N2C(=O)C3=C(C=C4C(=C3)C3(C)CCC4(C)C4=C3C=C3C(=O)N(*)C(=O)C3=C4)C2=O)C(C)=C1,2.187520720836463,msa,train
CC1=CC(=C2C=CC=CC2=C1*)C1=C2C=CC=CC2=C(N2C(=O)C3=CC4=C(OC5=C(O4)C=C4C(=C5)C5(C)CCC4(C)C4=C5C=C5OC6=C(OC5=C4)C=C4C(=O)N(*)C(=O)C4=C6)C=C3C2=O)C(C)=C1,2.256477206241677,msa,test
CC1=CC(=CC(C)=C1)C1=CC(O*)=CC=C1OC1=CC=C(C=C1)C(=O)C1=CC=C(*)C=C1,-1.3010299956639813,msa,test
CC1=CC(=CC(C)=C1)C1=CC(O*)=CC=C1OC1=CC=CC(*)=C1C#N,-1.2218487496163564,msa,train
CC1=CC(=CC(C)=C1*)C(C)(C)C1=CC(C)=C(OC(=O)O*)C(C)=C1,-0.0199966284162536,msa,train
CC1=CC(=CC(C)=C1*)C(C)(C)C1=CC(C)=C(OC2=CC=C(C=C2)S(=O)(=O)C2=CC=C(O*)C=C2)C(C)=C1,-0.2827456872374502,msa,train
CC1=CC(=CC(C)=C1*)C(C1=CC(C)=C(OC2=CC=C(C=C2)S(=O)(=O)C2=CC=C(O*)C=C2)C(C)=C1)(C(F)(F)F)C(F)(F)F,0.2064210652379886,msa,train
CC1=CC(=CC(C)=C1*)C1=CC(C)=C(C=C1C)C1=CC(C)=C(*)C(C)=C1,1.1760912590556811,msa,train
CC1=CC(=CC(C)=C1*)C1=CC(C)=C(C=C1C)C1=CC(C)=C(N2C(=O)C3=C(C=C(C=C3)C(C)(C)C3=CC4C(C=C3)C(=O)N(*)C4=O)C2=O)C(C)=C1,1.089905111439398,msa,train
CC1=CC(=CC(C)=C1*)C1=CC(C)=C(N2C(=O)C3=C(C=C(OC4=CC(=C(OC5=CC=C6C(=O)N(*)C(=O)C6=C5)C=C4C(C)(C)C)C(C)(C)C)C=C3)C2=O)C(C)=C1,0.7481880270062004,msa,train
CC1=CC(=CC(C)=C1*)C1=CC(C)=C(N2C(=O)C3=C(C=C(OC4=CC(C)=C(OC5=CC=C6C(=O)N(*)C(=O)C6=C5)C(C)=C4C)C=C3)C2=O)C(C)=C1,0.0791812460476248,msa,train
CC1=CC(=CC(C)=C1*)C1=CC(C)=C(N2C(=O)C3=CC4=C(C=C3C2=O)S(=O)(=O)C2=CC3=C(C=C2S4(=O)=O)C(=O)N(*)C3=O)C(C)=C1,0.08278537031645,msa,test
CC1=CC(=CC(C)=C1*)C1=CC(C)=C(OC2=CC=C(C=C2)C(=O)C2=CC=C(O*)C=C2)C(C)=C1,0.0090257420869102,msa,train
CC1=CC(=CC(C)=C1*)C1=CC(C)=C(OC2=CC=C(C=C2)C(=O)C2=CC=CC=C2C2=C(C=CC=C2)C(=O)C2=CC=C(O*)C=C2)C(C)=C1,-0.5783960731301689,msa,train
CC1=CC(=CC(C)=C1*)C1=CC(C)=C(OC2=CC=C(C=C2)S(=O)(=O)C2=CC=C(O*)C=C2)C(C)=C1,0.104487111312395,msa,train
CC1=CC(=CC(C)=C1N*)C(C)(C)C1=CC(C)=C(NC(=O)C2=CC=C(OC3=C(C=C(OC4=CC=C(C=C4)C(*)=O)C(=C3)C(C)(C)C)C(C)(C)C)C=C2)C(C)=C1,0.3502480183341628,msa,train
CC1=CC(=CC(C)=C1O*)C(C)(C)C1=CC(=CC=C1)C(C)(C)C1=CC(C)=C(OC2=CC=C(C=C2)S(=O)(=O)C2=CC=C(*)C=C2)C(C)=C1,-0.5528419686577808,msa,train
CC1=CC(=CC(C)=C1O*)C(C)(C)C1=CC(C)=C(OC(*)=O)C(C)=C1,-0.0506099933550872,msa,train
CC1=CC(=CC(C)=C1O*)C(C)(C)C1=CC(C)=C(OC(=O)C2=CC(=CC(=C2)C(*)=O)C(C)(C)C)C(C)=C1,0.4338498071286463,msa,test
CC1=CC(=CC(C)=C1O*)C(C)(C)C1=CC(C)=C(OC(=O)C2=CC(=CC=C2)C(=O)O*)C(C)=C1,-0.2757241303992109,msa,test
CC1=CC(=CC(C)=C1O*)C(C)(C)C1=CC(C)=C(OC(=O)C2=CC=C(C=C2)C(=O)O*)C(C)=C1,0.1205739312058498,msa,test
CC1=CC(=CC(C)=C1O*)C(C)(C)C1=CC(C)=C(OC2=CC=C(C=C2)C(=O)C2=CC=C(*)C=C2)C(C)=C1,0.041392685158225,msa,train
CC1=CC(=CC(C)=C1O*)C(C)(C)C1=CC(C)=C(OC2=CC=C(C=C2)S(=O)(=O)C2=CC=C(*)C=C2)C(C)=C1,-0.0222763947111522,msa,train
CC1=CC(=CC(C)=C1O*)C(C)(C)C1=CC=C(C=C1)C(C)(C)C1=CC(C)=C(OC2=CC=C(C=C2)S(=O)(=O)C2=CC=C(*)C=C2)C(C)=C1,-0.2218487496163563,msa,train
CC1=CC(=CC(C)=C1O*)C(C1=CC(C)=C(OC(*)=O)C(C)=C1)(C(F)(F)F)C(F)(F)F,0.4463041139519239,msa,train
CC1=CC(=CC(C)=C1O*)C(C1=CC(C)=C(OC2=CC=C(C=C2)S(=O)(=O)C2=CC=C(*)C=C2)C(C)=C1)(C(F)(F)F)C(F)(F)F,0.4771212547196624,msa,train
CC1=CC(=CC(C)=C1O*)C1(C2C=CC=CC2C2C=CC=CC12)C1=CC(C)=C(OC(=O)C2=CC(=CC(=C2)C(*)=O)C(C)(C)C)C(C)=C1,0.8162412999917831,msa,test
CC1=CC(=CC(C)=C1O*)C1=CC(C)=C(OC2=CC=C(C=C2)S(=O)(=O)C2=CC=C(*)C=C2)C(C)=C1,-0.0338582672609673,msa,train
CC1=CC(=CC(OC2=CC3=C(C=C2)C(=O)N(C3=O)C2=C(C)C(C)=C(*)C(C)=C2C)=C1OC1=CC=C2C(=O)N(*)C(=O)C2=C1)C(C)(C)C,0.3424226808222063,msa,train
CC1=CC(=CC=C1)C(=O)OC(*)C*,-0.9281179926938746,msa,train
CC1=CC(=CC=C1)C1=CC(O*)=CC=C1OC1=CC=C(C=C1)C(=O)C1=CC=C(*)C=C1,-1.619788758288394,msa,train
CC1=CC(=CC=C1)C1=CC(O*)=CC=C1OC1=CC=CC(*)=C1C#N,-1.3010299956639813,msa,test
CC1=CC(=CC=C1*)C(C)(C)C1=CC(C)=C(OC2=CC=C(C=C2)S(=O)(=O)C2=CC=C(O*)C=C2)C=C1,-1.1511952989481964,msa,test
CC1=CC(=CC=C1*)C1(CCCCC1)C1=CC(C)=C(OC2=CC=C(C=C2)S(=O)(=O)C2=CC=C(O*)C=C2)C=C1,-1.4056074496245734,msa,train
CC1=CC(=CC=C1NC(=O)C1=CC=C(OC2=C(C=C(OC3=CC=C(C=C3)C(*)=O)C(=C2)C(C)(C)C)C(C)(C)C)C=C1)C(C)(C)C1=CC(C)=C(N*)C=C1,-0.0457574905606751,msa,train
CC1=CC(=CC=C1O*)C1(OC(=O)C2=C1C=CC=C2)C1=CC(C)=C(OC2=CC=C(C=C2)S(=O)(=O)C2=CC=C(*)C=C2)C=C1,-1.138465589140962,msa,test
CC1=CC(=CC=C1O*)C1(OC(=O)C2C=CC=CC12)C1=CC=C(OC2=CC=C(C=C2)C(=O)C2=CC=C(*)C=C2)C(C)=C1,-1.1542819820333414,msa,train
CC1=CC(=CC=C1OC(=O)C1=CC=C(C=C1)C(=O)O*)C1(OC(=O)C2=C1C=CC=C2)C1=CC(C)=C(O*)C=C1,-0.744727494896694,msa,train
CC1=CC(C)=C(*)C(C)=C1N1C(=O)C2=CC=C(C=C2C1=O)C(C1=CC2C(C=C1)C(=O)N(*)C2=O)(C(F)(F)F)C(F)(F)F,1.383815365980431,msa,train
CC1=CC(C)=C(*)C(C)=C1N1C(=O)C2=CC=C(C=C2C1=O)C1=CC2=C(C=C1)C(=O)N(*)C2=O,0.9030899869919436,msa,train
CC1=CC(C)=C(N2C(=O)C3=C(C=C(C=C3)C(C3=CC4=C(C=C3)C(=O)N(*)C4=O)(C(F)(F)F)C(F)(F)F)C2=O)C(C)=C1*,1.3900514964589874,msa,test
CC1=CC(C)=C(N2C(=O)C3=C(C=C(C=C3)C(C3=CC=C4C(=O)N(*)C(=O)C4=C3)(C(F)(F)F)C(F)(F)F)C2=O)C(C)=C1*,1.24551266781415,msa,train
CC1=CC(C)=C(N2C(=O)C3=CC=C(C=C3C2=O)C(=O)C2=CC3C(C=C2)C(=O)N(*)C3=O)C(C)=C1*,0.0969100130080564,msa,train
CC1=CC(C)=C(N2C(=O)C3=CC=C(C=C3C2=O)C(C2=CC3=C(C=C2)C(=O)N(*)C3=O)(C(F)(F)F)C(F)(F)F)C(C)=C1*,1.3891660843645326,msa,test
CC1=CC(C)=C(N2C(=O)C3=CC=C(C=C3C2=O)C(C2=CC=C3C(=O)N(*)C(=O)C3=C2)(C(F)(F)F)C(F)(F)F)C(C)=C1*,1.1789769472931697,msa,test
CC1=CC(C)=C(N2C(=O)C3=CC=C(C=C3C2=O)C2=CC3C(C=C2)C(=O)N(*)C3=O)C(C)=C1*,0.9074113607745862,msa,test
CC1=CC(C2=CC(C)=C(*)C3=C2C=CC=C3)=C2C=CC=CC2=C1N1C(=O)C2=C(C=C(C=C2)C(C)(C)C2=CC3C(C=C2)C(=O)N(*)C3=O)C1=O,1.6009728956867482,msa,train
CC1=CC(C2=CC(C)=C(*)C3=C2C=CC=C3)=C2C=CC=CC2=C1N1C(=O)C2=CC3=C(C=C2C1=O)C1(C)C2=CC4=C(C=C2C3(C)C2=C1C=CC=C2)C(=O)N(*)C4=O,2.271841606536499,msa,train
CC1=CC(C2=CC(C)=C(*)C3=C2C=CC=C3)=C2C=CC=CC2=C1N1C(=O)C2=CC3=C(C=C2C1=O)C1(CC(C)(C)C2=CC4=C(C=C12)C(=O)N(*)C4=O)CC3(C)C,2.5550944485783194,msa,test
CC1=CC(C2=CC(C)=C(*)C3=C2C=CC=C3)=C2C=CC=CC2=C1N1C(=O)C2=CC3=C(OC4=CC5=C(C=C4O3)C(C)(C)CC53CC(C)(C)C4=CC5=C(OC6=CC7=C(C=C6O5)C(=O)N(*)C7=O)C=C34)C=C2C1=O,2.3324384599156054,msa,train
CC1=CC(C2=CC(C)=C(N3C(=O)C4=CC5=C(C=C4C3=O)C3(C)CCC5(C)C4=CC5=C(C=C34)C(=O)N(*)C5=O)C3=C2C=CC=C3)=C2C=CC=CC2=C1*,2.486430478854434,msa,train
CC1=CC(CC2=CC(C)=C(C=C2)N2C(=O)C3=CC=C(C=C3C2=O)C(C2=CC3=C(C=C2)C(=O)N(*)C3=O)(C(F)(F)F)C(F)(F)F)=CC=C1*,-0.7033348097384688,msa,train
CC1=CC(CC2=CC(C)=C(C=C2)N2C(=O)C3=CC=C(C=C3C2=O)C2=CC3=C(C=C2)C(=O)N(*)C3=O)=CC=C1*,-1.5559552040819238,msa,train
CC1=CC(CC2=CC(C)=C(N3C(=O)C4=CC5=C(C=C4C3=O)C(=O)N(*)C5=O)C(C)=C2)=CC(C)=C1*,0.9143431571194408,msa,train
CC1=CC(CC2=CC(C)=C(N3C(=O)C4=CC=C(C=C4C3=O)C(C3=CC4=C(C=C3)C(=O)N(*)C4=O)(C(F)(F)F)C(F)(F)F)C(C)=C2)=CC(C)=C1*,0.1613680022349748,msa,test
CC1=CC(CC2=CC(C)=C(N3C(=O)C4=CC=C(C=C4C3=O)C3=CC4=C(C=C3)C(=O)N(*)C4=O)C(C)=C2)=CC(C)=C1*,-0.087246696328677,msa,train
CC1=CC(CC2=CC(C)=C(OC3=CC=C(C=C3)S(=O)(=O)C3=CC=C(O*)C=C3)C(C)=C2)=CC(C)=C1*,-0.2388241868442686,msa,train
CC1=CC(OC2=CC3=C(C=C2)C(=O)N(C3=O)C2=C(C)C(*)=CC(C)=C2C)=C(OC2=CC=C3C(=O)N(*)C(=O)C3=C2)C=C1,-0.2441251443275086,msa,train
CC1=CC(OC2=CC3=C(C=C2)C(=O)N(C3=O)C2=C(C)C(C)=C(*)C(C)=C2C)=C(OC2=CC=C3C(=O)N(*)C(=O)C3=C2)C=C1,-0.3279021420642826,msa,train
CC1=CC(OC2=CC=C(C=C2)C2(C3=C(C=CC=C3)C3=C2C=CC=C3)C2=CC=C(OC3=CC=C(N4C(=O)C5=C(C=C(C=C5)C(C5=CC=C6C(=O)N(*)C(=O)C6=C5)(C(F)(F)F)C(F)(F)F)C4=O)C(C)=C3)C=C2)=CC=C1*,-0.4685210829577448,msa,train
CC1=CC(OC2=CC=C(C=C2)C2(OC(=O)C3=CC=CC=C23)C2=CC=C(OC3=CC=C(N4C(=O)C5=C(C=C(C=C5)C(C5=CC6=C(C=C5)C(=O)N(*)C6=O)(C(F)(F)F)C(F)(F)F)C4=O)C(C)=C3)C=C2)=CC=C1*,-0.2518119729937995,msa,train
CC1=CC2=C(C3C4=C(C=CC=C4)C2C2=C3C(C)=C(N3C(=O)C4=C(C=C(C=C4)C(C4=CC=C5C(=O)N(*)C(=O)C5=C4)(C(F)(F)F)C(F)(F)F)C3=O)C(C)=C2)C(C)=C1*,2.0827853703164503,msa,train
CC1=CC2=C(C3C4=C(C=CC=C4)C2C2=C3C(C)=C(N3C(=O)C4=C(C=C5C(=O)N(*)C(=O)C5=C4)C3=O)C(C)=C2)C(C)=C1*,2.376576957056512,msa,train
CC1=CC2=C(C3C4=C(C=CC=C4)C2C2=C3C(C)=C(N3C(=O)C4=CC=C5C(=O)N(*)C(=O)C6=C5C4=C(C=C6)C3=O)C(C)=C2)C(C)=C1*,2.0863598306747484,msa,train
CC1=CC2=C(C3C4=C(C=CC=C4)C2C2=C3C(C)=C(N3C(=O)C4C(C5C=CC4C4C5C(=O)N(*)C4=O)C3=O)C(C)=C2)C(C)=C1*,1.8388490907372552,msa,train
CC1=CC2=C(C=C1*)S(=O)(=O)C1=CC(N3C(=O)C4=CC5=C(C=C4C3=O)S(=O)(=O)C3=CC4=C(C=C3S5(=O)=O)C(=O)N(*)C4=O)=C(C)C=C21,-0.2291479883578558,msa,train
CC1=CC2=C(C=C1*)S(=O)(=O)C1=CC(N3C(=O)C4=CC=C(C=C4C3=O)C(C3=CC4=C(C=C3)C(=O)N(*)C4=O)(C(F)(F)F)C(F)(F)F)=C(C)C=C21,0.2392994791268925,msa,train
CC1=CC2=C(C=C1*)S(=O)(=O)C1=CC(N3C(=O)C4=CC=C(C=C4C3=O)C3=CC4=C(C=C3)C(=O)N(*)C4=O)=C(C)C=C21,-1.431798275933005,msa,train
CC1=CC2=C(C=C1*)S(=O)(=O)C1=CC(N3C(=O)C4=CC=C(C=C4C3=O)S(=O)(=O)C3=CC4=C(C=C3)C(=O)N(*)C4=O)=C(C)C=C21,-0.6126101736612706,msa,test
CC1=CC2=C(C=C1C)C1(C3=C(C=C(C)C(C)=C3)C3=C1C=C1OC4=C(OC1=C3)C(C#N)=C(*)C(*)=C4C#N)C1=C2C=C(O*)C(O*)=C1,3.042181594515766,msa,train
CC1=CC2=C(C=C1OC1=CC=C(*)C=C1)C(C)(C)CC1(CC(C)(C)C3=CC(OC4=CC=C(*)C=C4)=C(C)C=C3O1)O2,-0.1135092748275181,msa,train
CC1=CC2C(C=C1*)S(=O)(=O)C1=C2C=C(C)C(=C1)N1C(=O)C2=CC=C(C=C2C1=O)C(C1=CC2=C(C=C1)C(=O)N(*)C2=O)(C(F)(F)F)C(F)(F)F,0.3996737214810381,msa,train
CC1=CC=C(C)C(OC2=CC=C3C(=O)N(*)C(=O)C3=C2)=C1OC1=CC2=C(C=C1)C(=O)N(C2=O)C1=C(C)C(C)=C(*)C(C)=C1C,0.2787536009528289,msa,train
CC1=CC=C(C=C1)C(*)=C(*)C1=CC=C2C(=C1)C(C)(C)CC2(C)C,4.004321373782642,msa,train
CC1=CC=C(C=C1)C(*)C*,0.3424226808222063,msa,train
CC1=CC=C(C=C1)C(=O)C1=C(*)C=C(C)C(O*)=C1C,0.173186268412274,msa,train
CC1=CC=C(C=C1)C(=O)OC(*)C*,-0.3798639450262425,msa,train
CC1=CC=C(C=C1)C1=C(C2=CC=C(C)C=C2)C(C2=CC=C3OC4=C(OC3=C2)C(C#N)=C(*)C(*)=C4C#N)=C(C2=CC=C(C)C=C2)C(C2=CC=C(C)C=C2)=C1C1=CC=C(O*)C(O*)=C1,2.12057393120585,msa,train
CC1=CC=C(OC2=CC3=C(C=C2C2=C(OC4=CC=C(C)C=C4)C=C4C(=O)N(C(=O)C4=C2)C2=CC=C(OC4=CC=C(*)C=C4)C=C2)C(=O)N(*)C3=O)C=C1,0.1613680022349748,msa,train
CC1=CC=CC(OC2=CC=C3C(=O)N(*)C(=O)C3=C2)=C1OC1=CC2=C(C=C1)C(=O)N(C2=O)C1=C(C)C(C)=C(*)C(C)=C1C,-0.1549019599857432,msa,test
CC1=CC=CC=C1C(=O)OC(*)C*,-0.9393021596463884,msa,train
CC1CC(*)C(Br)C(C)C1O*,0.5658478186735176,msa,train
CCC(C)OP(*)(OC(C)CC)=N*,1.5921767573958667,msa,train
CCC1(C)CC2(C(C)C(C)(CC)C3=CC4=C(OC5=C(O4)C(C#N)=C(*)C(*)=C5C#N)C=C23)C2=CC(O*)=C(O*)C=C12,2.7634279935629373,msa,train
CCCC(*)=C(C)*,1.3222192947339193,msa,train
CCCCCC(*)=C(C)*,1.7075701760979365,msa,train
CCCCCCC(*)=C(C)*,1.806179973983887,msa,train
CCCCCCCC(*)=C(C)*,1.921686475483602,msa,train
CCCCCCCCCCCCCCOC(=O)C(*)C*,1.813580988568192,msa,train
CCCCCCCCCCOC(=O)C(*)C*,1.6794278966121188,msa,train
CCCCCCCCCCSC#CC,1.7634279935629371,msa,train
CCCCCCCCSC#CC,1.6812412373755872,msa,train
CCCCCCCC[Si](C)(*)O*,2.4955443375464483,msa,train
CCCCCCCC[Si](C)(C)C(\*)=C(\C)*,1.1139433523068367,msa,train
CCCCCCSC#CC,1.6532125137753435,msa,train
CCCCOP(*)(OCCCC)=N*,2.292256071356476,msa,train
CCCCSC#CC,1.9493900066449128,msa,train
CCCC[Si](C)(C)C(\*)=C(\C)*,1.230448921378274,msa,train
CCC[Si](C)(*)O*,2.7558748556724915,msa,train
CCC[Si](C)(C)C(\*)=C(\C)*,1.6434526764861874,msa,train
CCN1C2C=CC(*)=CC2C2=C1C=CC(=C2)N1C(=O)C2=CC=C(C=C2C1=O)C(C1=CC2=C(C=C1)C(=O)N(*)C2=O)(C(F)(F)F)C(F)(F)F,0.0128372247051722,msa,test
CCOC(=O)C(*)C*,1.173186268412274,msa,train
CCOC(=O)C(C)(*)C*,-0.4596705252091263,msa,test
CCOC1C(*)C(COC(=O)NC(C)(C)C)OC(O*)C1OCC,0.9754318085092628,msa,train
CCOCC1OC(CO*)C(OCC)C(OCC)C1*,0.785329835010767,msa,train
CCOCC1OC(O*)C(OCC)C(OCC)C1*,0.9637878273455552,msa,train
CCOCCOC(=O)C(C)(*)C*,0.0899051114393979,msa,train
CCOCCOCCOC(=O)C(C)(*)C*,1.0569048513364727,msa,train
CCOCCOCCOCCOC(=O)C(C)(*)C*,0.6812412373755872,msa,train
CCSC#CC,1.3010299956639813,msa,train
CC[Si](C)(*)O*,2.6757783416740852,msa,train
CC[Si](C)(C)C(\*)=C(\C)*,3.0791812460476247,msa,train
CN1C(*)=CC=C1*,-0.6575773191777937,msa,train
COC(=O)C(*)C*,-0.5808706922580245,msa,train
COC(=O)C(C)(*)C*,-2.2479515521805613,msa,train
COC1=CC(=CC=C1N1C(=O)C2=C(C=C(OC3=C(OC4=CC=C5C(=O)N(*)C(=O)C5=C4)C=CC(=C3)C(C)(C)C)C=C2)C1=O)C1=CC(OC)=C(*)C=C1,-0.7958800173440752,msa,test
COC1=CC=C(C=C1)C(*)C*,-0.0409586076789063,msa,train
COC1=CC=C(C=C1)N(C1=CC=C(*)C=C1)C1=CC=C(C=C1)N1C(=O)C2=C(C=C(C=C2)C(C2=CC=C3C(=O)N(*)C(=O)C3=C2)(C(F)(F)F)C(F)(F)F)C1=O,-0.3010299956639812,msa,train
COC1=CC=C(C=C1)N(C1=CC=C(OC)C=C1)C1=CC=C(C=C1)N(C1=CC=C(*)C=C1)C1=CC=C(C=C1)N1C(=O)C2=C(C=C(C=C2)C(C2=CC=C3C(=O)N(*)C(=O)C3=C2)(C(F)(F)F)C(F)(F)F)C1=O,-0.3979400086720376,msa,train
COCCOCCOP(*)(OCCOCCOC)=N*,1.0413926851582251,msa,train
CP(*)(=N*)C1=CC=CC=C1,-0.1549019599857432,msa,test
C[Ge](C)(C)C1CC2C1C1CC2C(*)C1*,2.792391689498254,msa,test
C[Ge](C)(C)C1CCCCC1C(*)=C*,1.7283537820212285,msa,train
C[Si](*)(CCC(F)(F)F)O*,2.303196057420489,msa,train
C[Si](*)(O*)C1=CC=CC=C1,1.5563025007672873,msa,train
C[Si](C)(*)C*,2.113943352306837,msa,train
C[Si](C)(*)C1=CC=C(C=C1)[Si](C)(C)CC*,-0.2757241303992109,msa,train
C[Si](C)(*)C1=CC=C(C=C1)[Si](C)(C)O*,1.0791812460476249,msa,test
C[Si](C)(*)C1=CC=CC(=C1)[Si](C)(C)O*,2.0253058652647704,msa,train
C[Si](C)(*)CCC*,0.9242792860618816,msa,train
C[Si](C)(*)CCCCCCCC[Si](C)(C)O*,2.5563025007672873,msa,train
C[Si](C)(*)CCCCCC[Si](C)(C)O*,2.59659709562646,msa,train
C[Si](C)(*)CC[Si](C)(C)O*,2.775974331129369,msa,train
C[Si](C)(*)O*,3.131297796597623,msa,train
C[Si](C)(C)C(*)C*,1.255272505103306,msa,train
C[Si](C)(C)C1=CC(=CC=C1)C(*)=C(*)C1=CC=CC=C1,3.1760912590556813,msa,train
C[Si](C)(C)C1=CC=C(C=C1)C(*)=C(*)C1=CC2=C(C=C1)C1=C(C2)C=CC=C1,3.3010299956639813,msa,train
C[Si](C)(C)C1=CC=C(C=C1)C(*)=C(*)C1=CC2=C(C=C1)C1=C(C=CC=C1)C=C2,2.6989700043360187,msa,train
C[Si](C)(C)C1=CC=C(C=C1)C(*)=C(*)C1=CC=C2C3=C(C=CC=C3)C3(CC3)C2=C1,3.1760912590556813,msa,train
C[Si](C)(C)C1=CC=C(C=C1)C(*)=C(*)C1=CC=C2CCCC2=C1,2.6720978579357175,msa,train
C[Si](C)(C)C1=CC=C(C=C1)C(*)=C(*)C1=CC=CC=C1,3.1903316981702914,msa,train
C[Si](C)(C)C1=CC=C(C=C1)C(*)C*,1.5314789170422551,msa,train
C[Si](C)(C)C1=CC=C(C=C1)C1=CC=C(C=C1)C(*)=C(*)C1=CC=CC=C1,2.6532125137753435,msa,train
C[Si](C)(C)C1=CC=C(OP(*)(OC2=CC=CC=C2)=NP(OC2=CC=C(Br)C=C2)(OC2=CC=C(C=C2)[Si](C)(C)C)=N*)C=C1,1.3673559210260189,msa,test
C[Si](C)(C)C1C2C(C1[Si](C)(C)C)C1CC2C(*)C1*,3.519827993775719,msa,train
C[Si](C)(C)C1CC(*)CC1\C=C\*,1.230448921378274,msa,train
C[Si](C)(C)C1CC2C1C1CC2C(*)C1*,3.004321373782642,msa,train
C[Si](C)(C)C1CC2CC1C(*)C2*,3.037426497940624,msa,train
C[Si](C)(C)CC1=CC=C(C=C1)C(*)=C(*)C1=CC=CC=C1,2.0791812460476247,msa,train
C[Si](C)(C)CC1=CC=C(C=C1)C(*)C*,0.8920946026904804,msa,train
C[Si](C)(C)C[Si](C)(C)C1CC(*)CC1\C=C\*,0.9294189257142929,msa,train
C[Si](C)(C)OC(O[Si](C)(C)C)(O[Si](C)(C)C)C1CC2C1C1CC2C(*)C1*,3.096910013008056,msa,train
C[Si](C)(C)O[Si](O[Si](C)(C)C)(O[Si](C)(C)C)C1C2C(C1[Si](O[Si](C)(C)C)(O[Si](C)(C)C)O[Si](C)(C)C)C(C*)CC2C*,2.3324384599156054,msa,train
C[Si](C)(C)O[Si](O[Si](C)(C)C)(O[Si](C)(C)C)C1C2C(C1[Si](O[Si](C)(C)C)(O[Si](C)(C)C)O[Si](C)(C)C)C(CC2C=*)C=*,2.4771212547196626,msa,train
C[Si](C)(C1=CC=C(C=C1)C(*)=O)C1=CC=C(C=C1)C(*)=O,0.143014800254095,msa,train
C[Si](C)(C1=CC=C2C(=O)N(*)C(=O)C2=C1)C1=CC=C2C(=O)N(C(=O)C2=C1)C1=CC=C(*)C=C1,-1.193820026016113,msa,train
C[Si](C)(C1=CC=C2C(=O)N(*)C(=O)C2=C1)C1=CC=C2C(=O)N(C(=O)C2=C1)C1=CC=C(OC2=CC=C(*)C=C2)C=C1,-0.7931741239681502,msa,test
C[Si](C)(C1=CC=CC=C1)C1=CC=C(OP(*)(OC2=CC=CC=C2)=NP(OC2=CC=C(Br)C=C2)(OC2=CC=C(C=C2)[Si](C)(C)C2=CC=CC=C2)=N*)C=C1,0.7634279935629373,msa,train
C[Si](C)(CCCC(F)(F)F)C1=CC=C(C=C1)C(*)C*,1.3424226808222062,msa,train
C[Si](C1=CC=CC=C1)(C1=CC=CC=C1)C1=CC=C(OP(*)(OC2=CC=CC=C2)=NP(OC2=CC=C(Br)C=C2)(OC2=CC=C(C=C2)[Si](C)(C2=CC=CC=C2)C2=CC=CC=C2)=N*)C=C1,-0.3665315444204134,msa,test
C\C(*)=C(/*)C1=CC=C(C=C1)[Si](C)(C)C,2.3010299956639813,msa,train
C\C(*)=C(/*)[Si](C)(C)C,4.176091259055681,msa,test
C\C(*)=C(/*)[Si](C)(C)C1=CC=CC=C1,0.2304489213782739,msa,train
C\C(C*)=C(\C)C*,-0.104577453960592,msa,train
C\C(C*)=C\C*,1.4705574852172745,msa,train
ClC(*)C*,-1.5800442515102422,msa,train
ClC(Cl)=C(C1=CC=C(*)C=C1)C1=CC=C(OC(=O)O*)C=C1,-0.5686362358410126,msa,train
ClC1=CC(*)=CC=C1CC1=C(Cl)C=C(C=C1)N1C(=O)C2=CC=C(C=C2C1=O)C1=CC2=C(C=C1)C(=O)N(*)C2=O,-2.2596373105057563,msa,train
ClC1=CC(CC2=CC(Cl)=C(C=C2)N2C(=O)C3=CC=C(C=C3C2=O)C2=CC3=C(C=C2)C(=O)N(*)C3=O)=CC=C1*,-1.785156151952302,msa,test
ClC1=CC=C(C=C1)C(*)C*,-0.585026652029182,msa,train
ClCC(*)CO*,-0.1824346304402192,msa,train
Cl\C(C*)=C\C*,0.5158738437116791,msa,test
FC(F)(*)C(F)(F)*,1.0,msa,train
FC(F)(*)C*,-1.6989700043360187,msa,train
FC(F)(*)C1(F)OC(F)(F)C(F)(F)C1(F)C(F)(F)*,0.3010299956639812,msa,train
FC(F)(F)C(*)(C1=CC=C(C=C1)C1=CC=C(*)C=C1)C(F)(F)F,1.5314789170422551,msa,train
FC(F)(F)C(*)(C1=CC=C(C=C1)C1=NC2=C(O1)C=CC(=C2)C(C1=CC=C2OC(=NC2=C1)C1=CC=C(C=C1)C(C1=CC=C2C3=NC4=C(C=CC(=C4)C4=CC5=C(C=C4)N=C4N5C(=O)C5=C4C=C(*)C=C5)N3C(=O)C2=C1)(C(F)(F)F)C(F)(F)F)(C(F)(F)F)C(F)(F)F)C(F)(F)F,1.662757831681574,msa,train
FC(F)(F)C(*)(C1=CC=CC=C1)C1=CC=C(C=C1)C1=CC=C(*)C=C1,1.0,msa,test
FC(F)(F)C(*)(C1=CC=CC=C1)C1=CC=C(C=C1)C1=CC=C(C=C1)C1=CC=C(*)C=C1,1.1139433523068367,msa,train
FC(F)(F)C(*)(C1=CC=CC=C1)C1=CC=C(OC2=CC=C(*)C=C2)C=C1,-0.1870866433571444,msa,train
FC(F)(F)C(C1=CC(*)=C(C=C1)C(*)=O)(C1=CC=C2C3=NC4=CC5=C(C=C4N3C(=O)C2=C1)N(*)C(*)=N5)C(F)(F)F,-0.0404816230270017,msa,train
FC(F)(F)C(C1=CC(*)=CC=C1)(C1=CC(=CC=C1)C1=NN=C(*)N1C1=CC=CC=C1)C(F)(F)F,0.6683859166900001,msa,test
FC(F)(F)C(C1=CC(*)=CC=C1)(C1=CC=CC(=C1)N1C(=O)C2=CC=C(C=C2C1=O)C(=O)C1=CC2C(C=C1)C(=O)N(*)C2=O)C(F)(F)F,-1.853871964321762,msa,train
FC(F)(F)C(C1=CC(Br)=C(O*)C(Br)=C1)(C1=CC(Br)=C(OC(*)=O)C(Br)=C1)C(F)(F)F,-0.0506099933550872,msa,train
FC(F)(F)C(C1=CC2=C(C=C1)C(=O)N(*)C2=O)(C1=CC2=C(C=C1)C(=O)N(C2=O)C1=CC2=C(C=C1)C1C3=C(C=CC=C3)C2C2=C1C=C(*)C=C2)C(F)(F)F ,0.8573324964312685,msa,train
FC(F)(F)C(C1=CC2=C(C=C1)C(=O)N(*)C2=O)(C1=CC2=C(C=C1)C(=O)N(C2=O)C1=CC2=CC=C3OC4CC(C3=C2C=C1)C1=C(O4)C=CC2=C1C=CC(*)=C2)C(F)(F)F,-0.2218487496163563,msa,test
FC(F)(F)C(C1=CC2=C(C=C1)C(=O)N(*)C2=O)(C1=CC2=C(C=C1)C(=O)N(C2=O)C1=CC2=CC=C3OC4OC5=CC=C6C=C(*)C=CC6=C5C4C3=C2C=C1)C(F)(F)F,-0.1549019599857432,msa,train
FC(F)(F)C(C1=CC2=C(C=C1)C(=O)N(*)C2=O)(C1=CC2=C(C=C1)C(=O)N(C2=O)C1=CC=C(C=C1)C1(C2=C(C=CC=C2)C2=C1C=CC=C2)C1=CC=C(*)C=C1)C(F)(F)F,0.292256071356476,msa,train
FC(F)(F)C(C1=CC2=C(C=C1)C(=O)N(*)C2=O)(C1=CC2=C(C=C1)C(=O)N(C2=O)C1=CC=C(OC2=C(C3=C(C=CC=C3)C=C2)C2=C(OC3=CC=C(*)C=C3)C=CC3=C2C=CC=C3)C=C1)C(F)(F)F,-0.6575773191777937,msa,test
FC(F)(F)C(C1=CC2=C(C=C1)C(=O)N(*)C2=O)(C1=CC2=C(C=C1)C(=O)N(C2=O)C1=CC=CC=C1OC1=C(C2=C(C=CC=C2)C=C1)C1=C(OC2=C(*)C=CC=C2)C=CC2=C1C=CC=C2)C(F)(F)F,-1.154901959985743,msa,train
FC(F)(F)C(C1=CC2=C(C=C1)C(=O)N(*)C2=O)(C1=CC=C2C(=O)N(C(=O)C2=C1)C1=C(Cl)C=C(CC2=CC=C(*)C(Cl)=C2)C=C1)C(F)(F)F,-0.91721462968355,msa,test
FC(F)(F)C(C1=CC2=C(C=C1)C(=O)N(*)C2=O)(C1=CC=C2C(=O)N(C(=O)C2=C1)C1=CC(*)=CC=C1)C(F)(F)F,-0.8538719643217619,msa,train
FC(F)(F)C(C1=CC2=C(C=C1)C(=O)N(*)C2=O)(C1=CC=C2C(=O)N(C(=O)C2=C1)C1=CC(=CC=C1)C(C1=CC=CC(*)=C1)(C(F)(F)F)C(F)(F)F)C(F)(F)F,-1.0969100130080565,msa,train
FC(F)(F)C(C1=CC2=C(C=C1)C(=O)N(*)C2=O)(C1=CC=C2C(=O)N(C(=O)C2=C1)C1=CC2=C(C=C1)C1C3=C(C=CC=C3)C2C2=C1C=CC(*)=C2)C(F)(F)F,0.5622928644564748,msa,train
FC(F)(F)C(C1=CC2=C(C=C1)C(=O)N(*)C2=O)(C1=CC=C2C(=O)N(C(=O)C2=C1)C1=CC2=C(C=C1)C1C=CC(*)=CC1C2)C(F)(F)F,-0.2006594505464183,msa,train
FC(F)(F)C(C1=CC2=C(C=C1)C(=O)N(*)C2=O)(C1=CC=C2C(=O)N(C(=O)C2=C1)C1=CC2=C(C=C1)C1C=CC(*)=CC1C2=O)C(F)(F)F,-0.889410289700751,msa,train
FC(F)(F)C(C1=CC2=C(C=C1)C(=O)N(*)C2=O)(C1=CC=C2C(=O)N(C(=O)C2=C1)C1=CC=C(C=C1)C1=NN=C(O1)C1=CC=C(*)C=C1)C(F)(F)F,-0.6020599913279624,msa,train
FC(F)(F)C(C1=CC2=C(C=C1)C(=O)N(*)C2=O)(C1=CC=C2C(=O)N(C(=O)C2=C1)C1=CC=C(CC2=CC=C(*)C=C2)C=C1)C(F)(F)F,-0.5718652059712112,msa,train
FC(F)(F)C(C1=CC2=C(C=C1)C(=O)N(*)C2=O)(C1=CC=C2C(=O)N(C(=O)C2=C1)C1=CC=C(OC2=CC=C(*)C=C2)C=C1)C(F)(F)F,-0.3010299956639812,msa,train
FC(F)(F)C(C1=CC2=C(C=C1)C(=O)N(*)C2=O)(C1=CC=C2C(=O)N(C(=O)C2=C1)C1=CC=C(SC2=CC=C(*)C=C2)C=C1)C(F)(F)F,-0.1804560644581313,msa,train
FC(F)(F)C(C1=CC2=C(C=C1)C(=O)N(*)C2=O)(C1=CC=C2C(=O)N(C(=O)C2=C1)C1=CC=C(SC2=CC=C(SC3=CC=C(*)C=C3)C=C2)C=C1)C(F)(F)F,-0.5528419686577808,msa,train
FC(F)(F)C(C1=CC2=C(C=C1)C(=O)N(*)C2=O)(C1=CC=C2C(=O)N(C(=O)C2=C1)C1=CC=C(SC2=CC=C(SC3=CC=C(SC4=CC=C(*)C=C4)C=C3)C=C2)C=C1)C(F)(F)F,-0.6575773191777937,msa,train
FC(F)(F)C(C1=CC2=C(C=C1)C(=O)N(*)C2=O)(C1=CC=C2C(=O)N(C(=O)C2=C1)C1=CC=C(SC2=CC=C(SC3=CC=C(SC4=CC=C(SC5=CC=C(*)C=C5)C=C4)C=C3)C=C2)C=C1)C(F)(F)F,-0.585026652029182,msa,train
FC(F)(F)C(C1=CC2=C(C=C1)C(=O)N(*)C2=O)(C1=CC=C2C(=O)N(C(=O)C2=C1)C1=CC=CC(*)=C1)C(F)(F)F,-0.7293211638552936,msa,train
FC(F)(F)C(C1=CC2=C(C=C1)C(=O)N(*)C2=O)(C1=CC=C2C(=O)N(C(=O)C2=C1)C1=CC=CC(OC2=CC(*)=CC=C2)=C1)C(F)(F)F,-1.494850021680094,msa,train
FC(F)(F)C(C1=CC2=C(C=C1)C(=O)N(*)\C2=N/*)(C1=CC=C2C(=C1)C(=O)N1C3=CC=CC(OC4=CC=C(*)C(*)=C4)=C3N=C21)C(F)(F)F,-0.2676062401770315,msa,train
FC(F)(F)C(C1=CC2=C(C=C1)C(=O)N(C2=O)C1=CC(=CC=C1)C(C1=CC(*)=CC=C1)(C(F)(F)F)C(F)(F)F)(C1=CC=C2C(=O)N(*)C(=O)C2=C1)C(F)(F)F,-1.0969100130080565,msa,train
FC(F)(F)C(C1=CC2=C(C=C1)C(=O)N(C2=O)C1=CC=C(C=C1)N(C1=CC=C(*)C=C1)C1=CC=C(C=C1)N(C1=CC=CC=C1)C1=CC=CC=C1)(C1=CC=C2C(=O)N(*)C(=O)C2=C1)C(F)(F)F,0.093421685162235,msa,train
FC(F)(F)C(C1=CC2=C(C=C1)C(=O)N(C2=O)C1=CC=C(CC2=CC=C(*)C=C2)C=C1)(C1=CC=C2C(=O)N(*)C(=O)C2=C1)C(F)(F)F,-0.3767507096020995,msa,train
FC(F)(F)C(C1=CC2=C(C=C1)C(=O)N(C2=O)C1=CC=C(OC2=CC=C(*)C=C2)C=C1)(C1=CC=C2C(=O)N(*)C(=O)C2=C1)C(F)(F)F,-0.4202164033831898,msa,train
FC(F)(F)C(C1=CC2=C(C=C1)C(=O)N(C2=O)C1=CC=C(OC2=CC=C(C=C2)C2(C3=C(C=CC=C3)C3=C2C=CC=C3)C2=CC=C(OC3=CC=C(*)C=C3)C=C2)C=C1)(C1=CC=C2C(=O)N(*)C(=O)C2=C1)C(F)(F)F,-0.1611509092627447,msa,train
FC(F)(F)C(C1=CC2C(C=C1)C(=O)N(*)C2=O)(C1=CC=C2C(=O)N(C(=O)C2=C1)C1=CC(*)=CC=C1)C(F)(F)F,-0.7958800173440752,msa,train
FC(F)(F)C(C1=CC2C(C=C1)C(=O)N(*)C2=O)(C1=CC=C2C(=O)N(C(=O)C2=C1)C1=CC(OC2=CC=CC(*)=C2)=CC=C1)C(F)(F)F,-1.494850021680094,msa,train
FC(F)(F)C(C1=CC2C(C=C1)C(=O)N(*)C2=O)(C1=CC=C2C(=O)N(C(=O)C2=C1)C1=CC=C(*)C=C1)C(F)(F)F,-0.6326440789739812,msa,train
FC(F)(F)C(C1=CC2C(C=C1)C(=O)N(*)C2=O)(C1=CC=C2C(=O)N(C(=O)C2=C1)C1=CC=C(C=C1)N(C1=CC=CC=C1)C1=CC=C(*)C=C1)C(F)(F)F,-0.1674910872937636,msa,train
FC(F)(F)C(C1=CC2C(C=C1)C(=O)N(*)C2=O)(C1=CC=C2C(=O)N(C(=O)C2=C1)C1=CC=C(NC(=O)C(F)(F)C(F)(F)C(F)(F)C(F)(F)C(=O)NC2=CC=C(*)C=C2)C=C1)C(F)(F)F,-0.9208187539523752,msa,train
FC(F)(F)C(C1=CC2C(C=C1)C(=O)N(*)C2=O)(C1=CC=C2C(=O)N(C(=O)C2=C1)C1=CC=C(NC(=O)C(F)(F)C(F)(F)C(F)(F)C(F)(F)C(F)(F)C(F)(F)C(=O)NC2=CC=C(*)C=C2)C=C1)C(F)(F)F,-0.7695510786217261,msa,train
FC(F)(F)C(C1=CC2C(C=C1)C(=O)N(*)C2=O)(C1=CC=C2C(=O)N(C(=O)C2=C1)C1=CC=CC(*)=C1)C(F)(F)F,-0.8538719643217619,msa,train
FC(F)(F)C(C1=CC2C(C=C1)C(=O)N(*)C2=O)(C1=CC=C2C(=O)N(C(=O)C2=C1)C1=CC=CC(NC(=O)C(F)(F)C(F)(F)C(F)(F)C(F)(F)C(=O)NC2=CC=C(*)C=C2)=C1)C(F)(F)F,-1.3979400086720375,msa,train
FC(F)(F)C(C1=CC2C(C=C1)C(=O)N(*)C2=O)(C1=CC=C2C(=O)N(C(=O)C2=C1)C1=CC=CC(NC(=O)C(F)(F)C(F)(F)C(F)(F)C(F)(F)C(F)(F)C(F)(F)C(=O)NC2=CC=C(*)C=C2)=C1)C(F)(F)F,-1.0457574905606752,msa,test
FC(F)(F)C(C1=CC2N=C(*)OC2C=C1)(C1=CC=C2OC(=NC2=C1)C1=CC2=C(C=C1)C=C(*)C=C2)C(F)(F)F,-1.0132282657337552,msa,test
FC(F)(F)C(C1=CC2N=C(*)OC2C=C1)(C1=CC=C2OC(=NC2=C1)C1=CC=C(C=C1)C(=O)C1=CC=C(*)C=C1)C(F)(F)F,-0.5528419686577808,msa,train
FC(F)(F)C(C1=CC2N=C(OC2C=C1)C1=CC(*)=CC=C1)(C1=CC=C2OC(=NC2=C1)C1=CC=CC(*)=C1)C(F)(F)F,1.6127838567197357,msa,train
FC(F)(F)C(C1=CC=C(*)C=C1)(C1=CC=C(C=C1)C1=NC2=C(O1)C=CC(=C2)C(C1=CC2=C(OC(*)=N2)C=C1)(C(F)(F)F)C(F)(F)F)C(F)(F)F,2.3042750504771283,msa,train
FC(F)(F)C(C1=CC=C(*)C=C1)(C1=CC=C(C=C1)C1=NC2=C(O1)C=CC(=C2)C(C1=CC=C2OC(*)=NC2=C1)(C(F)(F)F)C(F)(F)F)C(F)(F)F,2.1789769472931693,msa,train
FC(F)(F)C(C1=CC=C(*)C=C1)(C1=CC=C(C=C1)C1=NC2=CC(=CC=C2O1)C(C1=CC2N=C(*)OC2C=C1)(C(F)(F)F)C(F)(F)F)C(F)(F)F,0.2041199826559248,msa,train
FC(F)(F)C(C1=CC=C(*)C=C1)(C1=CC=C(C=C1)C1=NN=C(*)O1)C(F)(F)F,0.6580113966571124,msa,train
FC(F)(F)C(C1=CC=C(*)C=C1)(C1=CC=C(C=C1)N1C(=O)C2=C(C=C(C=C2)C(C2=CC=C3C(=O)N(*)C(=O)C3=C2)(C(F)(F)F)C(F)(F)F)C1=O)C(F)(F)F,0.2041199826559248,msa,train
FC(F)(F)C(C1=CC=C(*)C=C1)(C1=CC=C(C=C1)N1C(=O)C2=C(C=C3C(=O)N(*)C(=O)C3=C2)C1=O)C(F)(F)F,-0.1079053973095195,msa,train
FC(F)(F)C(C1=CC=C(*)C=C1)(C1=CC=C(C=C1)N1C(=O)C2=CC=C(C=C2C1=O)C(=O)C1=CC2=C(C=C1)C(=O)N(*)C2=O)C(F)(F)F,-0.8068754016455384,msa,train
FC(F)(F)C(C1=CC=C(*)C=C1)(C1=CC=C(C=C1)N1C(=O)C2=CC=C(C=C2C1=O)C(=O)C1=CC2C(C=C1)C(=O)N(*)C2=O)C(F)(F)F,-0.8096683018297085,msa,train
FC(F)(F)C(C1=CC=C(*)C=C1)(C1=CC=C(C=C1)N1C(=O)C2=CC=C(C=C2C1=O)C(=O)C1=CC=C2C(=O)N(*)C(=O)C2=C1)C(F)(F)F,-0.645891560852599,msa,train
FC(F)(F)C(C1=CC=C(*)C=C1)(C1=CC=C(C=C1)N1C(=O)C2=CC=C(C=C2C1=O)C(C1=CC2=C(C=C1)C(=O)N(*)C2=O)(C(F)(F)F)C(F)(F)F)C(F)(F)F,0.2041199826559248,msa,train
FC(F)(F)C(C1=CC=C(*)C=C1)(C1=CC=C(C=C1)N1C(=O)C2=CC=C(C=C2C1=O)C(C1=CC=C2C(=O)N(*)C(=O)C2=C1)(C(F)(F)F)C(F)(F)F)C(F)(F)F,0.2046625117482188,msa,train
FC(F)(F)C(C1=CC=C(*)C=C1)(C1=CC=C(C=C1)N1C(=O)C2=CC=C(C=C2C1=O)C1=CC2=C(C=C1)C(=O)N(*)C2=O)C(F)(F)F,-0.2143143317190987,msa,test
FC(F)(F)C(C1=CC=C(*)C=C1)(C1=CC=C(C=C1)N1C(=O)C2=CC=C(C=C2C1=O)C1=CC2C(C=C1)C(=O)N(*)C2=O)C(F)(F)F,-0.1186153432294271,msa,train
FC(F)(F)C(C1=CC=C(*)C=C1)(C1=CC=C(OC2=CC=C(C=C2)C(=O)C2=CC=C(O*)C3=C2C=CC=C3)C=C1)C(F)(F)F,-0.6777807052660807,msa,train
FC(F)(F)C(C1=CC=C(*)C=C1)(C1=CC=C(OC2=CC=C(C=C2)C(=O)C2=CC=CC(=C2)C2=CC=CC(=C2)C(=O)C2=CC=C(O*)C=C2)C=C1)C(F)(F)F,-1.2365720064370629,msa,train
FC(F)(F)C(C1=CC=C(*)C=C1)(C1=CC=C(OC2=CC=C(C=C2)C(=O)C2=CC=CC=C2C2=C(C=CC=C2)C(=O)C2=CC=C(O*)C=C2)C=C1)C(F)(F)F,-1.0604807473813815,msa,test
FC(F)(F)C(C1=CC=C(*)C=C1)(C1=CC=C(OC2=CC=C(C=C2)S(=O)(=O)C2=CC=C(O*)C=C2)C=C1)C(F)(F)F,-0.4615519482897828,msa,train
FC(F)(F)C(C1=CC=C(C=C1)C(*)=O)(C1=CC=C(C=C1)C(=O)NC1=CC(N*)=CC=C1)C(F)(F)F,-0.619788758288394,msa,test
FC(F)(F)C(C1=CC=C(N*)C=C1)(C1=CC=C(NC(=O)C2=CC(=CC(=C2)C2=CC=CC=C2)C(*)=O)C=C1)C(F)(F)F,-0.1079053973095195,msa,train
FC(F)(F)C(C1=CC=C(N*)C=C1)(C1=CC=C(NC(=O)C2=CC(=CC=C2)C(*)=O)C=C1)C(F)(F)F,-0.6989700043360187,msa,test
FC(F)(F)C(C1=CC=C(O*)C=C1)(C1=CC=C(OC(*)=O)C=C1)C(F)(F)F,0.021189299069938,msa,train
FC(F)(F)C(C1=CC=C(O*)C=C1)(C1=CC=C(OC(=O)C2=CC=C(C=C2)C(*)=O)C=C1)C(F)(F)F,0.437750562820388,msa,train
FC(F)(F)C(C1=CC=C(O*)C=C1)(C1=CC=C(OC(=O)C2=CC=CC(=C2)C(*)=O)C=C1)C(F)(F)F,-0.2146701649892329,msa,train
FC(F)(F)C(C1=CC=C(O*)C=C1)(C1=CC=C(OC2=CC=C(C=C2)C(=O)C2=CC=C(C=C2)C(C2=CC=C(C=C2)C(=O)C2=CC=C(*)C=C2)(C(F)(F)F)C(F)(F)F)C=C1)C(F)(F)F,-0.3214816209598861,msa,train
FC(F)(F)C(C1=CC=C(O*)C=C1)(C1=CC=C(OC2=CC=C(C=C2)S(=O)(=O)C2=CC=C(*)C=C2)C=C1)C(F)(F)F,-0.2596373105057561,msa,train
FC(F)(F)C(C1=CC=C(OC2=CC(*)=CC=C2)C=C1)(C1=CC=C(OC2=CC(=CC=C2)N2C(=O)C3=CC=C(C=C3C2=O)C(C2=CC3=C(C=C2)C(=O)N(*)C3=O)(C(F)(F)F)C(F)(F)F)C=C1)C(F)(F)F,-0.8664610916297825,msa,train
FC(F)(F)C(C1=CC=C(OC2=CC(=CC=C2)N2C(=O)C3=CC4C(C=C3C2=O)C(=O)N(*)C4=O)C=C1)(C1=CC=C(OC2=CC=CC(*)=C2)C=C1)C(F)(F)F,-0.7695510786217261,msa,train
FC(F)(F)C(C1=CC=C(OC2=CC=C(*)C=C2)C=C1)(C1=CC=C(OC2=CC=C(C=C2)N2C(=C)C3=CC=C4C(=C)N(*)C(=C)C5=C4C3=C(C=C5)C2=C)C=C1)C(F)(F)F,-0.3187587626244128,msa,train
FC(F)(F)C(C1=CC=C(OC2=CC=C(*)C=C2)C=C1)(C1=CC=C(OC2=CC=C(C=C2)N2C(=O)C3=C(C=C4C(=O)N(*)C(=O)C4=C3)C2=O)C=C1)C(F)(F)F,-0.1951793212788376,msa,train
FC(F)(F)C(C1=CC=C(OC2=CC=C(*)C=C2)C=C1)(C1=CC=C(OC2=CC=C(C=C2)N2C(=O)C3=CC4=C(C=C3C2=O)C(=O)N(*)C4=O)C=C1)C(F)(F)F,-0.4436974992327127,msa,train
FC(F)(F)C(C1=CC=C(OC2=CC=C(*)C=C2)C=C1)(C1=CC=C(OC2=CC=C(C=C2)N2C(=O)C3=CC4C(C=C3C2=O)C(=O)N(*)C4=O)C=C1)C(F)(F)F,-0.4436974992327127,msa,train
FC(F)(F)C(C1=CC=C(OC2=CC=C(*)C=C2)C=C1)(C1=CC=C(OC2=CC=C(C=C2)N2C(=O)C3=CC=C(C=C3C2=O)C(=O)C2=CC=C3C(=O)N(*)C(=O)C3=C2)C=C1)C(F)(F)F,-0.978810700930062,msa,train
FC(F)(F)C(C1=CC=C(OC2=CC=C(*)C=C2)C=C1)(C1=CC=C(OC2=CC=C(C=C2)N2C(=O)C3=CC=C(C=C3C2=O)C(C2=CC3=C(C=C2)C(=O)N(*)C3=O)(C(F)(F)F)C(F)(F)F)C=C1)C(F)(F)F,-0.2924298239020636,msa,train
FC(F)(F)C(C1=CC=C(OC2=CC=C(*)C=C2)C=C1)(C1=CC=C(OC2=CC=C(C=C2)N2C(=O)C3=CC=C(C=C3C2=O)C(C2=CC=C3C(=O)N(*)C(=O)C3=C2)(C(F)(F)F)C(F)(F)F)C=C1)C(F)(F)F,-0.2839966563652008,msa,train
FC(F)(F)C(C1=CC=C(OC2=CC=C(*)C=C2)C=C1)(C1=CC=C(OC2=CC=C(C=C2)N2C(=O)C3=CC=C(C=C3C2=O)C2=CC3=C(C=C2)C(=O)N(*)C3=O)C=C1)C(F)(F)F,-0.6655462488490691,msa,train
FC(F)(F)C(C1=CC=C(OC2=CC=C(*)C=C2)C=C1)(C1=CC=C(OC2=CC=C(C=C2)N2C(=O)C3=CC=C(C=C3C2=O)C2=CC=C3C(=O)N(*)C(=O)C3=C2)C=C1)C(F)(F)F,-0.8386319977650252,msa,train
FC(F)(F)C(C1=CC=C(OC2=CC=C(*)C=C2)C=C1)(C1=CC=C(OC2=CC=C(C=C2)N2C(=O)C3C=CC(=CC3C2=O)C(C2=CC3C(C=C2)C(=O)N(*)C3=O)(C(F)(F)F)C(F)(F)F)C=C1)C(F)(F)F,-0.2924298239020636,msa,train
FC(F)(F)C(C1=CC=C(OC2=CC=CC(*)=C2)C=C1)(C1=CC=C(OC2=CC=CC(=C2)N2C(=O)C3=CC4=C(C=C3C2=O)C(=O)N(*)C4=O)C=C1)C(F)(F)F,-0.7695510786217261,msa,train
FC(F)(F)C(C1=CC=C(OC2=CC=CC(*)=C2)C=C1)(C1=CC=C(OC2=CC=CC(=C2)N2C(=O)C3=CC=C(C=C3C2=O)C(C2=CC3C(C=C2)C(=O)N(*)C3=O)(C(F)(F)F)C(F)(F)F)C=C1)C(F)(F)F,-0.8860566476931633,msa,train
FC(F)(F)C(C1=CC=C2C(=O)N(*)C(=O)C2=C1)(C1=CC=C2C(=O)N(C(=O)C2=C1)C1=CC2=C(C=C1)C1=C(C2)C=C(*)C=C1)C(F)(F)F,-0.2006594505464183,msa,train
FC(F)(F)C(C1=CC=C2C(=O)N(*)C(=O)C2=C1)(C1=CC=C2C(=O)N(C(=O)C2=C1)C1=CC=C(OC2=CC=C(*)C=C2)C=C1)C(F)(F)F,-0.4672456210075022,msa,train
FC(F)(F)C(C1=CC=C2C(=O)N(*)C(=O)C2=C1)(C1=CC=C2C(=O)N(C(=O)C2=C1)C1=CC=CC(=C1)C(C1=CC(*)=CC=C1)(C(F)(F)F)C(F)(F)F)C(F)(F)F,-1.0969100130080565,msa,train
FC(F)(F)C(C1=CC=C2C(=O)N(*)C(=O)C2=C1)(C1=CC=C2C(=O)N(C(=O)C2=C1)C1=CC=CC(=C1)S(=O)(=O)C1=CC=CC(*)=C1)C(F)(F)F,-1.238072161579471,msa,train
FC(F)(F)C(C1=CC=C2C(=O)N(*)C(=O)C2=C1)(C1=CC=C2C(=O)N(C(=O)C2=C1)C1=CC=CC(OC2=CC=C(*)C=C2)=C1)C(F)(F)F,-0.9030899869919436,msa,train
FC(F)(F)C(C1=CC=C2C(=O)N(*)C(=O)C2=C1)(C1=CC=C2C3=NC4=C(C=CC(=C4)C4=CC5=C(C=C4)N=C4N5C(=O)C5=C4C=C(*)C=C5)N3C(=O)C2=C1)C(F)(F)F,0.9084850188786496,msa,train
FC(F)(F)C(C1=CC=C2C(=O)N(C(=O)C2=C1)C1=CC=C(*)C=C1)(C1=CC2=C(C=C1)C(=O)N(*)C2=O)C(F)(F)F,0.1172712956557642,msa,train
FC(F)(F)C(C1=CC=C2\C(=N\*)N(*)C(=O)C2=C1)(C1=CC=C2C(=O)N3C4=C(C=C(OC5=CC=C(*)C(*)=C5)C=C4)N=C3C2=C1)C(F)(F)F,-0.2676062401770315,msa,train
FC(F)(F)C(C1=CC=CC(*)=C1)(C1=CC=CC(=C1)N1C(=O)C2=CC=C(C=C2C1=O)C(=O)C1=CC2=C(C=C1)C(=O)N(*)C2=O)C(F)(F)F,-1.853871964321762,msa,test
FC(F)(F)C(C1CC=C(*)C=C1)(C1=CC=C(C=C1)C1=NN=C(*)O1)C(F)(F)F,0.4456042032735975,msa,train
FC(F)(F)C(F)(F)C(F)(F)C(F)(F)C(F)(F)C(F)(F)C(F)(F)COC(=O)C(*)C*,1.7558748556724917,msa,test
FC(F)(F)C(F)(F)C(F)(F)C(F)(F)C(F)(F)C(F)(F)CCOC(=O)C1=CC(=CC(*)=C1)N1C(=O)C2=CC=C(C=C2C1=O)C(=O)C1=CC2=C(C=C1)C(=O)N(*)C2=O,0.6227319651647191,msa,test
FC(F)(F)C(F)(F)C(F)(F)C(F)(F)C(F)(F)C(F)(F)CCOC(=O)C1=CC(=CC(*)=C1)N1C(=O)C2=CC=C(C=C2C1=O)C(C1=CC2=C(C=C1)C(=O)N(*)C2=O)(C(F)(F)F)C(F)(F)F,-0.3565473235138126,msa,train
FC(F)(F)C(F)(F)C(F)(F)C(F)(F)C(F)(F)C(F)(F)CCOC(=O)C1=CC(=CC(*)=C1)N1C(=O)C2=CC=C(OC3=CC4=C(C=C3)C(=O)N(*)C4=O)C=C2C1=O,-0.4436974992327127,msa,test
FC(F)(F)C1(C(CC(C=*)C1(F)F)C=*)C(F)(F)F,0.9795483747040952,msa,train
FC(F)(F)C1=C(OC2=CC=C(C=C2)C(C2=CC=C(OC3=C(C=C(C=C3)N3C(=O)C4=C(C=C5C(=O)N(*)C(=O)C5=C4)C3=O)C(F)(F)F)C=C2)(C(F)(F)F)C(F)(F)F)C=CC(*)=C1,-0.0282604091122217,msa,test
FC(F)(F)C1=C(OC2=CC=C(C=C2)C(C2=CC=C(OC3=C(C=C(C=C3)N3C(=O)C4=CC=C(C=C4C3=O)C(=O)C3=CC=C4C(=O)N(*)C(=O)C4=C3)C(F)(F)F)C=C2)(C(F)(F)F)C(F)(F)F)C=CC(*)=C1,-0.7235381958267558,msa,test
FC(F)(F)C1=C(OC2=CC=C(C=C2)C(C2=CC=C(OC3=C(C=C(C=C3)N3C(=O)C4=CC=C(C=C4C3=O)C(C3=CC=C4C(=O)N(*)C(=O)C4=C3)(C(F)(F)F)C(F)(F)F)C(F)(F)F)C=C2)(C(F)(F)F)C(F)(F)F)C=CC(*)=C1,-0.153044674980176,msa,train
FC(F)(F)C1=C(OC2=CC=C(C=C2)C(C2=CC=C(OC3=C(C=C(C=C3)N3C(=O)C4=CC=C(C=C4C3=O)C3=CC=C4C(=O)N(*)C(=O)C4=C3)C(F)(F)F)C=C2)(C(F)(F)F)C(F)(F)F)C=CC(*)=C1,-0.5543957967264024,msa,train
FC(F)(F)C1=CC(*)=CC(=C1)N1C(=O)C2=CC=C(C=C2C1=O)C(C1=CC2C(C=C1)C(=O)N(*)C2=O)(C(F)(F)F)C(F)(F)F,-0.3467874862246563,msa,train
FC(F)(F)C1=CC(*)=CC=C1OC1=C(C2=C(C=CC=C2)C=C1)C1=C(OC2=C(C=C(C=C2)N2C(=O)C3=C(C=C(C=C3)C(C3=CC4=C(C=C3)C(=O)N(*)C4=O)(C(F)(F)F)C(F)(F)F)C2=O)C(F)(F)F)C=CC2=C1C=CC=C2,-0.3872161432802645,msa,train
FC(F)(F)C1=CC(*)=CC=C1OC1=CC=C(C=C1)C1(C2=C(C=CC=C2)C2=C1C=CC=C2)C1=CC=C(OC2=CC=C(C=C2C(F)(F)F)N2C(=O)C3=C(C=C(C=C3)C(C3=CC=C4C(=O)N(*)C(=O)C4=C3)(C(F)(F)F)C(F)(F)F)C2=O)C=C1,0.3856062735983122,msa,train
FC(F)(F)C1=CC(=CC(=C1)C1=CC(O*)=CC=C1OC1=CC=C(C=C1)C(=O)C1=CC=C(*)C=C1)C(F)(F)F,-0.4202164033831898,msa,train
FC(F)(F)C1=CC(=CC(=C1)C1=CC(O*)=CC=C1OC1=CC=CC(*)=C1C#N)C(F)(F)F,-0.0809219076239261,msa,train
FC(F)(F)C1=CC(=CC=C1)C1=CC(O*)=CC=C1OC1=CC=C(C=C1)C(=O)C1=CC=C(*)C=C1,-1.3872161432802643,msa,train
FC(F)(F)C1=CC(=CC=C1)C1=CC(O*)=CC=C1OC1=CC=CC(*)=C1C#N,-1.0457574905606752,msa,train
FC(F)(F)C1=CC(=CC=C1OC1=CC=C(C=C1)C1(C2=C(C=CC=C2)C2=C1C=CC=C2)C1=CC=C(OC2=CC=C(C=C2C(F)(F)F)C2=CC=C(C=C2)N2C(=O)C3=CC=C(C=C3C2=O)C(=O)C2=CC3C(C=C2)C(=O)N(*)C3=O)C=C1)C1=CC=C(*)C=C1,-0.0268721464003013,msa,train
FC(F)(F)C1=CC(=CC=C1OC1=CC=C(C=C1)C1(C2=C(C=CC=C2)C2=C1C=CC=C2)C1=CC=C(OC2=CC=C(C=C2C(F)(F)F)C2=CC=C(C=C2)N2C(=O)C3=CC=C(C=C3C2=O)C(C2=CC3C(C=C2)C(=O)N(*)C3=O)(C(F)(F)F)C(F)(F)F)C=C1)C1=CC=C(*)C=C1,0.1271047983648076,msa,train
FC(F)(F)C1=CC(=CC=C1OC1=CC=C(C=C1)C1(C2=C(C=CC=C2)C2=C1C=CC=C2)C1=CC=C(OC2=CC=C(C=C2C(F)(F)F)C2=CC=C(C=C2)N2C(=O)C3=CC=C(OC4=CC5C(C=C4)C(=O)N(*)C5=O)C=C3C2=O)C=C1)C1=CC=C(*)C=C1,0.0170333392987803,msa,train
FC(F)(F)C1=CC(=CC=C1OC1=CC=C(C=C1)C1(N(C(=O)C2=C1C=CC=C2)C1=CC=CC=C1)C1=CC=C(OC2=C(C=C(C=C2)C2=CC=C(C=C2)N2C(=O)C3=CC4=C(C=C3C2=O)C(=O)N(*)C4=O)C(F)(F)F)C=C1)C1=CC=C(*)C=C1,-0.1023729087095585,msa,train
FC(F)(F)C1=CC(=CC=C1OC1=CC=C(C=C1)C1(N(C(=O)C2=C1C=CC=C2)C1=CC=CC=C1)C1=CC=C(OC2=C(C=C(C=C2)C2=CC=C(C=C2)N2C(=O)C3=CC=C(C=C3C2=O)C(=O)C2=CC=C3C(=O)N(*)C(=O)C3=C2)C(F)(F)F)C=C1)C1=CC=C(*)C=C1,-0.2076083105017461,msa,train
FC(F)(F)C1=CC(=CC=C1OC1=CC=C(C=C1)C1(N(C(=O)C2=C1C=CC=C2)C1=CC=CC=C1)C1=CC=C(OC2=C(C=C(C=C2)C2=CC=C(C=C2)N2C(=O)C3=CC=C(C=C3C2=O)C(C2=CC=C3C(=O)N(*)C(=O)C3=C2)(C(F)(F)F)C(F)(F)F)C(F)(F)F)C=C1)C1=CC=C(*)C=C1,0.0043213737826425,msa,train
FC(F)(F)C1=CC(=CC=C1OC1=CC=C(C=C1)C1(N(C(=O)C2=C1C=CC=C2)C1=CC=CC=C1)C1=CC=C(OC2=C(C=C(C=C2)C2=CC=C(C=C2)N2C(=O)C3=CC=C(OC4=CC=C5C(=O)N(*)C(=O)C5=C4)C=C3C2=O)C(F)(F)F)C=C1)C1=CC=C(*)C=C1,-0.0757207139381183,msa,test
FC(F)(F)C1=CC(=CC=C1OC1=CC=C(C=C1)N1C(=O)C2=C(C=C(C=C2)C(C2=CC=C3C(=O)N(*)C(=O)C3=C2)(C(F)(F)F)C(F)(F)F)C1=O)C1=CC=C(C=C1)C1=CC(=C(OC2=CC=C(*)C=C2)C=C1)C(F)(F)F,0.0755469613925307,msa,train
FC(F)(F)C1=CC(=CC=C1OC1=CC=C(C=C1)N1C(=O)C2=C(C=C(C=C2)C(C2=CC=C3C(=O)N(*)C(=O)C3=C2)(C(F)(F)F)C(F)(F)F)C1=O)C1=CC=C(C=C1)C1=CC=C(C=C1)C1=CC(=C(OC2=CC=C(*)C=C2)C=C1)C(F)(F)F,0.1789769472931694,msa,train
FC(F)(F)C1=CC(=CC=C1OC1=CC=C(C=C1)N1C(=O)C2=C(C=C(C=C2)C(C2=CC=C3C(=O)N(*)C(=O)C3=C2)(C(F)(F)F)C(F)(F)F)C1=O)C1=CC=C(S1)C1=CC(=C(OC2=CC=C(*)C=C2)C=C1)C(F)(F)F,0.2253092817258628,msa,train
FC(F)(F)C1=CC(=CC=C1OC1=CC=C(C=C1)N1C(=O)C2=C(C=C(C=C2)C(C2=CC=C3C(=O)N(*)C(=O)C3=C2)(C(F)(F)F)C(F)(F)F)C1=O)C1=CC=CC(=N1)C1=CC(=C(OC2=CC=C(*)C=C2)C=C1)C(F)(F)F,0.290034611362518,msa,train
FC(F)(F)C1CC(CCC1OC1=CC=C(C=C1)C1(C2=CC=CC=C2C2=C1C=CC=C2)C1=CC=C(*)C=C1)C1=CC(=CN=C1)C1=CC(=C(O*)C=C1)C(F)(F)F,0.2013971243204514,msa,train
FC(F)(F)C1CC(CCC1OC1=CC=C(C=C1)C1(C2=CC=CC=C2C2=C1C=CC=C2)C1=CC=C(*)C=C1)C1=CC=C(S1)C1=CC(=C(O*)C=C1)C(F)(F)F,0.255272505103306,msa,test
FC(F)(F)COP(*)(OC1=CC=CC=C1)=NP(OC1=CC=CC=C1)(OC1=CC=CC=C1)=NP(OC1=CC=CC=C1)(OC1=CC=CC=C1)=NP(OC1=CC=CC=C1)(OC1=CC=CC=C1)=NP(OC1=CC=CC=C1)(OC1=CC=CC=C1)=N*,0.9542425094393248,msa,train
FC(F)(F)COP(*)(OCC(F)(F)F)=N*,1.6127838567197357,msa,train
FC1=C(F)C(COC(C2CCCC(C2)C(OCC2=C(F)C(F)=C(OC3=CC=C(C=C3)C(C3=CC=C(O*)C=C3)(C(F)(F)F)C(F)(F)F)C(F)=C2F)(C(F)(F)F)C(F)(F)F)(C(F)(F)F)C(F)(F)F)=C(F)C(F)=C1*,-0.2596373105057561,msa,train
FC1=C(F)C(COC(C2CCCC(C2)C(OCC2=C(F)C(F)=C(OC3=CC=C(C=C3)C3=CC=C(O*)C=C3)C(F)=C2F)(C(F)(F)F)C(F)(F)F)(C(F)(F)F)C(F)(F)F)=C(F)C(F)=C1*,-0.4685210829577448,msa,train
FC1=C(F)C(COC(C2CCCC(C2)C(OCC2=C(F)C(F)=C(OC3=CC=C(C=C3)N3C(=O)CCC33CCC(=O)N3C3=CC=C(O*)C=C3)C(F)=C2F)(C(F)(F)F)C(F)(F)F)(C(F)(F)F)C(F)(F)F)=C(F)C(F)=C1*,-0.6020599913279624,msa,train
FC1=C(F)C(COC(C2CCCC(C2)C(OCC2=C(F)C(F)=C(OC3=CC=C(CC4=CC=C(O*)C=C4)C=C3)C(F)=C2F)(C(F)(F)F)C(F)(F)F)(C(F)(F)F)C(F)(F)F)=C(F)C(F)=C1*,-0.4814860601221125,msa,train
FC1=C(F)C(OC2=CC=C(NC(=O)CN3C(=O)C4=CC=C(C=C4C3=O)C(*)=O)C=C2)=C(F)C(F)=C1OC1=CC=C(N*)C=C1,-1.8860566476931633,msa,test
FC1=CC(*)=CC=C1CC1=C(F)C=C(C=C1)N1C(=O)C2=CC=C(C=C2C1=O)C1=CC2=C(C=C1)C(=O)N(*)C2=O,-1.889410289700751,msa,train
FC1=CC=C(C=C1)C(*)C*,0.0253058652647702,msa,test
FCC1CC2CC1C(*)C2*,1.1139433523068367,msa,train
NC1=CC(OC2=CC(NC(=O)C3=CC(=CC=C3C(O)=O)C(C3=CC=C(C(=O)N*)C(=C3)C(O)=O)(C(F)(F)F)C(F)(F)F)=C(N)C=C2)=CC=C1*,-1.0604807473813815,msa,train
O=C1C2C(CC(C=*)C2C(=O)N1C12CC3CC(CC(C3)C1)C2)C=*,-0.2365720064370627,msa,train
O=C1C2C(CC(C=*)C2C(=O)N1C1=CC=CC=C1)C=*,-0.2676062401770315,msa,train
O=C1C2C(CC(C=*)C2C(=O)N1C1CCCC1)C=*,-0.2676062401770315,msa,train
O=C1C2C(CC(C=*)C2C(=O)N1C1CCCCC1)C=*,-0.0969100130080563,msa,train
OC(=O)C1=C(C=CC=C1)C(C1=CC=C(O*)C=C1)C1=CC=C(OC2=CC=C(C=C2)S(=O)(=O)C2=CC=C(*)C=C2)C=C1,-1.40340290437354,msa,train
OC(=O)C1C=CC=CC1C(C1=CC=C(O*)C=C1)C1=CC=C(OC2=CC=C(C=C2)C(=O)C2=CC=C(*)C=C2)C=C1,-1.3819519032879073,msa,train
OC(C*)C*,-1.7212463990471711,msa,train
OC1=CC(=CC=C1*)C1=CC(O)=C(C=C1)N1C(=O)C2=CC=C(C=C2C1=O)C1=CC2=C(C=C1)C(=O)N(*)C2=O,-3.3872161432802645,msa,train
OC1=CC(CC2=CC(O)=C(C=C2)N2C(=O)C3=CC=C(C=C3C2=O)C(C2=CC3=C(C=C2)C(=O)N(*)C3=O)(C(F)(F)F)C(F)(F)F)=CC=C1*,-1.250263684430939,msa,train
OC1=CC=C(C=C1)N1C(*)=NN=C1C1=CC=C(C=C1)C(C1=CC=C(*)C=C1)(C(F)(F)F)C(F)(F)F,0.8254261177678232,msa,train
OC1=CC=C(C=C1)N1C(*)=NN=C1C1=CC=CC(=C1)C(C1=CC(*)=CC=C1)(C(F)(F)F)C(F)(F)F,0.1492191126553798,msa,test
OC1=CC=C(C=C1*)C(C1=CC(N2C(=O)C3=C(C=C(C=C3)C(C3=CC4=C(C=C3)C(=O)N(*)C4=O)(C(F)(F)F)C(F)(F)F)C2=O)=C(O)C=C1)(C(F)(F)F)C(F)(F)F,-1.0969100130080565,msa,test
OC1=CC=C2C=C(C=CC2=C1C1=C(O)C=CC2=CC(*)=CC=C12)N1C(=O)C2=C(C=C(C=C2)C(=O)C2=CC3=C(C=C2)C(=O)N(*)C3=O)C1=O,-1.2218487496163564,msa,train
OC1=CC=C2C=C(C=CC2=C1C1=C(O)C=CC2=CC(*)=CC=C12)N1C(=O)C2=C(C=C(C=C2)C(C2=CC3=C(C=C2)C(=O)N(*)C3=O)(C(F)(F)F)C(F)(F)F)C1=O,-1.0457574905606752,msa,test
OC1=CC=C2C=C(C=CC2=C1C1=C(O)C=CC2=CC(*)=CC=C12)N1C(=O)C2=C(C=C(OC3=CC4=C(C=C3)C(=O)N(*)C4=O)C=C2)C1=O,-1.5228787452803376,msa,train
[H]C(*)=C(*)C(C)(C)C,1.9294189257142929,msa,train
[H]C([H])(C1=CC=C(*)C=C1)C1=CC=C(OC2=CC=C(C=C2)S(=O)(=O)C2=CC=C(O*)C=C2)C=C1,-0.7258421507363202,msa,test
[H]C([H])(C1=CC=C(O*)C=C1)C1=CC=C(OC2=CC=C(C=C2)S(=O)(=O)C2=CC=C(*)C=C2)C=C1,-0.721246399047171,msa,train
[H]C1=C([H])C2([H])C3C(C(=O)N(*)C3=O)C1([H])C1C2C(=O)N(C1=O)C1=CC2=C(C=C1O)C1(CC(C)(C)C3=C1C=C(O)C(*)=C3)CC2(C)C,0.6627578316815741,msa,train
[H]C1=CC(=CC(=C1)C(=O)OC1=C(Br)C=C(C=C1Br)C(C1=CC(Br)=C(O*)C(Br)=C1)(C(F)(F)F)C(F)(F)F)C(*)=O,-0.2240256688706309,msa,train
[H]C1=CC(=CC(=C1)C(=O)OC1=C(Br)C=C(C=C1Br)C1(C2C=CC=CC2C2C=CC=CC12)C1=CC(Br)=C(O*)C(Br)=C1)C(*)=O,-0.2464169411070934,msa,train
[H]C1=CC(=CC(=C1)C(=O)OC1=C(Br)C=C(C=C1Br)C1(OC(=O)C2C=CC=CC12)C1=CC(Br)=C(O*)C(Br)=C1)C(*)=O,-0.6861327796308466,msa,test
[H]C1=CC(=CC(=C1)C(=O)OC1=C(C)C=C(C=C1Br)C(C)(C)C1=CC(Br)=C(O*)C(C)=C1)C(*)=O,-0.8210230527068306,msa,train
[H]C1=CC(=CC(=C1)C(=O)OC1=C(C)C=C(C=C1C)C(C)(C)C1=CC(C)=C(O*)C(C)=C1)C(*)=O,-0.3260580013659122,msa,test
[H]C1=CC(=CC(=C1)C(=O)OC1=C(C)C=C(C=C1[H])C(C)(C)C1=CC([H])=C(O*)C(C)=C1)C(*)=O,-1.3381873144627388,msa,train
[H]C1=CC(=CC(=C1)C(=O)OC1=C(C=C(C=C1[H])C(C)(C)C1=CC([H])=C(O*)C(=C1)C(C)C)C(C)C)C(*)=O,-0.5157001606532141,msa,train
[H]C1=CC(=CC(=C1)C(=O)OC1=C([H])C=C(C=C1[H])C(C1=CC([H])=C(O*)C([H])=C1)(C(F)(F)F)C(F)(F)F)C(*)=O,-0.0974532206860085,msa,train
[H]C1=CC(=CC(=C1)C(=O)OC1=C([H])C=C(C=C1[H])C1(C2C=CC=CC2C2C=CC=CC12)C1=CC([H])=C(O*)C([H])=C1)C(*)=O,-0.2097148359667583,msa,test
[H]C1=CC(=CC(=C1)C(=O)OC1=C([H])C=C(C=C1[H])C1(OC(=O)C2=C1C=CC=C2)C1=CC([H])=C(O*)C([H])=C1)C(*)=O,-0.7772835288524167,msa,test
[H]C1=CC(=CC(=C1)C(=O)OC1=C([H])C=C(C=C1[H])C1(OC(=O)C2C=CC=CC12)C1=CC([H])=C(O*)C([H])=C1)C(*)=O,-0.6020599913279624,msa,train
[H]C1=CC(=CC(C(C)C)=C1OC(=O)C1=CC(=CC(=C1)C(*)=O)C(C)(C)C)C(C)(C)C1=CC([H])=C(O*)C(=C1)C(C)C,0.1553360374650617,msa,train
[H]C1=CC(=CC(C)=C1O*)C(C)(C)C1=CC(C)=C(OC(=O)C2=CC(=CC=C2)C(=O)O*)C([H])=C1,-1.3565473235138126,msa,train
[H]C1=CC(=CC(C)=C1O*)C(C)(C)C1=CC(C)=C(OC(=O)C2=CC=C(C=C2)C(=O)O*)C([H])=C1,-0.7695510786217261,msa,test
[H]C1=CC(=CC(C)=C1OC(=O)C1=CC(=CC(=C1)C(*)=O)C(C)(C)C)C(C)(C)C1=CC([H])=C(O*)C(C)=C1,-0.3979400086720376,msa,test
[H]C1=CC(=CC([H])=C1O*)C(C)(C)C1=CC([H])=C(OC(=O)C2=CC(=CC(=C2)C(*)=O)C(C)(C)C)C([H])=C1,0.1553360374650617,msa,train
[H]C1=CC(=CC([H])=C1O*)C(C1=CC([H])=C(OC(=O)C2=CC(=CC(=C2)C(*)=O)C(C)(C)C)C([H])=C1)(C(F)(F)F)C(F)(F)F,0.5403294747908738,msa,train
[H]C1=CC(=CC([H])=C1O*)C(C1=CC([H])=C(OC(=O)C2=CC=CC(=C2)C(*)=O)C([H])=C1)(C(F)(F)F)C(F)(F)F,-0.0974532206860085,msa,train
[H]C1=CC(=CC([H])=C1O*)C1(C2C=CC=CC2C2C=CC=CC12)C1=CC([H])=C(OC(=O)C2=CC(=CC(=C2)C(*)=O)C(C)(C)C)C([H])=C1,0.3760291817281802,msa,train
[H]C1=CC(=CC([H])=C1O*)C1(C2C=CC=CC2C2C=CC=CC12)C1=CC([H])=C(OC(=O)C2=CC=CC(=C2)C(*)=O)C([H])=C1,-0.2104192878355745,msa,train
[H]C1=CC(=CC([H])=C1O*)C1(OC(=O)C2=C1C=CC=C2)C1=CC([H])=C(OC(=O)C2=CC(=CC(=C2)C(*)=O)C(C)(C)C)C([H])=C1,0.0644579892269184,msa,train
[H]C1=CC(=CC([H])=C1O*)C1(OC(=O)C2C=CC=CC12)C1=CC([H])=C(OC(=O)C2=CC(=CC(=C2)C(*)=O)C(C)(C)C)C([H])=C1,0.0644579892269184,msa,train
[H]C1=CC(=CC=C1OC(=O)C1=CC=C(C=C1)C(=O)O*)C1(OC(=O)C2=C1C=CC=C2)C1=CC([H])=C(O*)C=C1,-0.3279021420642826,msa,train
[H]C1=CC(OC2=CC=C(C=C2)C2(OC(=O)C3=CC=CC=C23)C2=CC=C(OC3=CC=C(C([H])=C3)N3C(=O)C4=C(C=C(C=C4)C(C4=CC5=C(C=C4)C(=O)N(*)C5=O)(C(F)(F)F)C(F)(F)F)C3=O)C=C2)=CC=C1*,-0.3419886033428877,msa,train
[H]C1=CC2=C(C=C1)C1=CC=C(C=C1C2(C)C)C(*)=C(*)C1=CC(F)=C(F)C=C1,4.079181246047625,msa,train
[H]C1=CC2=C(C=C1)C1=CC=C(C=C1C2(C)C)C(*)=C(*)C1=CC(F)=CC(F)=C1,3.6232492903979,msa,train
[H]C1=CC2=C(C=C1)C1=CC=C(C=C1C2(C)C)C(*)=C(*)C1=CC(F)=CC=C1,4.041392685158225,msa,train
[H]C1=CC2=C(C=C1)C1=CC=C(C=C1C2(C)C)C(*)=C(*)C1=CC=C(Br)C=C1,3.9684829485539352,msa,train
[H]C1=CC2=C(C=C1)C1=CC=C(C=C1C2(C)C)C(*)=C(*)C1=CC=C(C=C1)C(C)(C)C,3.8195439355418688,msa,test
[H]C1=CC2=C(C=C1)C1=CC=C(C=C1C2(C)C)C(*)=C(*)C1=CC=C(C=C1)[Si](C)(C)C,2.7403626894942437,msa,train
[H]C1=CC2=C(C=C1)C1=CC=C(C=C1C2(C)C)C(*)=C(*)C1=CC=C(F)C=C1,4.041392685158225,msa,train
[H]C1=CC2=C(C=C1)C1=CC=C(C=C1C2(C)C)C(*)=C(*)C1=CC=CC=C1,3.9590413923210934,msa,train
[H]C1=CC2=C(C=C1C(C)(C)C)C1(C3=C2C=C(O*)C(O*)=C3)C2=C(C=C3OC4=C(OC3=C2)C(C#N)=C(*)C(*)=C4C#N)C2=C1C=C(C([H])=C2)C(C)(C)C,3.2310871205848226,msa,test
[H]C1=CC2=C(C=C1C)C1(C3=C(C=C([H])C(C)=C3)C3=C1C=C1OC4=C(OC1=C3)C(C#N)=C(*)C(*)=C4C#N)C1=C2C=C(O*)C(O*)=C1,2.765295929698057,msa,train
[H]C1=CC2=C(C=C1[H])C1(C3=C(C=C(C)C(C)=C3)C3=C1C=C(O*)C(O*)=C3)C1=C2C=C2OC3=C(OC2=C1)C(C#N)=C(*)C(*)=C3C#N,2.7505083948513462,msa,train
[H]C1=CC2=C(C=C1[H])C1(C3=C(C=C([H])C([H])=C3)C3=C1C=C1OC4=C(OC1=C3)C(C#N)=C(*)C(*)=C4C#N)C1=C2C=C(O*)C(O*)=C1,2.5010592622177517,msa,train
[H]C1=CC=C(C=C1)C1=C(C2=CC=C([H])C=C2)C(C2=CC=C3OC4=C(OC3=C2)C(C#N)=C(*)C(*)=C4C#N)=C(C2=CC=C([H])C=C2)C(C2=CC=C([H])C=C2)=C1C1=CC=C(O*)C(O*)=C1,2.2833012287035497,msa,test
[H]C1=CC=C(C=C1)N(C1=CC=C(*)C=C1)C1=CC=C(C=C1)N1C(=O)C2=C(C=C(C=C2)C(C2=CC=C3C(=O)N(*)C(=O)C3=C2)(C(F)(F)F)C(F)(F)F)C1=O,-1.0969100130080565,msa,test
[H]C1CC(*)CC1\C=C\*,0.3979400086720376,msa,train
[H]N1C2C=CC(*)=CC2C2=C1C=CC(=C2)N1C(=O)C2=CC=C(C=C2C1=O)C(C1=CC2=C(C=C1)C(=O)N(*)C2=O)(C(F)(F)F)C(F)(F)F,-0.518557371497695,msa,train
[O-]S(=O)(=O)C1=CC=C(C=C1)C(*)C*,-0.9226320947158436,msa,train
