SMILES,CO2_msa_log10,source,split
*=CC1CCC(C1)C=*,1.187520720836463,msa,train
*C(=C(*)C1=CC2=C(C=C1)C1=C(C2)C=CC=C1)C1=CC=CC=C1,3.929418925714293,msa,train
*C(=C(*)C1=CC2=C(C=C1)C1=C(C=CC=C1)C=C2)C1=CC=CC=C1,3.724275869600789,msa,test
*C(=C(*)C1=CC=C(C=C1)C1=CC=CC=C1)C1=CC=CC=C1,3.113943352306837,msa,train
*C(=C(*)C1=CC=C(C=C1)[Si](C1=CC=CC=C1)(C1=CC=CC=C1)C1=CC=CC=C1)C1=CC=CC=C1,1.8965262174895552,msa,train
*C(=C(*)C1=CC=C2C3=C(C=CC=C3)C3(CC3)C2=C1)C1=CC=CC=C1,3.505149978319906,msa,train
*C(=C(*)C1=CC=C2CCCC2=C1)C1=CC=CC=C1,2.591064607026499,msa,train
*C(=C(*)C1=CC=CC=C1)C1=CC=CC=C1,3.8195439355418688,msa,test
*C(=O)C1=CC=C(C=C1)C1(OC(=O)C2=C1C=CC=C2)C1=CC=C(C=C1)C(=O)C1=CC=C(OC2=CC=C(C=C2)C(=O)C2=CC=C(C=C2)C(=O)C2=CC=C(OC3=CC=C(*)C=C3)C=C2)C=C1,0.3304137733491908,msa,train
*C(=O)C1=CC=C(C=C1)C1(OC(=O)C2=C1C=CC=C2)C1=CC=C(C=C1)C(=O)C1=CC=C(OC2=CC=C(C=C2)C(=O)C2=CC=C(OC3=CC=C(*)C=C3)C=C2)C=C1,0.4913616938342727,msa,train
*C(=O)C1=CC=C(C=C1)C1(OC(=O)C2=C1C=CC=C2)C1=CC=C(C=C1)C(=O)C1=CC=C(OC2=CC=C(C=C2)C(=O)C2=CC=CC(=C2)C(=O)C2=CC=C(OC3=CC=C(*)C=C3)C=C2)C=C1,-0.0409586076789063,msa,test
*C(=O)N1C(*)=NC2=C1C=C1N3C(=NC1=C2)C1=CC=C(*)C2=C1C(=CC=C2*)C3=O,-0.9208187539523752,msa,train
*C1=CC(C(=O)C2=CC=CC=C2)=C(*)C=C1,1.15106325335375,msa,train
*C1=CC2=C(OC3=CC(=CC=C3O2)C2(C3=C(C=CC=C3)C3=C2C=CC=C3)C2=CC3=C(OC4=C(O3)C=CC(*)=C4)C=C2)C=C1,1.4255342204982635,msa,train
*C1=CC2C(C=C1)C(=O)N(C2=O)C1=CC=C(OC2=CC=C(C=C2)N2C(=O)C3=CC=C(*)C=C3C2=O)C=C1,0.4313637641589873,msa,train
*C1=CC=C(C=C1)C1(C2=C(C=CC=C2)C2=C1C=CC=C2)C1=CC=C(*)C=C1,1.5510838651857803,msa,train
*C1=CC=C(C=C1)C1(OC(=O)C2=CC=CC=C12)C1=CC=C(*)C=C1,1.8573324964312683,msa,train
*C1=CC=C(OC2=CC=C(C=C2)C(C2=CC=CC=C2)(C2=CC=CC=C2)C2=CC=C(OC3=CC=C(*)C=C3)C=C2)C=C1,0.9809119377768436,msa,train
*C1=CC=C(OC2=CC=C(C=C2)C2(C3C=CC=CC3C3C=CC=CC23)C2=CC=C(OC3=CC=C(*)C=C3)C=C2)C=C1,1.236033147117636,msa,train
*C1=CC=C(OC2=CC=C(C=C2)S(=O)(=O)C2=CC=C(OC3=CC=C(C=C3)S(*)(=O)=O)C=C2)C=C1,0.4593924877592308,msa,train
*C1=CC=C(OC2=CC=C(OC3=CC=C(*)C=C3)C3=C2C2C4=C(C=CC=C4)C3C3=C2C=CC=C3)C=C1,1.1300119496719043,msa,train
*C1=CC=C2C(=O)N(C(=O)C2=C1)C1=CC=C(OC2=CC=C(C=C2)N2C(=O)C3=C(C=C(C=C3)C3=NC4=C(C=C(CC5=CC=C6N=C(*)OC(=O)C6=C5)C=C4)C(=O)O3)C2=O)C=C1,-0.585026652029182,msa,train
*C1=NC2=C(N1)C=CC(=C2)C1=CC2=C(NC(=N2)C2=CC=CC(*)=C2)C=C1,-0.7958800173440752,msa,train
*C1=NN=C(N1C1=CC=CC=C1)C1=CC(*)=CC=C1,0.4313637641589873,msa,test
*C1=NN=C(N1C1=CC=CC=C1)C1=CC=CC(=C1)C1=NN=C(N1C1=CC=CC=C1)C1=CC=C(*)C=C1,0.7160033436347992,msa,train
*CC(*)C#N,-2.744727494896694,msa,train
*CC(*)C1=CC=CC=C1,1.0934216851622351,msa,train
*CC(*)C1=CC=NC=C1,0.5198279937757188,msa,train
*CC(*)OC(=C)C1CCCCC1,0.919078092376074,msa,train
*CC(*)OC(=O)C1=CC=CC=C1,0.800717078282385,msa,train
*CC(*)OC1C2CC3CC(C2)CC1C3,1.4014005407815442,msa,test
*CC(*)OC1CC2CC1C1CCCC21,1.100370545117563,msa,test
*CC(*)OC1CC2CCC1C2,1.3979400086720375,msa,train
*CC(*)OC1CCCCC1,1.1335389083702174,msa,test
*CC(*)OCC1=CC=CC=C1,1.0453229787866574,msa,train
*CC(*)OCC1CC2CC1C1CCCC21,0.4548448600085102,msa,train
*CC(*)OCC1CCCCC1,0.7701152947871016,msa,train
*CC*,0.8642143304613297,msa,train
*CC1=CC=C(C*)C(=C1)C#N,-0.5214335044061567,msa,train
*CC1=CC=C(C*)C=C1,0.1139433523068367,msa,test
*CCCC*,1.6848453616444126,msa,train
*CCCC=C*,3.3010299956639813,msa,train
*CCCCO*,2.230448921378274,msa,train
*CCO*,1.6074550232146685,msa,train
*CCOC(=O)C1=CC2=CC=C(C=C2C=C1)C(=O)O*,-0.8843894883257002,msa,train
*CCOC(=O)C1=CC=C(C=C1)C(=O)O*,-0.7619538968712046,msa,train
*CCSS*,0.4969296480732149,msa,train
*CN1CN(*)CC2=CC3=C(C=C12)C1C2=CC=CC=C2C3C2=C1C=C(*)C(*)=C2,3.8344207036815328,msa,train
*CN1CN(*)CC2=CC3=CC4C5CC(C4C=C3C=C12)C1=CC2=C(C=C51)C=C1N(C*)CN(*)CC1=C2,3.1721649135409566,msa,train
*CO*,-0.3467874862246563,msa,test
*C\C=C/C*,2.1398790864012365,msa,train
*N1C(=O)C2=C(C=C(C(OC3=CC=CC=C3)=C2)C2=C(OC3=CC=CC=C3)C=C3C(=O)N(C(=O)C3=C2)C2=CC=C(CC3=CC=C(*)C=C3)C=C2)C1=O,1.462397997898956,msa,train
*N1C(=O)C2=C(C=C(C(OC3=CC=CC=C3)=C2)C2=C(OC3=CC=CC=C3)C=C3C(=O)N(C(=O)C3=C2)C2=CC=C(OC3=CC=C(*)C=C3)C=C2)C1=O,1.4785664955938431,msa,train
*N1C(=O)C2=C(C=C(C=C2)C(=O)C2=CC=C3C(=O)N(C(=O)C3=C2)C2=CC(*)=CC=C2)C1=O,-0.368556230986828,msa,train
*N1C(=O)C2=C(C=C(C=C2)C(=O)C2=CC=C3C(=O)N(C(=O)C3=C2)C2=CC3=C(C=C2)C2C=CC(*)=CC2C3=O)C1=O,-1.0,msa,test
*N1C(=O)C2=C(C=C(C=C2)C2=CC=C3C(=O)N(C(=O)C3=C2)C2=CC=C(C=C2)S(=O)(=O)C2=CC=C(*)C=C2)C1=O,0.2430380486862944,msa,test
*N1C(=O)C2=C(C=C(C=C2)C2=CC=C3C(=O)N(C(=O)C3=C2)C2=CC=C(CC3=CC=C(*)C=C3)C=C2)C1=O,0.0,msa,train
*N1C(=O)C2=C(C=C(C=C2)C2=CC=C3C(=O)N(C(=O)C3=C2)C2=CC=C(OC3=CC=C(*)C=C3)C=C2)C1=O,0.0791812460476248,msa,train
*N1C(=O)C2=C(C=C(C=C2)C2=CC=C3C(=O)N(C(=O)C3=C2)C2=CC=C(OC3=CC=C(C=C3)S(=O)(=O)C3=CC=C(OC4=CC=C(*)C=C4)C=C3)C=C2)C1=O,0.2671717284030138,msa,train
*N1C(=O)C2=C(C=C(C=C2)C2=CC=C3C(=O)N(C(=O)C3=C2)C2=CC=C(OC3=CC=C(OC4=CC=C(OC5=CC=C(*)C=C5)C=C4)C=C3)C=C2)C1=O,0.0969100130080564,msa,train
*N1C(=O)C2=C(C=C(C=C2)C2=CC=C3C(=O)N(C(=O)C3=C2)C2=CC=C(SC3=CC=C(*)C=C3)C=C2)C1=O,-0.1112590393171073,msa,test
*N1C(=O)C2=C(C=C(OC3=CC=C4C(=O)N(C(=O)C4=C3)C3=CC(*)=CC=C3)C=C2)C1=O,-0.5214335044061567,msa,train
*N1C(=O)C2=C(C=C3C(=C2)S(=O)(=O)C2=C(C=C4C(=O)N(C(=O)C4=C2)C2=CC=C(OC4=CC=C(*)C=C4)C=C2)S3(=O)=O)C1=O,0.9822712330395684,msa,train
*N1C(=O)C2=C(C=C3C(=O)N(C(=O)C3=C2)C2=CC=C(CC3=CC=C(*)C=C3)C=C2)C1=O,0.3970705499594087,msa,test
*N1C(=O)C2=C(C=C3C(=O)N(C(=O)C3=C2)C2=CC=C(OC3=CC=C(*)C=C3)C=C2)C1=O,0.2833012287035495,msa,train
*N1C(=O)C2=C(C=C3C(=O)N(C(=O)C3=C2)C2=CC=CC(OC3=CC(*)=CC=C3)=C2)C1=O,-0.3010299956639812,msa,test
*N1C(=O)C2=C(C=C3SC4=C(SC3=C2)C=C2C(=O)N(C(=O)C2=C4)C2=CC=C(OC3=CC=C(*)C=C3)C=C2)C1=O,0.6020599913279624,msa,test
*N1C(=O)C2=CC3=C(C=C2C1=O)C(=O)N(C3=O)C1=CC=C(OC2=CC=C(*)C=C2)C=C1,0.5502283530550941,msa,train
*N1C(=O)C2=CC3=C(C=C2C1=O)C(=O)N(C3=O)C1=CC=CC(OC2=CC=C(*)C=C2)=C1,0.0603200286882851,msa,train
*N1C(=O)C2=CC=C(C=C2C1=O)C(=O)C1=CC=C2C(=O)N(C(=O)C2=C1)C1=CC=C(OC2=CC=C(*)C=C2)C=C1,-0.2041199826559248,msa,test
*N1C(=O)C2=CC=C(C=C2C1=O)C1=CC=C2C(=O)N(C(=O)C2=C1)C1=CC=C(C=C1)S(=O)(=O)C1=CC=C(*)C=C1,0.4099331233312945,msa,train
*N1C(=O)C2=CC=C(C=C2C1=O)C1=CC=C2C(=O)N(C(=O)C2=C1)C1=CC=C(CC2=CC=C(*)C=C2)C=C1,0.3364597338485295,msa,train
*N1C(=O)C2=CC=C(C=C2C1=O)C1=CC=C2C(=O)N(C(=O)C2=C1)C1=CC=C(OC2=CC=C(*)C=C2)C=C1,-0.1924649719311467,msa,test
*N1C(=O)C2=CC=C(OC3=CC=C(OC4=CC5=C(C=C4)C(=O)N(C5=O)C4=CC=C(CC5=CC=C(*)C=C5)C=C4)C=C3)C=C2C1=O,0.0863598306747482,msa,train
*N1C(=O)C2=CC=C(OC3=CC=C(OC4=CC5=C(C=C4)C(=O)N(C5=O)C4=CC=CC(*)=C4)C=C3)C=C2C1=O,-0.2232988160115891,msa,train
*N1C(=O)C2C=C3C(=O)N(C(=O)C3=CC2C1=O)C1=CC(OC2=CC(*)=CC=C2)=CC=C1,-0.3010299956639812,msa,train
*N1C(=O)C2C=CC(=CC2C1=O)C(=O)C1=CC=C2C(=O)N(C(=O)C2=C1)C1=CC=C(C=C1)N(C1=CC=CC=C1)C1=CC=C(*)C=C1,0.5185139398778875,msa,test
*N1C(=O)C2C=CC(=CC2C1=O)C1=CC=C2C(=O)N(C(=O)C2=C1)C1=CC=C(C=C1)N(C1=CC=CC=C1)C1=CC=C(*)C=C1,0.6720978579357175,msa,test
*N1C(=O)C2C=CC(=CC2C1=O)C1=CC=C2C(=O)N(C(=O)C2=C1)C1=CC=C(C=C1)S(=O)(=O)C1=CC=C(*)C=C1,0.3283796034387377,msa,test
*N1C(=O)C2C=CC(=CC2C1=O)C1=CC=C2C(=O)N(C(=O)C2=C1)C1=CC=C(CC2=CC=C(*)C=C2)C=C1,0.2041199826559248,msa,test
*N1C(=O)C2C=CC(OC3=CC=C4C(=O)N(C(=O)C4=C3)C3=CC=C(C=C3)N(C3=CC=CC=C3)C3=CC=C(*)C=C3)=CC2C1=O,0.4593924877592308,msa,train
*N=P(*)(OC1=CC=CC=C1)OC1=CC=CC=C1,1.0413926851582251,msa,test
*NC(=O)C1=CC(=CC=C1)C(=O)NC1=CC=C(C=C1)C1(C2C=CC=CC2C2C=CC=CC12)C1=CC=C(*)C=C1,0.724275869600789,msa,train
*NC(=O)C1=CC=C(C=C1)C(=O)NC1=CC=C(C=C1)C1(C2C=CC=CC2C2C=CC=CC12)C1=CC=C(*)C=C1,1.1846914308175989,msa,train
*NC1=CC=C(*)C=C1,-0.1739251972991735,msa,test
*NC1=CC=C(C=C1)C(=O)C1=CC=C(NC(=O)C2=CC=CC(=C2)C(*)=O)C=C1,-0.494850021680094,msa,train
*NC1=CC=C(C=C1)C1(C2C=CC=CC2C2C=CC=CC12)C1=CC=C(NC(=O)CN2C(=O)C3=CC=C(C=C3C2=O)C(*)=O)C=C1,0.1872386198314787,msa,test
*NC1=CC=C(C=C1)S(=O)(=O)C1=CC=C(NC(=O)C2=CC(=CC(=C2)C2=CC=CC=C2)C(*)=O)C=C1,0.505149978319906,msa,train
*NC1=CC=C(C=C1)S(=O)(=O)C1=CC=C(NC(=O)C2=CC(=CC=C2)C(*)=O)C=C1,-0.1079053973095195,msa,train
*NC1=CC=C(CC2=CC=C(NC(=O)CN3C(=O)C4=CC=C(C=C4C3=O)C(*)=O)C=C2)C=C1,-0.5783960731301689,msa,train
*NC1=CC=C(OC2=CC=C(OC3=CC=C(NC(=O)CN4C(=O)C5=CC=C(C=C5C4=O)C(*)=O)C=C3)C=C2)C=C1,-0.1255181823005335,msa,test
*NCCCCCC(*)=O,-0.7825160557860937,msa,train
*NCCCCCCCCCCC(*)=O,0.0,msa,train
*OC(=O)OC1=CC=C(C=C1)C1(C2=C(C=CC=C2)C2=C1C=CC=C2)C1=CC=C(*)C=C1,1.1789769472931697,msa,train
*OC(=O)OC1=CC=C(C=C1)C1(CC2CCC1C2)C1=CC=C(*)C=C1,0.9590413923210936,msa,train
*OC(=O)OC1=CC=C(C=C1)C1(CCCCC1)C1=CC=C(*)C=C1,0.3424226808222063,msa,train
*OC1=C(C=C(*)C=C1C1=CC=CC=C1)C1=CC=CC=C1,1.6009728956867482,msa,train
*OC1=C2C=CC=C(OC3=CC=C(C=C3)S(=O)(=O)C3=CC=C(*)C=C3)C2=CC=C1,0.2041199826559248,msa,test
*OC1=CC2=C(C=C1O*)C1(C3=C2C=CC=C3)C2=C(C=CC=C2)C2=C1C=C1OC3=C(OC1=C2)C(C#N)=C(*)C(*)=C3C#N,4.084576277934331,msa,train
*OC1=CC=C(C(=O)C2=CC=C(OC3=CC=C(C=C3)C3(C4C=CC=CC4C4C=CC=CC34)C3=CC=C(*)C=C3)C=C2)C2=C1C=CC=C2,0.6963563887333322,msa,train
*OC1=CC=C(C=C1)C(=O)C1=CC(=CC=C1)C1=CC(=CC=C1)C(=O)C1=CC=C(OC2=CC=C(C=C2)C2(C3C=CC=CC3C3C=CC=CC23)C2=CC=C(*)C=C2)C=C1,0.2718416065364989,msa,train
*OC1=CC=C(C=C1)C(=O)C1=CC=C(C=C1)C1=CC=C(C=C1)C(=O)C1=CC=C(OC2=CC=C(C=C2)S(=O)(=O)C2=CC=C(*)C=C2)C=C1,0.5145477526602861,msa,test
*OC1=CC=C(C=C1)C1(C2=C(C=CC=C2)C2=C1C=CC=C2)C1=CC=C(OC(=O)C2=CC=CC(=C2)C(*)=O)C=C1,1.3031960574204888,msa,train
*OC1=CC=C(C=C1)C1(C2C=CC=CC2C2C=CC=CC12)C1=CC=C(OC2=CC=C(C=C2)S(=O)(=O)C2=CC=C(*)C=C2)C=C1,1.1398790864012365,msa,train
*OC1=CC=C(C=C1)C1(C2CC3CC(C2)CC1C3)C1=CC=C(OC2=CC=C(C=C2)S(=O)(=O)C2=CC=C(*)C=C2)C=C1,0.8573324964312685,msa,train
*OC1=CC=C(C=C1)C1(NC(=O)C2C=CC=CC12)C1=CC=C(OC2=CC=C(C=C2)C(=O)C2=CC=C(*)C=C2)C=C1,0.3729120029701065,msa,train
*OC1=CC=C(C=C1)C1(OC(=O)C2=C1C=CC=C2)C1=CC=C(OC(=O)C2=CC=CC(=C2)C(*)=O)C=C1,0.9542425094393248,msa,train
*OC1=CC=C(C=C1)C1(OC(=O)C2=C1C=CC=C2)C1=CC=C(OC2=CC=C(C=C2)S(=O)(=O)C2=CC=C(*)C=C2)C=C1,0.7589118923979735,msa,train
*OC1=CC=C(C=C1)C1(OC(=O)C2=CC=CC=C12)C1=CC=C(OC(=C)C2=CC=C(C=C2)C2=CC=C(C=C2)C(*)=O)C=C1,0.8394780473741984,msa,train
*OC1=CC=C(C=C1)C1(OC(=O)C2C=CC=CC12)C1=CC=C(OC2=CC=C(C=C2)C(=O)C2=CC=C(*)C=C2)C=C1,0.436162647040756,msa,test
*OC1=CC=C(C=C1)C1(OC(=O)C2C=CC=CC12)C1=CC=C(OC2=CC=C(C=C2)C(=O)C2=CC=C(C=C2)C(=O)C2=CC=C(*)C=C2)C=C1,0.3364597338485295,msa,train
*OC1=CC=C(C=C1)C12CC3CC(C1)CC(C3)(C2)C1=CC=C(OC2=CC=C(C=C2)S(=O)(=O)C2=CC=C(*)C=C2)C=C1,0.9777236052888478,msa,train
*OC1=CC=C(C=C1)C1=CC=C(OC2=CC=C(C=C2)S(=O)(=O)C2=CC=C(*)C=C2)C=C1,0.7481880270062004,msa,train
*OC1=CC=C(C=C1)C1=NN(C2=CC=C(C=C2)S(=O)(=O)C2=CC=C(*)C=C2)C(=O)C2=C1C=CC=C2,-0.0362121726544447,msa,train
*OC1=CC=C(C=C1)S(=O)(=O)C1=CC=C(OC2=CC3=CC(*)=CC=C3C=C2)C=C1,0.255272505103306,msa,train
*OC1=CC=C(C=C1)S(=O)(=O)C1=CC=C(OC2=CC3=CC=C(*)C=C3C=C2)C=C1,0.1760912590556812,msa,train
*OC1=CC=C(C=C1)S(=O)(=O)C1=CC=C(OC2=CC=C(C=C2)C2(C3=C(C=CC=C3)C3=C2C=CC=C3)C2=CC=C(*)C=C2)C=C1,1.1398790864012365,msa,train
*OC1=CC=C(C=C1)S(=O)(=O)C1=CC=C(OC2=CC=C(C=C2)C2=CC=C(*)C=C2)C=C1,0.7481880270062004,msa,train
*OC1=CC=C(C=C1)S(=O)(=O)C1=CC=C(OC2=CC=C(OC3=CC=C(*)C=C3)C=C2)C=C1,0.6334684555795865,msa,test
*OC1=CC=C(C=C1)S(=O)(=O)C1=CC=C(OC2=CC=CC3=C(*)C=CC=C23)C=C1,0.2041199826559248,msa,train
*OC1=CC=C(C=C1O*)C1=C(C2=CC=C(C=C2)C#N)C(C2=CC=C(C=C2)C#N)=C(C2=CC=C3OC4=C(OC3=C2)C(C#N)=C(*)C(*)=C4C#N)C(C2=CC=C(C=C2)C#N)=C1C1=CC=C(C=C1)C#N,3.113943352306837,msa,test
*OC1=CC=C(OC2=CC=C(C=C2)C(=O)C2=CC=C(*)C=C2)C=C1,-0.0163737128754655,msa,train
*OC1=CC=C(OC2=CC=C(OC3=CC=C(C=C3)S(=O)(=O)C3=CC=C(*)C=C3)C=C2)C=C1,0.6334684555795865,msa,train
*OCCCCCC(*)=O,1.2253092817258628,msa,train
*SC1=CC=C(*)C=C1,0.2041199826559248,msa,train
BrC1=CC(*)=CC=C1CC1=C(Br)C=C(C=C1)N1C(=O)C2=CC=C(C=C2C1=O)C1=CC2=C(C=C1)C(=O)N(*)C2=O,-0.5016894462103995,msa,train
BrC1=CC(=CC(Br)=C1O*)C1(C2C=CC=CC2C2C=CC=CC12)C1=CC(Br)=C(OC(=O)C2=CC=CC(=C2)C(*)=O)C(Br)=C1,1.3096301674258988,msa,train
BrC1=CC(=CC(Br)=C1O*)C1(OC(=O)C2=C1C=CC=C2)C1=CC(Br)=C(OC(=O)C2=CC=CC(=C2)C(*)=O)C(Br)=C1,0.9211660506377388,msa,train
BrC1=CC(C*)=CC=C1C*,-1.4436974992327127,msa,train
BrC1=CC=C(C=C1)C(*)C*,0.9294189257142929,msa,train
BrC1=CC=C(C=C1)C1=C(C2=CC=C(Br)C=C2)C(C2=CC=C3OC4=C(OC3=C2)C(C#N)=C(*)C(*)=C4C#N)=C(C2=CC=C(Br)C=C2)C(C2=CC=C(Br)C=C2)=C1C1=CC=C(O*)C(O*)=C1,3.155336037465062,msa,train
BrC1=CC=C(OP(*)(OC2=CC=C(Br)C=C2)=N*)C=C1,0.6127838567197355,msa,train
CC(*)(C*)C#N,-2.494850021680094,msa,train
CC(*)(C*)C(=O)OCC(F)(F)C(F)(F)C(F)(F)C(F)(F)C(F)(F)C(F)(F)C(F)(F)F,2.113943352306837,msa,test
CC(*)(C*)C1=CC=CC=C1,0.4771212547196624,msa,train
CC(*)=C(*)C1=CC=CC=C1,2.2412973871099933,msa,train
CC(*)=C(*)[Si](C)(C)C,4.503790683057181,msa,train
CC(*)C*,0.9637878273455552,msa,train
CC(=O)OC1=CC=C(C=C1)C(*)C*,1.212187604403958,msa,train
CC(=O)OC1=CC=C2C=C(C=CC2=C1C1=C(OC(C)=O)C=CC2=CC(*)=CC=C12)N1C(=O)C2=C(C=C(C=C2)C(=O)C2=CC3=C(C=C2)C(=O)N(*)C3=O)C1=O,0.5502283530550941,msa,train
CC(=O)OC1=CC=C2C=C(C=CC2=C1C1=C(OC(C)=O)C=CC2=CC(*)=CC=C12)N1C(=O)C2=C(C=C(C=C2)C(C2=CC3=C(C=C2)C(=O)N(*)C3=O)(C(F)(F)F)C(F)(F)F)C1=O,0.7032913781186614,msa,train
CC(=O)OC1=CC=C2C=C(C=CC2=C1C1=C(OC(C)=O)C=CC2=CC(*)=CC=C12)N1C(=O)C2=C(C=C(OC3=CC4=C(C=C3)C(=O)N(*)C4=O)C=C2)C1=O,0.3765769570565119,msa,train
CC(=O)OC1C(*)C(COC(=O)NC(C)(C)C)OC(O*)C1OC(C)=O,1.4548448600085102,msa,train
CC(=O)OC1OC(O*)C(OC(C)=O)C(O)C1*,0.5440680443502757,msa,train
CC(=O)OC1OC(O*)C(OC(C)=O)C(OC(C)=O)C1*,0.8169038393756602,msa,train
CC(C)(C)C1=CC(*)=CC(=C1)C1=NC2=C(N1)C=CC(=C2)C1=CC2=C(NC(*)=N2)C=C1,0.2810333672477275,msa,train
CC(C)(C)C1=CC(=CC(=C1)C(*)=O)C(=O)NC1=CC=C(C=C1)C(=O)C1=CC=C(N*)C=C1,0.6954816764901974,msa,train
CC(C)(C)C1=CC(=CC(=C1)C(=O)NC1=CC=C(C=C1)C1(C2C=CC=CC2C2C=CC=CC12)C1=CC=C(*)C=C1)C(=O)N*,1.576341350205793,msa,train
CC(C)(C)C1=CC(=CC(=C1)C(=O)OC1=C(Br)C=C(C=C1Br)C(C)(C)C1=CC(Br)=C(O*)C(Br)=C1)C(*)=O,1.3324384599156054,msa,test
CC(C)(C)C1=CC(=CC(=C1)C(=O)OC1=C(Br)C=C(C=C1Br)C(C1=CC(Br)=C(O*)C(Br)=C1)(C(F)(F)F)C(F)(F)F)C(*)=O,1.929929560084588,msa,train
CC(C)(C)C1=CC(=CC(=C1)C(=O)OC1=C(Br)C=C(C=C1Br)C1(C2C=CC=CC2C2C=CC=CC12)C1=CC(Br)=C(O*)C(Br)=C1)C(*)=O,1.841984804590114,msa,train
CC(C)(C)C1=CC(=CC(=C1)C(=O)OC1=C(Br)C=C(C=C1Br)C1(OC(=O)C2=C1C=CC=C2)C1=CC(Br)=C(O*)C(Br)=C1)C(*)=O,1.48572142648158,msa,train
CC(C)(C)C1=CC(=CC(=C1)C(=O)OC1=C(Br)C=C(C=C1Br)C1(OC(=O)C2C=CC=CC12)C1=CC(Br)=C(O*)C(Br)=C1)C(*)=O,1.48572142648158,msa,train
CC(C)(C)C1=CC(=CC(OP(Cl)(*)=NP(OC2=CC(=CC(=C2)C(C)(C)C)C(C)(C)C)(OC2=CC(=CC(=C2)C(C)(C)C)C(C)(C)C)=N*)=C1)C(C)(C)C,1.4313637641589874,msa,train
CC(C)(C)C1=CC(OC2=CC=C(C=C2)C(=O)C2=CC=C(*)C=C2)=CC=C1O*,0.667452952889954,msa,train
CC(C)(C)C1=CC(OC2=CC=C(C=C2)C(=O)NC2=CC=C(C=C2)C(C)(C)C2=CC=C(N*)C=C2)=C(C=C1OC1=CC=C(C=C1)C(*)=O)C(C)(C)C,1.1139433523068367,msa,test
CC(C)(C)C1=CC(OC2=CC=C(C=C2)C(=O)NC2=CC=C(C=C2)C(C2=CC=C(N*)C=C2)(C(F)(F)F)C(F)(F)F)=C(C=C1OC1=CC=C(C=C1)C(*)=O)C(C)(C)C,1.5563025007672873,msa,train
CC(C)(C)C1=CC2=C(C=C1)C1=C(C=C(C=C1)C(C)(C)C)C2(C1=CC=C(*)C=C1)C1=CC=C(C=C1)N1C(=O)C2=C(C=C(C=C2)C(C2=CC3=C(C=C2)C(=O)N(*)C3=O)(C(F)(F)F)C(F)(F)F)C1=O,2.432969290874406,msa,train
CC(C)(C)C1=CC=C(C=C1)C(*)=C(*)C1=CC=C(C=C1)S(O)(=O)=O,2.5314789170422554,msa,test
CC(C)(C)C1=CC=C(C=C1)C(*)=C(*)C1=CC=C(O)C=C1,2.724275869600789,msa,train
CC(C)(C)C1=CC=C(C=C1)C(*)=C(*)C1=CC=C(O[Si](C)(C)C(C)(C)C)C=C1,3.361727836017593,msa,train
CC(C)(C)C1=CC=C(C=C1)C(*)=C(*)C1=CC=CC(O)=C1,3.4771212547196626,msa,train
CC(C)(C)C1=CC=C(C=C1)C(*)=C(*)C1=CC=CC(O[Si](C)(C)C(C)(C)C)=C1,3.857332496431269,msa,train
CC(C)(C)C1=CC=C(C=C1)C(*)=C(*)C1=CC=CC=C1,3.792391689498254,msa,train
CC(C)(C)C1=CC=C(C=C1)C(*)C*,2.146283113159587,msa,test
CC(C)(C)C1=CC=C(C=C1)C1=CC=C(C=C1)C(*)=C(*)C1=CC=C(C=C1)[Si](C)(C)C,3.5185139398778875,msa,test
CC(C)(C)C1=CC=C(C=C1)C1=CC=C(C=C1)C(*)=C(*)C1=CC=CC=C1,3.0863598306747484,msa,train
CC(C)(C)C1=CC=C(OC2=CC3=C(C=C2C2=C(OC4=CC=C(C=C4)C(C)(C)C)C=C4C(=O)N(C(=O)C4=C2)C2=CC=C(OC4=CC=C(*)C=C4)C=C2)C(=O)N(*)C3=O)C=C1,1.9324737646771533,msa,train
CC(C)(C)C1=CC=C(OP(*)(OC2=CC=C(C=C2)C(C)(C)C)=N*)C=C1,1.230448921378274,msa,train
CC(C)(C)COP(*)(OCC(C)(C)C)=N*,1.6875289612146345,msa,train
CC(C)(C)OC(=O)C(C)(*)C*,1.1789769472931697,msa,train
CC(C)(C)[Si](C)(C)C1=CC(*)=CC=C1\C=C\*,1.414973347970818,msa,train
CC(C)(C)[Si](C)(C)OC1=CC(=CC=C1)C(*)=C(*)C1=CC=C(C=C1)[Si](C)(C)C,3.462397997898956,msa,train
CC(C)(C)[Si](C)(C)OC1=CC=C(C=C1)C(*)=C(*)C1=CC=C(C=C1)[Si](C)(C)C,3.57978359661681,msa,train
CC(C)(C)[Si](C)(C)OC1=CC=C(C=C1)C(*)=C(*)C1=CC=C(F)C=C1,2.903089986991944,msa,test
CC(C)(C)[Si](C)(C)OC1=CC=CC(=C1)C(*)=C*,1.7634279935629371,msa,train
CC(C)(C1=CC(=C(OC2=CC=C(C=C2)S(=O)(=O)C2=CC=C(O*)C=C2)C=C1)C(O)(C(F)(F)F)C(F)(F)F)C1=CC=C(*)C(=C1)C(O)(C(F)(F)F)C(F)(F)F,0.7323937598229685,msa,train
CC(C)(C1=CC(Br)=C(*)C(Br)=C1)C1=CC(Br)=C(OC(=O)O*)C(Br)=C1,0.6247975789607612,msa,train
CC(C)(C1=CC(Br)=C(O*)C(Br)=C1)C1=CC(Br)=C(OC(=O)C2=CC=CC(=C2)C(*)=O)C(Br)=C1,0.69284691927723,msa,train
CC(C)(C1=CC(Cl)=C(*)C(Cl)=C1)C1=CC(Cl)=C(OC(=O)O*)C(Cl)=C1,0.8247764624755457,msa,train
CC(C)(C1=CC2C(C=C1)C(=O)N(C2=O)C1=CC=C(O*)C=C1)C1=CC=C2C(=C)N(C(=C)C2=C1)C1=CC=C(OC2=CC=C(C=C2)C(=O)C2=CC=C3C(=C2)C(C)(C)CC3(C)C2=CC=C(C=C2)C(=O)C2=CC=C(*)C=C2)C=C1,0.9712758487381052,msa,train
CC(C)(C1=CC2N=C(*)OC2C=C1)C1=CC=C2OC(=NC2=C1)C1=CC=C(C=C1)C(=O)C1=CC=C(*)C=C1,0.4313637641589873,msa,train
CC(C)(C1=CC=C(*)C=C1)C1=CC(=CC=C1)N1C(=O)C2=CC=C(C=C2C1=O)C(C1=CC=C2C(=O)N(*)C(=O)C2=C1)(C(F)(F)F)C(F)(F)F,1.0293837776852095,msa,train
CC(C)(C1=CC=C(*)C=C1)C1=CC(CN)=C(OC2=CC=C(C=C2)S(=O)(=O)C2=CC=C(O*)C=C2)C=C1,0.290034611362518,msa,train
CC(C)(C1=CC=C(*)C=C1)C1=CC(CN2C(=O)C3=C(C=CC=C3)C2=O)=C(OC2=CC=C(C=C2)S(=O)(=O)C2=CC=C(O*)C=C2)C=C1,0.3263358609287514,msa,train
CC(C)(C1=CC=C(*)C=C1)C1=CC(N)=C(OC2=CC=C(C=C2)S(=O)(=O)C2=CC=C(O*)C=C2)C=C1,0.469822015978163,msa,train
CC(C)(C1=CC=C(*)C=C1)C1=CC=C(C=C1)C1=NC2=C(N1)C=CC(=C2)C1=CC2=C(NC(*)=N2)C=C1,0.4638929889859073,msa,train
CC(C)(C1=CC=C(*)C=C1)C1=CC=C(C=C1)N1C(=O)C2=C(C=C(C=C2)C(C2=CC3=C(C=C2)C(=O)N(*)C3=O)(C(F)(F)F)C(F)(F)F)C1=O,1.4771212547196624,msa,train
CC(C)(C1=CC=C(*)C=C1)C1=CC=C(C=C1)N1C(=O)C2=C(C=C(C=C2)C(C2=CC=C3C(=O)N(*)C(=O)C3=C2)(C(F)(F)F)C(F)(F)F)C1=O,1.4771212547196624,msa,train
CC(C)(C1=CC=C(*)C=C1)C1=CC=C(C=C1)N1C(=O)C2=C(C=C(OC3=CC=C(OC4=CC=C5C(=O)N(*)C(=O)C5=C4)C=C3)C=C2)C1=O,0.4232458739368078,msa,train
CC(C)(C1=CC=C(*)C=C1)C1=CC=C(C=C1)N1C(=O)C2=CC3=C(C=C2C1=O)C(=O)N(*)C3=O,1.429752280002408,msa,train
CC(C)(C1=CC=C(*)C=C1)C1=CC=C(OC2=CC=C(C=C2)C(=O)C2=CC=C(C=C2)C2=CC=C(C=C2)C(=O)C2=CC=C(O*)C=C2)C=C1,0.5185139398778875,msa,train
CC(C)(C1=CC=C(*)C=C1)C1=CC=C(OC2=CC=C(C=C2)S(=O)(=O)C2=CC=C(C=C2)C2=CC=C(C=C2)S(=O)(=O)C2=CC=C(O*)C=C2)C=C1,1.0334237554869496,msa,test
CC(C)(C1=CC=C(*)C=C1)C1=CC=C(OC2=CC=C(C=C2)S(=O)(=O)C2=CC=C(O*)C=C2)C=C1,0.7481880270062004,msa,train
CC(C)(C1=CC=C(C=C1)C(=O)C1=CC=C(*)C=C1)C1=CC=C(C=C1)C(=O)C1=CC=C(OC2=CC=C(C=C2)C(C2=CC=C(O*)C=C2)(C(F)(F)F)C(F)(F)F)C=C1,0.9030899869919436,msa,train
CC(C)(C1=CC=C(O*)C=C1)C1=CC(=CC=C1)C(C)(C)C1=CC=C(OC2=CC=C(C=C2)S(=O)(=O)C2=CC=C(*)C=C2)C=C1,0.4471580313422192,msa,train
CC(C)(C1=CC=C(O*)C=C1)C1=CC=C(C=C1)C(C)(C)C1=CC=C(OC2=CC=C(C=C2)S(=O)(=O)C2=CC=C(*)C=C2)C=C1,0.8325089127062363,msa,train
CC(C)(C1=CC=C(O*)C=C1)C1=CC=C(OC(*)=O)C=C1,0.877371345869774,msa,train
CC(C)(C1=CC=C(O*)C=C1)C1=CC=C(OC(=O)C2=CC=C(C=C2)C(*)=O)C=C1,1.0644579892269186,msa,train
CC(C)(C1=CC=C(O*)C=C1)C1=CC=C(OC(=O)C2=CC=C(C=C2)C(=O)OC2=CC(C3=CC(*)=CC4=C3C=CC=C4)=C3C=CC=CC3=C2)C=C1,0.99563519459755,msa,test
CC(C)(C1=CC=C(O*)C=C1)C1=CC=C(OC(=O)C2=CC=CC(=C2)C(*)=O)C=C1,0.7481880270062004,msa,train
CC(C)(C1=CC=C(O*)C=C1)C1=CC=C(OC(=O)C2=CC=CC(=C2)C(=O)OC2=CC(C3=CC(*)=CC4=C3C=CC=C4)=C3C=CC=CC3=C2)C=C1,0.6020599913279624,msa,train
CC(C)(C1=CC=C(O*)C=C1)C1=CC=C(OC2=C(F)C(F)=C(COC(C3CCCC(C3)C(OCC3=C(F)C(F)=C(*)C(F)=C3F)(C(F)(F)F)C(F)(F)F)(C(F)(F)F)C(F)(F)F)C(F)=C2F)C=C1,0.8061799739838872,msa,train
CC(C)(C1=CC=C(O*)C=C1)C1=CC=C(OC2=CC3=C(C=C2)C(=O)N(C3=O)C2=CC=C(C=C2)N2C(=O)C3=C(C=C(*)C=C3)C2=O)C=C1,0.255272505103306,msa,train
CC(C)(C1=CC=C(O*)C=C1)C1=CC=C(OC2=CC3=C(C=C2)C(=O)N(C3=O)C2=CC=CC(=C2)N2C(=O)C3=C(C=C(*)C=C3)C2=O)C=C1,0.1139433523068367,msa,test
CC(C)(C1=CC=C(O*)C=C1)C1=CC=C(OC2=CC=C(C=C2)C(=O)C2=CC=C(*)C=C2)C=C1,0.5440680443502757,msa,train
CC(C)(C1=CC=C(O*)C=C1)C1=CC=C(OC2=CC=C(C=C2)C(=O)C2=CC=C(C=C2)C(=O)C2=CC=C(*)C=C2)C=C1,0.3404441148401183,msa,train
CC(C)(C1=CC=C(O*)C=C1)C1=CC=C(OC2=CC=C(C=C2)C(=O)C2=CC=C(C=C2)C(C)(C)C2=CC=C(C=C2)C(=O)C2=CC=C(*)C=C2)C=C1,0.6434526764861874,msa,train
CC(C)(C1=CC=C(O*)C=C1)C1=CC=C(OC2=CC=C(C=C2)S(=O)(=O)C2=C3C=CC=CC3=C(*)C=C2)C=C1,0.6720978579357175,msa,test
CC(C)(C1=CC=C(O*)C=C1)C1=CC=C(OC2=CC=C(C=C2)S(=O)(=O)C2=CC=C(*)C=C2)C=C1,0.7481880270062004,msa,train
CC(C)(C1=CC=C(O*)C=C1)C1=CC=C(OCCC(O)*)C=C1,-0.3010299956639812,msa,train
CC(C)(C1=CC=C(OC2=CC3=C(C=C2)C(=O)N(C3=O)C2=CC=C(C=C2)C2=CC(=C(OC3=CC4=C(C=C3)C(C)(C)CC43CC(C)(C)C4=C3C=C(OC3=CC=C(C=C3C(F)(F)F)C3=CC=C(*)C=C3)C=C4)C=C2)C(F)(F)F)C=C1)C1=CC=C(OC2=CC=C3C(=O)N(*)C(=O)C3=C2)C=C1,1.3778524190067545,msa,train
CC(C)(C1=CC=C(OC2=CC3=C(C=C2)C(O)N(*)C3O)C=C1)C1=CC=C(OC2=CC3=C(C=C2)C(=O)N(C3=O)C2=CC=C(C=C2)C2=CC=C(OC3=CC=C(C=C3)C3(C)CC(C)(C)C4=C3C=C(OC3=CC=C(C=C3C(F)(F)F)C3=CC=C(*)C=C3)C=C4)C(=C2)C(F)(F)F)C=C1,1.5960470075454392,msa,test
CC(C)(C1=CC=C(OC2=CC3C(C=C2)C(=O)N(*)C3=O)C=C1)C1=CC=C(OC2=CC=C3C(=O)N(C(=O)C3=C2)C2=CC=C(C=C2)C2=CC=C(OC3=CC=C(C=C3)C3(C4=C(C=CC=C4)C4=C3C=CC=C4)C3=CC=C(OC4=CC=C(C=C4C(F)(F)F)C4=CC=C(*)C=C4)C=C3)C(=C2)C(F)(F)F)C=C1,1.3525683861793083,msa,test
CC(C)(C1=CC=C(OC2=CC=C(*)C=C2)C=C1)C1=CC=C(OC2=CC=C(C=C2)N2C(=O)C3=CC=C(C=C3C2=O)C(=O)C2=CC3=C(C=C2)C(=O)N(*)C3=O)C=C1,0.4471580313422192,msa,train
CC(C)(C1=CC=C(OC2=CC=C(*)C=C2)C=C1)C1=CC=C(OC2=CC=C(C=C2)N2C(=O)C3=CC=C(C=C3C2=O)C2=CC3=C(C=C2)C(=O)N(*)C3=O)C=C1,0.4471580313422192,msa,test
CC(C)(C1=CC=C(OC2=CC=C(*)C=C2)C=C1)C1=CC=C(OC2=CC=C(C=C2)N2C(=O)C3=CC=C(OC4=CC5=C(C=C4)C(=O)N(*)C5=O)C=C3C2=O)C=C1,0.4313637641589873,msa,train
CC(C)(C1=CC=C(OC2=CC=C(C=C2)S(=O)(=O)C2=CC=C(*)C=C2)C=C1)C1=CC=CC(O*)=C1,0.1760912590556812,msa,train
CC(C)(C1=CC=C(OC2=CC=C(C=C2)S(=O)(=O)C2=CC=C(O*)C=C2)C=C1)C1=CC(*)=CC=C1,0.1760912590556812,msa,test
CC(C)(C1=CC=C(OC2=CC=C(N*)C=C2)C=C1)C1=CC=C(OC2=CC=C(NC(=O)C3=CC4C(C=C3)C(C)(CC4(C)C)C3=CC=C(C=C3)C(*)=O)C=C2)C=C1,0.9822712330395684,msa,train
CC(C)(C1=CC=C(OC2=CC=C3C(=O)N(*)C(=O)C3=C2)C=C1)C1=CC=C(OC2=CC=C3C(=O)N(C(=O)C3=C2)C2=CC=C(C=C2)C2=CC(=C(OC3=CC=C(C=C3)C3(N(C(=O)C4=C3C=CC=C4)C3=CC=CC=C3)C3=CC=C(OC4=CC=C(C=C4C(F)(F)F)C4=CC=C(*)C=C4)C=C3)C=C2)C(F)(F)F)C=C1,1.2203696324513944,msa,test
CC(C)C(*)=C(C)*,4.02938377768521,msa,train
CC(C)C12C3=C(C=CC=C3)C(C(C)C)(C3=C1C=C1OC4=C(OC1=C3)C=C1C(=O)N(*)C(=O)C1=C4)C1=C2C=C2OC3=C(OC2=C1)C=C1C(=O)N(C(=O)C1=C3)C1=C(C)C2=C(C=C1C)C1C3=C(C=CC=C3)C2C2=C1C=C(C)C(*)=C2C,3.699837725867246,msa,train
CC(C)C12C3=CC4=C(C=C3C(C(C)C)(C3=C1C=CC=C3)C1=C2C=C2C(=O)N(C(=O)C2=C1)C1=C2C=CC=CC2=C(C=C1C)C1=CC(C)=C(*)C2=C1C=CC=C2)C(=O)N(*)C4=O,3.4641913706409997,msa,train
CC(C)C1=C(O*)C=CC(=C1)C(C1C=CC=CC1C(O)=O)C1=CC(C(C)C)=C(OC2=CC=C(C=C2)C(=O)C2=CC=C(*)C=C2)C=C1,1.3579348470004535,msa,train
CC(C)C1=CC(=C(C)C=C1O*)C1(OC(=O)C2=C1C=CC=C2)C1=CC(C(C)C)=C(OC2=CC=C(C=C2)S(=O)(=O)C2=CC=C(*)C=C2)C=C1C,1.287801729930226,msa,train
CC(C)C1=CC(=C(C)C=C1O*)C1(OC(=O)C2C=CC=CC12)C1=C(C)C=C(OC2=CC=C(C=C2)C(=O)C2=CC=C(*)C=C2)C(=C1)C(C)C,1.285557309007774,msa,train
CC(C)C1=CC(C(C2=CC(C(C)C)=C(OC3=CC=C(C=C3)S(=O)(=O)C3=CC=C(*)C=C3)C=C2C)C2=C(C=CC=C2)C(O)=O)=C(C)C=C1O*,1.3996737214810382,msa,test
CC(C)C1=CC(CC2=CC(C(C)C)=C(NC(=O)C3=CC=C(OC4=C(C=C(OC5=CC=C(C=C5)C(*)=O)C(=C4)C(C)(C)C)C(C)(C)C)C=C3)C(C)=C2)=CC(C)=C1N*,1.4313637641589874,msa,train
CC(C)C1=CC=C(C=C1)C(*)=C(*)C1=CC=CC=C1,3.041392685158225,msa,train
CC(C)CC(*)=C(C)*,2.9542425094393248,msa,train
CC(C)CC(*)C*,1.9666109866819343,msa,test
CC(C)CCC(*)=C(C)*,2.591064607026499,msa,train
CC(C)COP(*)(OCC(C)C)=N*,2.59659709562646,msa,train
CC(C)O[Si](C)(C)C(C*)=CC*,1.3654879848908996,msa,train
CC(C)O[Si](C)(OC(C)C)C(C*)=CC*,2.537819095073274,msa,train
CC(C)O[Si](OC(C)C)(OC(C)C)C(C*)=CC*,3.089905111439398,msa,train
CC(C)[Si](C(C)C)(C(C)C)C1=CC=C(C=C1)C(*)=C(*)C1=CC=CC=C1,3.113943352306837,msa,train
CC(C)[Si](C)(C)C(\*)=C(\C)*,3.342422680822206,msa,train
CC(C*)C(=O)OC(C)C(*)=O,-0.0433514207947966,msa,train
CC(C*)C(=O)OCCOC(=O)C(C)C*,1.977723605288848,msa,train
CC(C*)O*,2.278753600952829,msa,train
CC(C1=CC=CC=C1)(C1=CC=C(*)C=C1)C1=CC=C(OC2=CC=C(C=C2)S(=O)(=O)C2=CC=C(O*)C=C2)C=C1,0.9095560292411752,msa,train
CC(C1=CC=CC=C1)(C1=CC=C(O*)C=C1)C1=CC=C(OC(=O)C2=CC=CC(=C2)C(*)=O)C=C1,1.1172712956557642,msa,train
CC(C1=CC=CC=C1)(C1=CC=C(O*)C=C1)C1=CC=C(OC2=CC=C(C=C2)S(=O)(=O)C2=CC=C(*)C=C2)C=C1,0.9095560292411752,msa,train
CC(C1=CC=CC=C1)(C1=CC=CC=C1)C1=CC=C(OC(=O)O*)C=C1,0.9768083373380664,msa,train
CC(CCNC(=O)C1=CC=C(C=C1)C(*)=O)CC(C)(C)CN*,-0.4814860601221125,msa,train
CC1(C)C2=CC(=CC=C2C2=C1C=C(Br)C=C2)C(*)=C(*)C1=CC=CC=C1,3.903089986991944,msa,test
CC1(C)C2=CC(=CC=C2C2=C1C=C(C=C2)[Si](C)(C)C)C(*)=C(*)C1=CC=CC=C1,4.2552725051033065,msa,test
CC1(C)C2=CC(=CC=C2C2=C1C=CC=C2)C(*)=C(*)C1=CC=C(C=C1)[Si](C)(C)C,3.278753600952829,msa,train
CC1(C)C2=CC(=CC=C2C2=C1C=CC=C2)C(*)=C(*)C1=CC=CC=C1,4.230448921378274,msa,train
CC1(C)C2=CC=C(C=C2C(C)(C)C1(C)C)C(*)=C(*)C1=CC=CC=C1,4.5532760461371,msa,train
CC1(C)CC(C)(C)C2=CC(=CC=C12)C(*)=C(*)C1=CC(F)=C(F)C=C1,4.645422269349092,msa,train
CC1(C)CC(C)(C)C2=CC(=CC=C12)C(*)=C(*)C1=CC(F)=CC(F)=C1,4.557507201905658,msa,train
CC1(C)CC(C)(C)C2=CC(=CC=C12)C(*)=C(*)C1=CC(F)=CC=C1,4.546542663478131,msa,test
CC1(C)CC(C)(C)C2=CC(=CC=C12)C(*)=C(*)C1=CC=C(Br)C=C1,4.515873843711679,msa,train
CC1(C)CC(C)(C)C2=CC(=CC=C12)C(*)=C(*)C1=CC=C(Cl)C=C1,4.546542663478131,msa,train
CC1(C)CC(C)(C)C2=CC(=CC=C12)C(*)=C(*)C1=CC=C(F)C=C1,4.672097857935717,msa,train
CC1(C)CC(C)(C)C2=CC(=CC=C12)C(*)=C(*)C1=CC=CC=C1,4.587710965018911,msa,train
CC1(C)CC(C)(C2=C1C=C(*)C(*)=C2)C1=CC=C(C=C1)N1C(=O)C2=CC=C(C=C2C1=O)C(=O)C1=CC2C(C=C1)C(=O)N(*)C2=O,0.8450980400142568,msa,test
CC1(C)CC(C)(C2=C1C=C(Br)C(*)=C2)C1=CC=C(C=C1)N1C(=O)C2=CC=C(C=C2C1=O)C(=O)C1=CC2C(C=C1)C(=O)N(*)C2=O,1.1238516409670858,msa,train
CC1(C)CC(C)(C2=C1C=CC(OC1=CC=C(C=C1C(F)(F)F)C1=CC=C(*)C=C1)=C2)C1=CC=C(OC2=CC=C(C=C2C(F)(F)F)C2=CC=C(C=C2)N2C(=O)C3=C(C=C(C=C3)C(=O)C3=CC4=C(C=C3)C(O)N(*)C4O)C2=O)C=C1,1.534026106056135,msa,train
CC1(C)CC(C)(C2=C1C=CC(OC1=CC=C(C=C1C(F)(F)F)C1=CC=C(*)C=C1)=C2)C1=CC=C(OC2=CC=C(C=C2C(F)(F)F)C2=CC=C(C=C2)N2C(=O)C3=C(C=C(C=C3)C(C3=CC4=C(C=C3)C(O)N(*)C4O)(C(F)(F)F)C(F)(F)F)C2=O)C=C1,1.759290033024304,msa,train
CC1(C)CC(C)(C2=C1C=CC(OC1=CC=C(C=C1C(F)(F)F)C1=CC=C(*)C=C1)=C2)C1=CC=C(OC2=CC=C(C=C2C(F)(F)F)C2=CC=C(C=C2)N2C(=O)C3=C(C=C(OC4=CC5=C(C=C4)C(O)N(*)C5O)C=C3)C2=O)C=C1,1.5536403362313542,msa,train
CC1(C)CC(C)(C2=C1C=CC(OC1=CC=C(C=C1C(F)(F)F)C1=CC=C(*)C=C1)=C2)C1=CC=C(OC2=CC=C(C=C2C(F)(F)F)C2=CC=C(C=C2)N2C(=O)C3=C(C=C4C(=O)N(*)C(=O)C4=C3)C2=O)C=C1,1.6501131644435714,msa,test
CC1(C)CC(C)(C2=CC=C(C=C12)C(=O)C1=CC=C(OC2=CC=C(C=C2)N2C(=C)C3=CC=C(C=C3C2=C)C(=O)C2=CC3C(C=C2)C(=O)N(C3=O)C2=CC=C(O*)C=C2)C=C1)C1=CC=C(C=C1)C(=O)C1=CC=C(*)C=C1,0.6989700043360189,msa,test
CC1(C)CC(C)(C2=CC=C(C=C12)C(=O)C1=CC=C(OC2=CC=C(C=C2)N2C(=C)C3=CC=C(C=C3C2=C)C(C2=CC3C(C=C2)C(=O)N(C3=O)C2=CC=C(O*)C=C2)(C(F)(F)F)C(F)(F)F)C=C1)C1=CC=C(C=C1)C(=O)C1=CC=C(*)C=C1,0.8864907251724818,msa,train
CC1(C)CC(C)(C2=CC=C(C=C12)C(=O)C1=CC=C(OC2=CC=C(C=C2)N2C(=C)C3=CC=C(C=C3C2=C)C2(CCCCC2)C2=CC3C(C=C2)C(=O)N(C3=O)C2=CC=C(O*)C=C2)C=C1)C1=CC=C(C=C1)C(=O)C1=CC=C(*)C=C1,0.8686444383948257,msa,train
CC1(C)CC(C)(C2=CC=C(C=C12)C(=O)C1=CC=C(OC2=CC=C(C=C2)N2C(=C)C3=CC=C(C=C3C2=C)C2=CC3C(C=C2)C(=O)N(C3=O)C2=CC=C(O*)C=C2)C=C1)C1=CC=C(C=C1)C(=O)C1=CC=C(*)C=C1,0.8095597146352678,msa,train
CC1(C)CC(C)(C2=CC=C(C=C12)C(=O)C1=CC=C(OC2=CC=C(C=C2)N2C(=C)C3=CC=C(C=C3C2=C)S(=O)(=O)C2=CC3C(C=C2)C(=O)N(C3=O)C2=CC=C(O*)C=C2)C=C1)C1=CC=C(C=C1)C(=O)C1=CC=C(*)C=C1,0.8573324964312685,msa,train
CC1(C)CC(C)(C2=CC=C(C=C12)C(=O)C1=CC=C(OC2=CC=C(C=C2)N2C(=C)C3=CC=C(OC4=CC5C(C=C4)C(=O)N(C5=O)C4=CC=C(O*)C=C4)C=C3C2=C)C=C1)C1=CC=C(C=C1)C(=O)C1=CC=C(*)C=C1,0.6211762817750351,msa,train
CC1(C)CC(C)(C2=CC=C(C=C12)C(=O)C1=CC=C(OC2=CC=C(C=C2)N2C(=C)C3=CC=C(SC4=CC5C(C=C4)C(=O)N(C5=O)C4=CC=C(O*)C=C4)C=C3C2=C)C=C1)C1=CC=C(C=C1)C(=O)C1=CC=C(*)C=C1,0.7558748556724915,msa,train
CC1(C)CC(C)(C2C=C(*)C=CC12)C1=CC=C(C=C1)C1=NN=C(*)O1,1.9684829485539352,msa,train
CC1(C)CC(C)(C2C=CC(=CC12)C(=O)NC1=C2C=CC=C(N*)C2=CC=C1)C1=CC=C(C=C1)C(*)=O,0.6127838567197355,msa,train
CC1(C)CC(C)(C2C=CC(=CC12)C(=O)NC1=CC=C(C2=C(C=C(N*)C=C2)C(F)(F)F)C(=C1)C(F)(F)F)C1=CC=C(C=C1)C(*)=O,1.4941545940184429,msa,train
CC1(C)CC(C)(C2C=CC(=CC12)C(=O)NC1=CC=C(N*)C=C1)C1=CC=C(C=C1)C(*)=O,0.9493900066449128,msa,train
CC1(C)CC(C)(C2C=CC(=CC12)C(=O)NC1=CC=C(OC2=CC=C(N*)C=C2)C=C1)C1=CC=C(C=C1)C(*)=O,0.9242792860618816,msa,train
CC1(C)CC(C)(C2C=CC(=CC12)C(=O)NC1=CC=CC(=C1)C(C1=CC=CC(N*)=C1)(C(F)(F)F)C(F)(F)F)C1=CC=C(C=C1)C(*)=O,1.5477747053878226,msa,train
CC1(C)CC(C)(C2C=CC(=CC12)C(=O)NC1=CC=CC(=C1)S(=O)(=O)C1=CC=CC(N*)=C1)C1=CC=C(C=C1)C(*)=O,0.3424226808222063,msa,train
CC1(C)CC(C)(C2C=CC(=CC12)C(=O)NC1=CC=CC(N*)=C1)C1=CC=C(C=C1)C(*)=O,0.7160033436347992,msa,train
CC1(C)CC2(CC(C)(C)C3=C(O2)C=C2OC4=C(OC2=C3)C(C#N)=C(*)C(*)=C4C#N)OC2=C1C=C(O*)C(O*)=C2,3.1861083798132053,msa,train
CC1(C)CC2(CC(C)(C)C3=C2C=C(O)C(=C3)N2C(=O)C3C(C2=O)C2(Br)C4C(C(=O)N(*)C4=O)C3(Br)C(Br)=C2Br)C2=C1C=C(*)C(O)=C2,2.1398790864012365,msa,test
CC1(C)CC2(CC(C)(C)C3=C2C=C(O)C(=C3)N2C(=O)C3C=CC(=CC3C2=O)C(C2=CC=C3C(=O)N(*)C(=O)C3=C2)(C(F)(F)F)C(F)(F)F)C2=C1C=C(*)C(O)=C2,2.0755469613925306,msa,train
CC1(C)CC2(CC(C)(C)C3=C2C=C(O*)C=C3)C2C=C(OC3=CC=C4C(=O)N(C(=O)C4=C3)C3=CC=CC(=C3)N3C(=O)C4=C(C=C(*)C=C4)C3=O)C=CC12,0.6532125137753437,msa,train
CC1(C)CC2(CC(C)(C)C3=C2C=C(OC(=O)C2=CC=C(C=C2)C(*)=O)C=C3)C2=C1C=CC(O*)=C2,1.745855195173729,msa,train
CC1(C)CC2(CC(C)(C)C3=C2C=C(OC(=O)C2=CC=CC(=C2)C(*)=O)C=C3)C2=C1C=CC(O*)=C2,1.276461804173244,msa,train
CC1(C)CC2(CC(C)(C)C3=C2C=C(OC2=C(C=C(C=C2)C2=CC=C(C=C2)N2C(=O)C4=C(C=C(C=C4)C(C4=CC=C5C(=O)N(*)C(=O)C5=C4)(C(F)(F)F)C(F)(F)F)C2=O)C(F)(F)F)C=C3)C2=C1C=CC(OC1=CC=C(C=C1C(F)(F)F)C1=CC=C(*)C=C1)=C2,1.7241119539612122,msa,train
CC1(C)CC2(CC(C)(C)C3=C2C=C(OC2=C(C=C(C=C2)C2=CC=C(C=C2)N2C(=O)C4=C(C=C(OC5=CC=C6C(=O)N(*)C(=O)C6=C5)C=C4)C2=O)C(F)(F)F)C=C3)C2=C1C=CC(OC1=CC=C(C=C1C(F)(F)F)C1=CC=C(*)C=C1)=C2,1.3548764225162335,msa,train
CC1(C)CC2(CC(C)(C)C3=C2C=C(OC2=CC4=C(C=C2)C(=O)N(C4=O)C2=CC=CC(=C2)N2C(=O)C4=C(C=C(*)C=C4)C2=O)C=C3)C2=C1C=CC(O*)=C2,0.6532125137753437,msa,train
CC1(C)CC2(CC(C)(C)C3=C2C=C2C(=O)N(C(=O)C2=C3)C2=CC3=C(C=C2)C(C)(C)CC32CC(C)(C)C3=C2C=C(*)C=C3)C2=CC3=C(C=C12)C(=O)N(*)C3=O,3.182699903336043,msa,train
CC1(C)CC2(CC(C)(C)C3=C2C=C2N=C4C=C(*)C(*)=CC4=NC2=C3)C2=CC3=C(C=C12)N=C1C=C2OC4=CC5=C(C=C4OC2=CC1=N3)C1(CC(C)(C)C2=C1C=C(O*)C(O*)=C2)CC5(C)C,3.041392685158225,msa,train
CC1(C)CC2(CC(C)(C)C3=C2C=C2OC4=C(OC2=C3)C(=C(*)C(*)=C4S(=O)(=O)C2=CC=CC=C2)C(F)(F)F)C2=CC(O*)=C(O*)C=C12,3.3341520529922866,msa,train
CC1(C)CC2(CC(C)(C)C3=C2C=C2OC4=C(OC2=C3)C(C#N)=C(*)C(*)=C4C#N)C2=C1C=C(O*)C(O*)=C2,3.7245216271185626,msa,train
CC1(C)CC2(CC(C)(C)C3=C2C=C2OC4=C(OC2=C3)C(C#N)=C(*)C(*)=C4C#N)C2=CC(O*)=C(O*)C=C12,3.688241795977712,msa,train
CC1(C)CC2(CC(C)(C)C3=C2C=C2OC4=C(OC2=C3)C(C(O)=O)=C(*)C(*)=C4C#N)C2=CC(O*)=C(O*)C=C12,3.405346360175709,msa,train
CC1(C)CC2(CC(C)(C)C3=C2C=C2OC4=C(OC2=C3)C(CN)=C(*)C(*)=C4CN)C2=C1C=C(O*)C(O*)=C2,3.2013971243204513,msa,train
CC1(C)CC2(CC(C)(C)C3=C2C=C2OC4=C(OC2=C3)C=C2C(=O)N(C(=O)C2=C4)C(N2C(=O)C3=C(C=C(*)C(*)=C3)C2=O)(C(F)(F)F)C(F)(F)F)C2=C1C=C(O*)C(O*)=C2,3.568201724066995,msa,test
CC1(C)CC2(CC(C)(C)C3=C2C=C2OC4=C(OC2=C3)C=C2C(=O)N(C(=O)C2=C4)C2=CC(=C(C=C2)C2=CC=C(*)C=C2C(F)(F)F)C(F)(F)F)C2=C1C=C1OC3=C(OC1=C2)C=C1C(=O)N(*)C(=O)C1=C3,2.6232492903979003,msa,train
CC1(C)CC2(CC(C)(C)C3=C2C=C2OC4=C(OC2=C3)C=C2C(=O)N(C(=O)C2=C4)C2=CC(=C(C=C2)C2=CC=C(*)C=C2C(F)(F)F)C(F)(F)F)C2=CC3=C(OC4=CC5=C(C=C4O3)C(=O)N(*)C5=O)C=C12,2.6232492903979003,msa,train
CC1(C)CC2(CC(C)(C)C3=C2C=C2OC4=C(OC2=C3)C=C2C(=O)N(C(=O)C2=C4)C2=CC=C(C=C2)C(C2=CC=C(*)C=C2)(C(F)(F)F)C(F)(F)F)C2=CC3=C(OC4=CC5=C(C=C4O3)C(=O)N(*)C5=O)C=C12,2.716003343634799,msa,train
CC1(C)CC2(CC(C)(C)C3=C2C=C2OC4=C(OC2=C3)C=C2C(=O)N(C(=O)C2=C4)C2=CC=CC3=C2C=CC=C3*)C2=C1C=C1OC3=C(OC1=C2)C=C1C(=O)N(*)C(=O)C1=C3,2.7075701760979363,msa,train
CC1(C)CC2(CC(C)(C)C3=C2C=C2OC4=C(OC2=C3)C=C2C(=O)N(C(=O)C2=C4)C2=CC=CC3=C2C=CC=C3*)C2=CC3=C(OC4=CC5=C(C=C4O3)C(=O)N(*)C5=O)C=C12,2.7075701760979363,msa,train
CC1(C)CC2(CC(C)(C)C3=CC4=NC5=C(C=C(*)C(*)=C5)N=C4C=C23)C2C=C3N=C4C=C5OC6=C(OC5=CC4=NC3=CC12)C=C1C(=C6)C2(CC1(C)C)CC(C)(C)C1=C2C=C(O*)C(O*)=C1,3.041392685158225,msa,test
CC1(C)CC2(CC(C)(C)C3=CC4=NC5=C(C=C6OC7=C(OC6=C5)C=CC(=C7)C5(C6C=CC=CC6C6C=CC=CC56)C5=CC=C(O*)C(O*)=C5)N=C4C=C23)C2=CC3=NC4=C(C=C(*)C(*)=C4)N=C3C=C12,2.633468455579586,msa,train
CC1(C)CC2(CC(C)(C)C3=CC=C(OC(=O)O*)C=C23)C2C=C(*)C=CC12,1.4771212547196624,msa,train
CC1(C)CCC(C)(C)C2=CC(=CC=C12)C(*)=C(*)C1=CC=CC=C1,4.056904851336473,msa,train
CC12C3=CC4=C(C=C3C(C)(C3=C1C=CC=C3)C1=C2C=C2C(=O)N(C(=O)C2=C1)C1=C(O)C=CC(=C1)C(C1=CC=C(O)C(*)=C1)(C(F)(F)F)C(F)(F)F)C(=O)N(*)C4=O,1.5440680443502757,msa,train
CC1=C(*)C(*)=CC(=C1)C1(C2CC3CC(C2)CC1C3)C1=CC2=C(C=C1)N(C*)CN(*)C2,2.8027737252919755,msa,train
CC1=C(*)C(C)=C(C(O)=O)C(C)=C1N1C(=O)C2=C(C=C(C=C2)C(C2=CC3=C(C=C2)C(=O)N(*)C3=O)(C(F)(F)F)C(F)(F)F)C1=O,2.1583624920952498,msa,train
CC1=C(*)C(C)=C(N2C(=O)C3=CC=C(C=C3C2=O)C(C2=CC3=C(C=C2)C(=O)N(*)C3=O)(C(F)(F)F)C(F)(F)F)C2=C1CCC2(C)C,2.840106094456758,msa,train
CC1=C(*)C(C)=C(N2C(=O)C3=CC=C(C=C3C2=O)C2=CC3=C(C=C2)C(=O)N(*)C3=O)C2=C1CCC2(C)C,2.5171958979499744,msa,train
CC1=C(*)C(C)=C(N2C(=O)C3=CC=C(OC4=CC5=C(C=C4)C(=O)N(*)C5=O)C=C3C2=O)C2=C1CCC2(C)C,2.2068258760318495,msa,train
CC1=C(*)C=C(C=C1)C(C1=CC(N2C(=O)C3=CC4=C(OC5=CC6=C(C=C5O4)C(C)(C)CC64CC(C)(C)C5=C4C=C4OC6=C(OC4=C5)C=C4C(=O)N(*)C(=O)C4=C6)C=C3C2=O)=C(C)C=C1)(C(F)(F)F)C(F)(F)F,2.322219294733919,msa,train
CC1=C(*)C=C(C=C1)C(C1=CC(N2C(=O)C3=CC4=C(OC5=CC6=C(C=C5O4)C(C)(C)CC64CC(C)(C)C5=CC6=C(OC7=CC8=C(C=C7O6)C(=O)N(*)C8=O)C=C45)C=C3C2=O)=C(C)C=C1)(C(F)(F)F)C(F)(F)F,2.322219294733919,msa,train
CC1=C(*)C=CC2=C1N1CN(C2)C2=C(C)C(=CC=C2C1)N1C(=O)C2=C(C=C(C=C2)C(C2=CC3=C(C=C2)C(=O)N(*)C3=O)(C(F)(F)F)C(F)(F)F)C1=O,2.278753600952829,msa,train
CC1=C(C)C(N2C(=O)C3=C(C=C(*)C(*)=C3)C2=O)=C(C)C(C)=C1N1C(=O)C2=CC3=C(OC4=CC5=C(C=C4O3)C(C)(C)CC53CC(C)(C)C4=C3C=C(O*)C(O*)=C4)C=C2C1=O,2.716003343634799,msa,train
CC1=C(C)C(N2C(=O)C3=C(C=C(OC4=C(OC5=CC=C6C(=O)N(*)C(=O)C6=C5)C=CC(=C4)C(C)(C)C)C=C3)C2=O)=C(C)C(*)=C1,1.7993405494535817,msa,train
CC1=C(C)C(N2C(=O)C3=C(C=C(OC4=C(OC5=CC=C6C(=O)N(*)C(=O)C6=C5)C=CC(=C4)C(C)(C)C)C=C3)C2=O)=C(C)C(C)=C1*,1.8512583487190752,msa,train
CC1=C(C)C(N2C(=O)C3=C(C=C(OC4=CC(C)=C(OC5=CC=C6C(=O)N(*)C(=O)C6=C5)C(C)=C4C)C=C3)C2=O)=C(C)C(*)=C1,2.041392685158225,msa,train
CC1=C(C)C(N2C(=O)C3=CC4=C(C=C3C2=O)C2(CC(C)(C)C3=CC5=C(C=C23)C(=O)N(*)C5=O)CC4(C)C)=C(C)C(C)=C1*,3.595496221825574,msa,test
CC1=C(C)C(N2C(=O)C3=CC4=C(OC5=CC6=C(C=C5O4)C(C)(C)CC64CC(C)(C)C5=CC6=C(OC7=CC8=C(C=C7O6)C(=O)N(*)C8=O)C=C45)C=C3C2=O)=C(C)C(C)=C1*,3.041392685158225,msa,train
CC1=C(C)C(N2C(=O)C3=CC=C(C=C3C2=O)C(C2=CC3=C(C=C2)C(=O)N(*)C3=O)(C(F)(F)F)C(F)(F)F)=C(C)C(C)=C1*,2.8656960599160706,msa,train
CC1=C(C)C(N2C(=O)C3=CC=C(C=C3C2=O)C(C2=CC3C(C=C2)C(=O)N(*)C3=O)(C(F)(F)F)C(F)(F)F)=C(C)C(C)=C1*,2.651278013998144,msa,train
CC1=C(C=C(*)C=C1)N1C(=O)C2=CC=C(C=C2C1=O)C(C1=CC2C(C=C1)C(=O)N(*)C2=O)(C(F)(F)F)C(F)(F)F,1.4568213480215986,msa,test
CC1=C(C=CC=C1*)N1C(=O)C2=CC=C(C=C2C1=O)C(C1=CC2=C(C=C1)C(=O)N(*)C2=O)(C(F)(F)F)C(F)(F)F,1.5593080109070123,msa,test
CC1=C(C=CC=C1*)N1C(=O)C2=CC=C(C=C2C1=O)C(C1=CC2C(C=C1)C(=O)N(*)C2=O)(C(F)(F)F)C(F)(F)F,1.6031443726201824,msa,train
CC1=C(O*)C(Br)=CC(=C1)C(C)(C)C1=CC(C)=C(OC(=O)C2=CC(=CC(=C2)C(*)=O)C(C)(C)C)C(Br)=C1,1.3560258571931227,msa,train
CC1=C(O*)C(Br)=CC(=C1)C1(C2C=CC=CC2C2C=CC=CC12)C1=CC(C)=C(OC(=O)C2=CC(=CC(=C2)C(*)=O)C(C)(C)C)C(Br)=C1,1.8512583487190752,msa,test
CC1=C(O*)C(C)=C(C(*)=C1)[N+]([O-])=O,1.606381365110605,msa,test
CC1=C(O*)C=CC(=C1)C(C)(C)C1=CC(C)=C(OC2=CC=C(C=C2)S(=O)(=O)C2=CC=C(*)C=C2)C=C1,0.3222192947339193,msa,train
CC1=C(OC2=CC=C3C(=O)N(*)C(=O)C3=C2)C(C)=C(C)C(OC2=CC3=C(C=C2)C(=O)N(C3=O)C2=C(C)C(C)=C(*)C(C)=C2C)=C1,2.3010299956639813,msa,train
CC1=C(OC2=CC=C3C(=O)N(*)C(=O)C3=C2)C(C)=C(C)C(OC2=CC3=C(C=C2)C(=O)N(C3=O)C2=CC=C(C=C2)C(C2=CC=C(*)C=C2)(C(F)(F)F)C(F)(F)F)=C1,1.7323937598229686,msa,test
CC1=C2C(=CC(*)=C1)S(=O)(=O)C1=CC(=CC(C)=C21)N1C(=O)C2=CC=C(C=C2C1=O)C1=CC=C2C(=O)N(*)C(=O)C2=C1,0.8881794939183248,msa,test
CC1=CC(*)=C(C(=O)C2=CC=C(Br)C=C2)C(C)=C1O*,1.255272505103306,msa,test
CC1=CC(*)=C(C(=O)C2=CC=C(C=C2)[N+]([O-])=O)C(C)=C1O*,1.0569048513364727,msa,train
CC1=CC(*)=C(C(=O)C2=CC=C(Cl)C=C2)C(C)=C1O*,1.2253092817258628,msa,train
CC1=CC(*)=C(C(=O)C2=CC=CC=C2)C(C)=C1O*,1.155336037465062,msa,test
CC1=CC(*)=C(C)C=C1N1C(=O)C2=CC=C(C=C2C1=O)C(C1=CC2C(C=C1)C(=O)N(*)C2=O)(C(F)(F)F)C(F)(F)F,1.6304278750250238,msa,train
CC1=CC(*)=CC(C)=C1N1C(=O)C2=CC=C(C=C2C1=O)C(C1=CC2=C(C=C1)C(=O)N(*)C2=O)(C(F)(F)F)C(F)(F)F,1.252853030979893,msa,test
CC1=CC(*)=CC(C)=C1O*,1.8195439355418688,msa,train
CC1=CC(*)=CC=C1OC1=C(C2=C(C=CC=C2)C=C1)C1=C(OC2=C(C)C=C(C=C2)N2C(=O)C3=C(C=C(C=C3)C(C3=CC4=C(C=C3)C(=O)N(*)C4=O)(C(F)(F)F)C(F)(F)F)C2=O)C=CC2=C1C=CC=C2,1.2648178230095364,msa,train
CC1=CC(=C(C)C(C)=C1*)C1=C(C)C(C)=C(OC2=CC=C(C=C2)S(=O)(=O)C2=CC=C(O*)C=C2)C(C)=C1,1.4065401804339552,msa,train
CC1=CC(=C(C)C(C)=C1OC1=CC=C(C=C1)S(=O)(=O)C1=CC=C(*)C=C1)C1=CC(C)=C(O*)C(C)=C1C,1.4065401804339552,msa,train
CC1=CC(=C(C)C=C1C1=C(C)C(*)=CC=C1)C1=C(C)C(*)=CC=C1,2.278753600952829,msa,train
CC1=CC(=C(C)C=C1C1=C(C)C=C(*)C=C1)C1=C(C)C=C(*)C=C1,1.505149978319906,msa,test
CC1=CC(=C(C)C=C1C1=C(C)C=CC(*)=C1)C1=C(C)C=CC(*)=C1,1.792391689498254,msa,train
CC1=CC(=C(C)C=C1O*)C1(OC(=O)C2=C1C=CC=C2)C1=CC(C)=C(OC2=CC=C(C=C2)S(=O)(=O)C2=CC=C(*)C=C2)C=C1C,0.8859263398014311,msa,test
CC1=CC(=C(C)C=C1O*)C1(OC(=O)C2C=CC=CC12)C1=C(C)C=C(OC2=CC=C(C=C2)C(=O)C2=CC=C(*)C=C2)C(C)=C1,0.7355988996981799,msa,train
CC1=CC(=C2C=CC=CC2=C1*)C1=C2C=CC=CC2=C(N2C(=O)C3=C(C=C4C(=C3)C3(C)CCC4(C)C4=C3C=C3C(=O)N(*)C(=O)C3=C4)C2=O)C(C)=C1,3.5212688755983854,msa,train
CC1=CC(=C2C=CC=CC2=C1*)C1=C2C=CC=CC2=C(N2C(=O)C3=CC4=C(OC5=C(O4)C=C4C(=C5)C5(C)CCC4(C)C4=C5C=C5OC6=C(OC5=C4)C=C4C(=O)N(*)C(=O)C4=C6)C=C3C2=O)C(C)=C1,3.477265995424853,msa,train
CC1=CC(=CC(C)=C1)C1=CC(O*)=CC=C1OC1=CC=C(C=C1)C(=O)C1=CC=C(*)C=C1,0.2041199826559248,msa,train
CC1=CC(=CC(C)=C1)C1=CC(O*)=CC=C1OC1=CC=CC(*)=C1C#N,0.5440680443502757,msa,train
CC1=CC(=CC(C)=C1*)C(C)(C)C1=CC(C)=C(OC(=O)O*)C(C)=C1,1.2933625547114456,msa,train
CC1=CC(=CC(C)=C1*)C(C)(C)C1=CC(C)=C(OC2=CC(=C(C=C2)S(=O)(=O)C2=CC=C(O*)C=C2C(O)(C(F)(F)F)C(F)(F)F)C(O)(C(F)(F)F)C(F)(F)F)C(C)=C1,1.4771212547196624,msa,train
CC1=CC(=CC(C)=C1*)C(C)(C)C1=CC(C)=C(OC2=CC=C(C=C2)S(=O)(=O)C2=CC=C(O*)C=C2)C(C)=C1,1.3222192947339193,msa,train
CC1=CC(=CC(C)=C1*)C(C1=CC(C)=C(OC2=CC(=C(C=C2)S(=O)(=O)C2=CC=C(O*)C=C2C(O)(C(F)(F)F)C(F)(F)F)C(O)(C(F)(F)F)C(F)(F)F)C(C)=C1)(C(F)(F)F)C(F)(F)F,1.9084850188786495,msa,test
CC1=CC(=CC(C)=C1*)C(C1=CC(C)=C(OC2=CC=C(C=C2)S(=O)(=O)C2=CC=C(O*)C=C2)C(C)=C1)(C(F)(F)F)C(F)(F)F,1.8573324964312683,msa,train
CC1=CC(=CC(C)=C1*)C1=CC(C)=C(C=C1C)C1=CC(C)=C(*)C(C)=C1,2.5563025007672873,msa,test
CC1=CC(=CC(C)=C1*)C1=CC(C)=C(C=C1C)C1=CC(C)=C(N2C(=O)C3=C(C=C(C=C3)C(C)(C)C3=CC4C(C=C3)C(=O)N(*)C4=O)C2=O)C(C)=C1,2.369215857410143,msa,train
CC1=CC(=CC(C)=C1*)C1=CC(C)=C(N2C(=O)C3=C(C=C(OC4=CC(=C(OC5=CC=C6C(=O)N(*)C(=O)C6=C5)C=C4C(C)(C)C)C(C)(C)C)C=C3)C2=O)C(C)=C1,1.977723605288848,msa,train
CC1=CC(=CC(C)=C1*)C1=CC(C)=C(N2C(=O)C3=C(C=C(OC4=CC(C)=C(OC5=CC=C6C(=O)N(*)C(=O)C6=C5)C(C)=C4C)C=C3)C2=O)C(C)=C1,1.591064607026499,msa,test
CC1=CC(=CC(C)=C1*)C1=CC(C)=C(N2C(=O)C3=CC4=C(C=C3C2=O)S(=O)(=O)C2=CC3=C(C=C2S4(=O)=O)C(=O)N(*)C3=O)C(C)=C1,1.591064607026499,msa,train
CC1=CC(=CC(C)=C1*)C1=CC(C)=C(OC2=CC=C(C=C2)C(=O)C2=CC=C(O*)C=C2)C(C)=C1,1.287801729930226,msa,test
CC1=CC(=CC(C)=C1*)C1=CC(C)=C(OC2=CC=C(C=C2)C(=O)C2=CC=CC=C2C2=C(C=CC=C2)C(=O)C2=CC=C(O*)C=C2)C(C)=C1,0.8426092396105621,msa,train
CC1=CC(=CC(C)=C1*)C1=CC(C)=C(OC2=CC=C(C=C2)S(=O)(=O)C2=CC=C(O*)C=C2)C(C)=C1,1.5024271199844328,msa,train
CC1=CC(=CC(C)=C1N*)C(C)(C)C1=CC(C)=C(NC(=O)C2=CC=C(OC3=C(C=C(OC4=CC=C(C=C4)C(*)=O)C(=C3)C(C)(C)C)C(C)(C)C)C=C2)C(C)=C1,1.6334684555795866,msa,train
CC1=CC(=CC(C)=C1O*)C(C)(C)C1=CC(=CC=C1)C(C)(C)C1=CC(C)=C(OC2=CC=C(C=C2)S(=O)(=O)C2=CC=C(*)C=C2)C(C)=C1,0.8450980400142568,msa,train
CC1=CC(=CC(C)=C1O*)C(C)(C)C1=CC(C)=C(OC(*)=O)C(C)=C1,1.2695129442179165,msa,test
CC1=CC(=CC(C)=C1O*)C(C)(C)C1=CC(C)=C(OC(=O)C2=CC(=CC(=C2)C(*)=O)C(C)(C)C)C(C)=C1,1.656098202012832,msa,train
CC1=CC(=CC(C)=C1O*)C(C)(C)C1=CC(C)=C(OC(=O)C2=CC(=CC=C2)C(=O)O*)C(C)=C1,1.380211241711606,msa,train
CC1=CC(=CC(C)=C1O*)C(C)(C)C1=CC(C)=C(OC(=O)C2=CC=C(C=C2)C(=O)O*)C(C)=C1,0.6720978579357175,msa,train
CC1=CC(=CC(C)=C1O*)C(C)(C)C1=CC(C)=C(OC2=CC=C(C=C2)C(=O)C2=CC=C(*)C=C2)C(C)=C1,1.3010299956639813,msa,test
CC1=CC(=CC(C)=C1O*)C(C)(C)C1=CC(C)=C(OC2=CC=C(C=C2)S(=O)(=O)C2=CC=C(*)C=C2)C(C)=C1,1.3222192947339193,msa,train
CC1=CC(=CC(C)=C1O*)C(C)(C)C1=CC=C(C=C1)C(C)(C)C1=CC(C)=C(OC2=CC=C(C=C2)S(=O)(=O)C2=CC=C(*)C=C2)C(C)=C1,1.1205739312058498,msa,train
CC1=CC(=CC(C)=C1O*)C(C1=CC(C)=C(OC(*)=O)C(C)=C1)(C(F)(F)F)C(F)(F)F,1.8543060418010808,msa,train
CC1=CC(=CC(C)=C1O*)C(C1=CC(C)=C(OC2=CC=C(C=C2)S(=O)(=O)C2=CC=C(*)C=C2)C(C)=C1)(C(F)(F)F)C(F)(F)F,1.8573324964312683,msa,test
CC1=CC(=CC(C)=C1O*)C1(C2C=CC=CC2C2C=CC=CC12)C1=CC(C)=C(OC(=O)C2=CC(=CC(=C2)C(*)=O)C(C)(C)C)C(C)=C1,2.041392685158225,msa,train
CC1=CC(=CC(C)=C1O*)C1=CC(C)=C(OC2=CC=C(C=C2)S(=O)(=O)C2=CC=C(*)C=C2)C(C)=C1,1.2706788361447063,msa,test
CC1=CC(=CC(OC2=CC3=C(C=C2)C(=O)N(C3=O)C2=C(C)C(C)=C(*)C(C)=C2C)=C1OC1=CC=C2C(=O)N(*)C(=O)C2=C1)C(C)(C)C,1.8260748027008264,msa,train
CC1=CC(=CC=C1)C(=O)OC(*)C*,0.3283796034387377,msa,train
CC1=CC(=CC=C1)C1=CC(O*)=CC=C1OC1=CC=C(C=C1)C(=O)C1=CC=C(*)C=C1,0.0,msa,train
CC1=CC(=CC=C1)C1=CC(O*)=CC=C1OC1=CC=CC(*)=C1C#N,0.2787536009528289,msa,test
CC1=CC(=CC=C1*)C(C)(C)C1=CC(C)=C(OC2=CC=C(C=C2)S(=O)(=O)C2=CC=C(O*)C=C2)C=C1,0.3222192947339193,msa,test
CC1=CC(=CC=C1*)C1(CCCCC1)C1=CC(C)=C(OC2=CC=C(C=C2)S(=O)(=O)C2=CC=C(O*)C=C2)C=C1,0.1461280356782379,msa,train
CC1=CC(=CC=C1NC(=O)C1=CC=C(OC2=C(C=C(OC3=CC=C(C=C3)C(*)=O)C(=C2)C(C)(C)C)C(C)(C)C)C=C1)C(C)(C)C1=CC(C)=C(N*)C=C1,1.3222192947339193,msa,train
CC1=CC(=CC=C1O*)C1(OC(=O)C2=C1C=CC=C2)C1=CC(C)=C(OC2=CC=C(C=C2)S(=O)(=O)C2=CC=C(*)C=C2)C=C1,0.4941545940184428,msa,train
CC1=CC(=CC=C1O*)C1(OC(=O)C2C=CC=CC12)C1=CC=C(OC2=CC=C(C=C2)C(=O)C2=CC=C(*)C=C2)C(C)=C1,0.414973347970818,msa,train
CC1=CC(=CC=C1OC(=O)C1=CC=C(C=C1)C(=O)O*)C1(OC(=O)C2=C1C=CC=C2)C1=CC(C)=C(O*)C=C1,0.6989700043360189,msa,train
CC1=CC(C)=C(*)C(C)=C1N1C(=O)C2=CC=C(C=C2C1=O)C(C1=CC2C(C=C1)C(=O)N(*)C2=O)(C(F)(F)F)C(F)(F)F,2.673020907128896,msa,train
CC1=CC(C)=C(*)C(C)=C1N1C(=O)C2=CC=C(C=C2C1=O)C1=CC2=C(C=C1)C(=O)N(*)C2=O,2.2600713879850747,msa,train
CC1=CC(C)=C(N2C(=O)C3=C(C=C(C=C3)C(C3=CC4=C(C=C3)C(=O)N(*)C4=O)(C(F)(F)F)C(F)(F)F)C2=O)C(C)=C1*,2.6669857183296606,msa,train
CC1=CC(C)=C(N2C(=O)C3=C(C=C(C=C3)C(C3=CC=C4C(=O)N(*)C(=O)C4=C3)(C(F)(F)F)C(F)(F)F)C2=O)C(C)=C1*,2.568201724066995,msa,train
CC1=CC(C)=C(N2C(=O)C3=CC=C(C=C3C2=O)C(=O)C2=CC3C(C=C2)C(=O)N(*)C3=O)C(C)=C1*,1.4899584794248346,msa,train
CC1=CC(C)=C(N2C(=O)C3=CC=C(C=C3C2=O)C(C2=CC3=C(C=C2)C(=O)N(*)C3=O)(C(F)(F)F)C(F)(F)F)C(C)=C1*,2.7450747915820575,msa,test
CC1=CC(C)=C(N2C(=O)C3=CC=C(C=C3C2=O)C(C2=CC=C3C(=O)N(*)C(=O)C3=C2)(C(F)(F)F)C(F)(F)F)C(C)=C1*,2.4756711883244296,msa,train
CC1=CC(C)=C(N2C(=O)C3=CC=C(C=C3C2=O)C2=CC3C(C=C2)C(=O)N(*)C3=O)C(C)=C1*,2.1367205671564067,msa,train
CC1=CC(C*)=CC=C1C*,-0.5767541260631921,msa,test
CC1=CC(C2=CC(C)=C(*)C3=C2C=CC=C3)=C2C=CC=CC2=C1N1C(=O)C2=C(C=C(C=C2)C(C)(C)C2=CC3C(C=C2)C(=O)N(*)C3=O)C1=O,2.9813655090785445,msa,train
CC1=CC(C2=CC(C)=C(*)C3=C2C=CC=C3)=C2C=CC=CC2=C1N1C(=O)C2=CC3=C(C=C2C1=O)C1(C)C2=CC4=C(C=C2C3(C)C2=C1C=CC=C2)C(=O)N(*)C4=O,3.525044807036845,msa,test
CC1=CC(C2=CC(C)=C(*)C3=C2C=CC=C3)=C2C=CC=CC2=C1N1C(=O)C2=CC3=C(C=C2C1=O)C1(CC(C)(C)C2=CC4=C(C=C12)C(=O)N(*)C4=O)CC3(C)C,3.6055205234374688,msa,train
CC1=CC(C2=CC(C)=C(*)C3=C2C=CC=C3)=C2C=CC=CC2=C1N1C(=O)C2=CC3=C(OC4=CC5=C(C=C4O3)C(C)(C)CC53CC(C)(C)C4=CC5=C(OC6=CC7=C(C=C6O5)C(=O)N(*)C7=O)C=C34)C=C2C1=O,3.4749443354653877,msa,train
CC1=CC(C2=CC(C)=C(N3C(=O)C4=CC5=C(C=C4C3=O)C3(C)CCC5(C)C4=CC5=C(C=C34)C(=O)N(*)C5=O)C3=C2C=CC=C3)=C2C=CC=CC2=C1*,3.723044991643445,msa,train
CC1=CC(CC2=CC(C)=C(C=C2)N2C(=O)C3=CC=C(C=C3C2=O)C(C2=CC3=C(C=C2)C(=O)N(*)C3=O)(C(F)(F)F)C(F)(F)F)=CC=C1*,0.9420080530223132,msa,train
CC1=CC(CC2=CC(C)=C(C=C2)N2C(=O)C3=CC=C(C=C3C2=O)C2=CC3=C(C=C2)C(=O)N(*)C3=O)=CC=C1*,0.1492191126553798,msa,train
CC1=CC(CC2=CC(C)=C(N3C(=O)C4=CC5=C(C=C4C3=O)C(=O)N(*)C5=O)C(C)=C2)=CC(C)=C1*,1.9894498176666915,msa,test
CC1=CC(CC2=CC(C)=C(N3C(=O)C4=CC=C(C=C4C3=O)C(C3=CC4=C(C=C3)C(=O)N(*)C4=O)(C(F)(F)F)C(F)(F)F)C(C)=C2)=CC(C)=C1*,1.6424645202421213,msa,test
CC1=CC(CC2=CC(C)=C(N3C(=O)C4=CC=C(C=C4C3=O)C3=CC4=C(C=C3)C(=O)N(*)C4=O)C(C)=C2)=CC(C)=C1*,1.3502480183341627,msa,train
CC1=CC(CC2=CC(C)=C(OC3=CC=C(C=C3)S(=O)(=O)C3=CC=C(O*)C=C3)C(C)=C2)=CC(C)=C1*,1.1760912590556811,msa,train
CC1=CC(OC2=CC3=C(C=C2)C(=O)N(C3=O)C2=C(C)C(*)=CC(C)=C2C)=C(OC2=CC=C3C(=O)N(*)C(=O)C3=C2)C=C1,1.3424226808222062,msa,train
CC1=CC(OC2=CC3=C(C=C2)C(=O)N(C3=O)C2=C(C)C(C)=C(*)C(C)=C2C)=C(OC2=CC=C3C(=O)N(*)C(=O)C3=C2)C=C1,1.3010299956639813,msa,test
CC1=CC(OC2=CC=C(C=C2)C2(C3=C(C=CC=C3)C3=C2C=CC=C3)C2=CC=C(OC3=CC=C(N4C(=O)C5=C(C=C(C=C5)C(C5=CC=C6C(=O)N(*)C(=O)C6=C5)(C(F)(F)F)C(F)(F)F)C4=O)C(C)=C3)C=C2)=CC=C1*,1.06781451116184,msa,train
CC1=CC(OC2=CC=C(C=C2)C2(OC(=O)C3=CC=CC=C23)C2=CC=C(OC3=CC=C(N4C(=O)C5=C(C=C(C=C5)C(C5=CC6=C(C=C5)C(=O)N(*)C6=O)(C(F)(F)F)C(F)(F)F)C4=O)C(C)=C3)C=C2)=CC=C1*,1.3293978793610428,msa,train
CC1=CC2=C(C3C4=C(C=CC=C4)C2C2=C3C(C)=C(N3C(=O)C4=C(C=C(C=C4)C(C4=CC=C5C(=O)N(*)C(=O)C5=C4)(C(F)(F)F)C(F)(F)F)C3=O)C(C)=C2)C(C)=C1*,3.237292337567459,msa,train
CC1=CC2=C(C3C4=C(C=CC=C4)C2C2=C3C(C)=C(N3C(=O)C4=C(C=C5C(=O)N(*)C(=O)C5=C4)C3=O)C(C)=C2)C(C)=C1*,3.5264685124694775,msa,train
CC1=CC2=C(C3C4=C(C=CC=C4)C2C2=C3C(C)=C(N3C(=O)C4=CC=C5C(=O)N(*)C(=O)C6=C5C4=C(C=C6)C3=O)C(C)=C2)C(C)=C1*,3.269746373130767,msa,train
CC1=CC2=C(C3C4=C(C=CC=C4)C2C2=C3C(C)=C(N3C(=O)C4C(C5C=CC4C4C5C(=O)N(*)C4=O)C3=O)C(C)=C2)C(C)=C1*,3.1182647260894796,msa,train
CC1=CC2=C(C=C1*)S(=O)(=O)C1=CC(N3C(=O)C4=CC5=C(C=C4C3=O)S(=O)(=O)C3=CC4=C(C=C3S5(=O)=O)C(=O)N(*)C4=O)=C(C)C=C21,1.380211241711606,msa,test
CC1=CC2=C(C=C1*)S(=O)(=O)C1=CC(N3C(=O)C4=CC=C(C=C4C3=O)C(C3=CC4=C(C=C3)C(=O)N(*)C4=O)(C(F)(F)F)C(F)(F)F)=C(C)C=C21,1.8659918001262752,msa,train
CC1=CC2=C(C=C1*)S(=O)(=O)C1=CC(N3C(=O)C4=CC=C(C=C4C3=O)C3=CC4=C(C=C3)C(=O)N(*)C4=O)=C(C)C=C21,0.437750562820388,msa,train
CC1=CC2=C(C=C1*)S(=O)(=O)C1=CC(N3C(=O)C4=CC=C(C=C4C3=O)S(=O)(=O)C3=CC4=C(C=C3)C(=O)N(*)C4=O)=C(C)C=C21,1.14921911265538,msa,train
CC1=CC2=C(C=C1C)C1(C3=C(C=C(C)C(C)=C3)C3=C1C=C1OC4=C(OC1=C3)C(C#N)=C(*)C(*)=C4C#N)C1=C2C=C(O*)C(O*)=C1,4.1167737269759,msa,train
CC1=CC2=C(C=C1OC1=CC=C(*)C=C1)C(C)(C)CC1(CC(C)(C)C3=CC(OC4=CC=C(*)C=C4)=C(C)C=C3O1)O2,1.466422722433792,msa,train
CC1=CC2C(C=C1*)S(=O)(=O)C1=C2C=C(C)C(=C1)N1C(=O)C2=CC=C(C=C2C1=O)C(C1=CC2=C(C=C1)C(=O)N(*)C2=O)(C(F)(F)F)C(F)(F)F,1.9590413923210936,msa,train
CC1=CC=C(C)C(OC2=CC=C3C(=O)N(*)C(=O)C3=C2)=C1OC1=CC2=C(C=C1)C(=O)N(C2=O)C1=C(C)C(C)=C(*)C(C)=C1C,1.7993405494535817,msa,test
CC1=CC=C(C=C1)C(*)=C(*)C1=CC=C2C(=C1)C(C)(C)CC2(C)C,4.227886704613674,msa,train
CC1=CC=C(C=C1)C(*)C*,1.4742162640762553,msa,train
CC1=CC=C(C=C1)C(=O)C1=C(*)C=C(C)C(O*)=C1C,1.3304137733491908,msa,test
CC1=CC=C(C=C1)C(=O)OC(*)C*,0.8280150642239769,msa,train
CC1=CC=C(C=C1)C1=C(C2=CC=C(C)C=C2)C(C2=CC=C3OC4=C(OC3=C2)C(C#N)=C(*)C(*)=C4C#N)=C(C2=CC=C(C)C=C2)C(C2=CC=C(C)C=C2)=C1C1=CC=C(O*)C(O*)=C1,3.2121876044039577,msa,train
CC1=CC=C(OC2=CC3=C(C=C2C2=C(OC4=CC=C(C)C=C4)C=C4C(=O)N(C(=O)C4=C2)C2=CC=C(OC4=CC=C(*)C=C4)C=C2)C(=O)N(*)C3=O)C=C1,1.6434526764861874,msa,train
CC1=CC=CC(OC2=CC=C3C(=O)N(*)C(=O)C3=C2)=C1OC1=CC2=C(C=C1)C(=O)N(C2=O)C1=C(C)C(C)=C(*)C(C)=C1C,1.4313637641589874,msa,test
CC1=CC=CC=C1C(=O)OC(*)C*,0.3483048630481606,msa,test
CC1CC(*)C(Br)C(C)C1O*,1.824451270036613,msa,test
CC1CC(*)C(C(C)C1O*)S(O)(=O)=O,1.1398790864012365,msa,train
CC1CC(C)(C)CC(C1)(C1=CC2C(C=C1)C(=O)N(C2=O)C1=CC=C(O*)C=C1)C1=CC=C2C(=C)N(C(=C)C2=C1)C1=CC=C(OC2=CC=C(C=C2)C(=O)C2=CC=C3C(=C2)C(C)(C)CC3(C)C2=CC=C(C=C2)C(=O)C2=CC=C(*)C=C2)C=C1,1.276461804173244,msa,train
CCC(C)OP(*)(OC(C)CC)=N*,2.247973266361807,msa,train
CCC1(C)CC2(C(C)C(C)(CC)C3=CC4=C(OC5=C(O4)C(C#N)=C(*)C(*)=C5C#N)C=C23)C2=CC(O*)=C(O*)C=C12,3.785329835010767,msa,test
CCC1=CC(C*)=CC=C1C*,0.2764618041732441,msa,train
CCC1=CC(CC)=C(N2COC3=C(C2)C=CC=C3)C(C)=C1N1COC2=C(C1)C=CC=C2,1.5171958979499742,msa,train
CCCC(*)=C(C)*,2.0791812460476247,msa,train
CCCCC1=CC=C(C=C1)C(*)=C(*)C1=CC=CC=C1,2.204119982655925,msa,test
CCCCCC(*)=C(C)*,2.3010299956639813,msa,train
CCCCCCC(*)=C(C)*,2.361727836017593,msa,train
CCCCCCCC(*)=C(C)*,2.462397997898956,msa,test
CCCCCCCCCCCCC1=C(*)SC(*)=C1,1.94546858513182,msa,train
CCCCCCCCCCCCCCCCCC[Si](C)(C)C1=CC(*)=CC=C1\C=C\*,1.7853298350107671,msa,test
CCCCCCCCCCCCCCOC(=O)C(*)C*,2.4727564493172123,msa,train
CCCCCCCCCCOC(=O)C(*)C*,2.416640507338281,msa,train
CCCCCCCCCCSC#CC,2.278753600952829,msa,test
CCCCCCCCSC#CC,2.255272505103306,msa,train
CCCCCCCC[Si](C)(*)O*,2.9694159123539814,msa,test
CCCCCCCC[Si](C)(C)C(\*)=C(\C)*,2.0,msa,train
CCCCCCCC[Si](C)(C)C1=CC(*)=CC=C1\C=C\*,1.7781512503836436,msa,train
CCCCCCCC[Si](C)(C)C1=CC=C(C=C1)C(*)=C(*)C1=CC=C(C=C1)C(C)(C)C,2.0,msa,train
CCCCCCCC[Si](C)(C)C1=CC=C(C=C1)C(*)=C(*)C1=CC=C(C=C1)C(C)C,2.0791812460476247,msa,train
CCCCCCCC[Si](C)(C)C1=CC=C(C=C1)C(*)=C(*)C1=CC=C(CCCC)C=C1,2.041392685158225,msa,train
CCCCCCSC#CC,2.1760912590556813,msa,train
CCCCOP(*)(OCCCC)=N*,2.810904280668701,msa,train
CCCCSC#CC,2.204119982655925,msa,train
CCCC[Si](C)(C)C(\*)=C(\C)*,2.0,msa,train
CCCC[Si](C)(C)C1=CC(*)=CC=C1\C=C\*,1.146128035678238,msa,train
CCC[Si](C)(*)O*,3.3622939379642314,msa,train
CCC[Si](C)(C)C(\*)=C(\C)*,2.361727836017593,msa,train
CCN1C2C=CC(*)=CC2C2=C1C=CC(=C2)N1C(=O)C2=CC=C(C=C2C1=O)C(C1=CC2=C(C=C1)C(=O)N(*)C2=O)(C(F)(F)F)C(F)(F)F,1.5289167002776547,msa,train
CCOC(=O)C(*)C*,2.24551266781415,msa,test
CCOC(=O)C(C)(*)C*,0.7799570512469061,msa,train
CCOC1=C(N*)C=CC(*)=C1,0.3463529744506387,msa,train
CCOC1C(*)C(COC(=O)NC(C)(C)C)OC(O*)C1OCC,1.975431808509263,msa,train
CCOCC1OC(CO*)C(OCC)C(OCC)C1*,1.830588668685144,msa,train
CCOCC1OC(O*)C(OCC)C(OCC)C1*,1.9590413923210936,msa,train
CCOCCOC(=O)C(C)(*)C*,0.9324737646771531,msa,train
CCOCCOCCOC(=O)C(C)(*)C*,2.123851640967086,msa,train
CCOCCOCCOCCOC(=O)C(C)(*)C*,1.8715729355458788,msa,train
CCSC#CC,2.204119982655925,msa,train
CC[Si](C)(*)O*,3.177824971864682,msa,train
CC[Si](C)(C)C(\*)=C(\C)*,3.6627578316815743,msa,train
CC[Si](CC)(CC)C1=CC(*)=CC=C1\C=C\*,1.380211241711606,msa,train
CN1C(*)=CC=C1*,0.8388490907372553,msa,train
COC(=O)C(*)C*,0.9132839017604184,msa,train
COC(=O)C(C)(*)C*,-0.4553119776973225,msa,train
COC(C1=CC(=CC=C1*)C(C)(C)C1=CC(=C(OC2=CC=C(C=C2)S(=O)(=O)C2=CC=C(O*)C=C2)C=C1)C(OC)(C(F)(F)F)C(F)(F)F)(C(F)(F)F)C(F)(F)F,0.8864907251724818,msa,train
COC1=C(N*)C=CC(*)=C1,0.0253058652647702,msa,train
COC1=CC(=CC=C1N1C(=O)C2=C(C=C(OC3=C(OC4=CC=C5C(=O)N(*)C(=O)C5=C4)C=CC(=C3)C(C)(C)C)C=C2)C1=O)C1=CC(OC)=C(*)C=C1,0.8260748027008264,msa,train
COC1=CC=C(C=C1)C(*)C*,1.276461804173244,msa,train
COC1=CC=C(C=C1)N(C1=CC=C(*)C=C1)C1=CC=C(C=C1)N1C(=O)C2=C(C=C(C=C2)C(C2=CC=C3C(=O)N(*)C(=O)C3=C2)(C(F)(F)F)C(F)(F)F)C1=O,1.2258259914618934,msa,train
COC1=CC=C(C=C1)N(C1=CC=C(OC)C=C1)C1=CC=C(C=C1)N(C1=CC=C(*)C=C1)C1=CC=C(C=C1)N1C(=O)C2=C(C=C(C=C2)C(C2=CC=C3C(=O)N(*)C(=O)C3=C2)(C(F)(F)F)C(F)(F)F)C1=O,1.11293997608408,msa,train
COCCOCCOP(*)(OCCOCCOC)=N*,2.3979400086720375,msa,train
CP(*)(=N*)C1=CC=CC=C1,0.8129133566428556,msa,train
CP(C)(*)=N*,1.4683473304121573,msa,train
C[Ge](C)(C)C1CCCCC1C(*)=C*,2.447158031342219,msa,train
C[Si](*)(CCC(F)(F)F)O*,3.142389466118836,msa,train
C[Si](*)(O*)C1=CC=CC=C1,2.3783979009481375,msa,train
C[Si](C)(*)C*,2.739572344450092,msa,train
C[Si](C)(*)C1=CC=C(C=C1)[Si](C)(C)CC*,0.6031443726201823,msa,train
C[Si](C)(*)C1=CC=C(C=C1)[Si](C)(C)O*,1.8129133566428557,msa,test
C[Si](C)(*)C1=CC=CC(=C1)[Si](C)(C)O*,2.714329759745233,msa,train
C[Si](C)(*)CCCCCCCC[Si](C)(C)O*,3.0788191830988487,msa,train
C[Si](C)(*)CCCCCC[Si](C)(C)O*,3.115943176939055,msa,train
C[Si](C)(*)CC[Si](C)(C)O*,3.274850320016665,msa,train
C[Si](C)(*)O*,3.620812485741877,msa,train
C[Si](C)(C(*)C*)C1=CC=CC=C1,1.089905111439398,msa,train
C[Si](C)(C)C(*)C*,2.278753600952829,msa,test
C[Si](C)(C)C(C1=CC=C(C=C1)C(*)C*)[Si](C)(C)C,2.1760912590556813,msa,train
C[Si](C)(C)C1=CC(=CC=C1)C(*)=C(*)C1=CC=CC=C1,3.6720978579357175,msa,train
C[Si](C)(C)C1=CC=C(C=C1)C(*)=C(*)C1=CC2=C(C=C1)C1=C(C2)C=CC=C1,3.809559714635268,msa,train
C[Si](C)(C)C1=CC=C(C=C1)C(*)=C(*)C1=CC2=C(C=C1)C1=C(C=CC=C1)C=C2,3.322219294733919,msa,train
C[Si](C)(C)C1=CC=C(C=C1)C(*)=C(*)C1=CC=C2C3=C(C=CC=C3)C3(CC3)C2=C1,3.612783856719735,msa,train
C[Si](C)(C)C1=CC=C(C=C1)C(*)=C(*)C1=CC=C2CCCC2=C1,3.3010299956639813,msa,train
C[Si](C)(C)C1=CC=C(C=C1)C(*)=C(*)C1=CC=CC=C1,3.6720978579357175,msa,train
C[Si](C)(C)C1=CC=C(C=C1)C(*)C*,2.3560258571931225,msa,train
C[Si](C)(C)C1=CC=C(C=C1)C1=CC=C(C=C1)C(*)=C(*)C1=CC=CC=C1,3.342422680822206,msa,train
C[Si](C)(C)C1=CC=C(OP(*)(OC2=CC=CC=C2)=NP(OC2=CC=C(Br)C=C2)(OC2=CC=C(C=C2)[Si](C)(C)C)=N*)C=C1,1.0644579892269186,msa,train
C[Si](C)(C)C1C2C(C1[Si](C)(C)C)C1CC2C(*)C1*,4.052309099647323,msa,train
C[Si](C)(C)C1CC(*)CC1\C=C\*,1.9493900066449128,msa,train
C[Si](C)(C)C1CC2C1C1CC2C(*)C1*,3.724275869600789,msa,train
C[Si](C)(C)C1CC2CC1C(*)C2*,2.3979400086720375,msa,train
C[Si](C)(C)CC1=CC=C(C=C1)C(*)=C(*)C1=CC=CC=C1,2.806179973983887,msa,train
C[Si](C)(C)CC1=CC=C(C=C1)C(*)C*,1.9017306917292187,msa,train
C[Si](C)(C)C[Si](C)(C)C1CC(*)CC1\C=C\*,1.8260748027008264,msa,train
C[Si](C)(C)O[Si](O[Si](C)(C)C)(O[Si](C)(C)C)C1C2C(C1[Si](O[Si](C)(C)C)(O[Si](C)(C)C)O[Si](C)(C)C)C(C*)CC2C*,2.9242792860618816,msa,train
C[Si](C)(C)O[Si](O[Si](C)(C)C)(O[Si](C)(C)C)C1C2C(C1[Si](O[Si](C)(C)C)(O[Si](C)(C)C)O[Si](C)(C)C)C(CC2C=*)C=*,3.0644579892269186,msa,train
C[Si](C)(C1=CC=C(C=C1)C(*)=O)C1=CC=C(C=C1)C(*)=O,1.3463529744506386,msa,train
C[Si](C)(C1=CC=C2C(=O)N(*)C(=O)C2=C1)C1=CC=C2C(=O)N(C(=O)C2=C1)C1=CC=C(*)C=C1,0.4393326938302626,msa,test
C[Si](C)(C1=CC=C2C(=O)N(*)C(=O)C2=C1)C1=CC=C2C(=O)N(C(=O)C2=C1)C1=CC=C(OC2=CC=C(*)C=C2)C=C1,0.5198279937757188,msa,train
C[Si](C)(C1=CC=CC=C1)C1=CC=C(OP(*)(OC2=CC=CC=C2)=NP(OC2=CC=C(Br)C=C2)(OC2=CC=C(C=C2)[Si](C)(C)C2=CC=CC=C2)=N*)C=C1,1.651278013998144,msa,train
C[Si](C)(CCCC(F)(F)F)C1=CC=C(C=C1)C(*)C*,2.4533183400470375,msa,train
C[Si](C1=CC=CC=C1)(C1=CC=CC=C1)C1=CC=C(OP(*)(OC2=CC=CC=C2)=NP(OC2=CC=C(Br)C=C2)(OC2=CC=C(C=C2)[Si](C)(C2=CC=CC=C2)C2=CC=CC=C2)=N*)C=C1,0.7481880270062004,msa,train
C\C(*)=C(/*)C1=CC=C(C=C1)[Si](C)(C)C,2.9777236052888476,msa,train
C\C(*)=C(/*)[Si](C)(C)C,4.455606112581867,msa,train
C\C(*)=C(/*)[Si](C)(C)C1=CC=CC=C1,1.575187844927661,msa,train
C\C(C*)=C(\C)C*,0.8733206018153987,msa,train
C\C(C*)=C\C*,2.184691430817599,msa,train
ClC(*)C*,-0.7958800173440752,msa,test
ClC(Cl)(*)C*,-1.537602002101044,msa,test
ClC(Cl)=C(C1=CC=C(*)C=C1)C1=CC=C(OC(=O)O*)C=C1,0.8129133566428556,msa,train
ClC1=CC(*)=CC=C1CC1=C(Cl)C=C(C=C1)N1C(=O)C2=CC=C(C=C2C1=O)C1=CC2=C(C=C1)C(=O)N(*)C2=O,-0.4749551929631547,msa,test
ClC1=CC(C*)=C(Cl)C=C1C*,-0.1062382379420565,msa,test
ClC1=CC(C*)=CC=C1C*,-1.0619809025237896,msa,train
ClC1=CC(CC2=CC(Cl)=C(C=C2)N2C(=O)C3=CC=C(C=C3C2=O)C2=CC3=C(C=C2)C(=O)N(*)C3=O)=CC=C1*,-0.0096611452123985,msa,train
ClC1=CC=C(C=C1)C(*)C*,0.6334684555795865,msa,train
ClCC(*)CO*,0.9030899869919436,msa,train
Cl\C(C*)=C\C*,1.409087369447835,msa,train
FC(*)C*,-1.1015490808016253,msa,test
FC(F)(*)C(F)(Cl)CC*,-0.2168113089247424,msa,train
FC(F)(*)C(F)(F)*,1.1038037209559568,msa,test
FC(F)(*)C(F)(F)CC*,0.2966651902615311,msa,train
FC(F)(*)C*,-0.2865094569060575,msa,train
FC(F)(*)C1(F)OC(F)(F)C(F)(F)C1(F)C(F)(F)*,1.5440680443502757,msa,train
FC(F)(F)C(*)(C1=CC=C(C=C1)C1=CC=C(*)C=C1)C(F)(F)F,2.6720978579357175,msa,test
FC(F)(F)C(*)(C1=CC=C(C=C1)C1=NC2=C(O1)C=CC(=C2)C(C1=CC=C2OC(=NC2=C1)C1=CC=C(C=C1)C(C1=CC=C2C3=NC4=C(C=CC(=C4)C4=CC5=C(C=C4)N=C4N5C(=O)C5=C4C=C(*)C=C5)N3C(=O)C2=C1)(C(F)(F)F)C(F)(F)F)(C(F)(F)F)C(F)(F)F)C(F)(F)F,3.256477206241677,msa,train
FC(F)(F)C(*)(C1=CC=CC=C1)C1=CC=C(C=C1)C1=CC=C(*)C=C1,2.220108088040055,msa,train
FC(F)(F)C(*)(C1=CC=CC=C1)C1=CC=C(C=C1)C1=CC=C(C=C1)C1=CC=C(*)C=C1,2.342422680822206,msa,train
FC(F)(F)C(*)(C1=CC=CC=C1)C1=CC=C(OC2=CC=C(*)C=C2)C=C1,1.230448921378274,msa,train
FC(F)(F)C(*)(C1=CC=CC=C1)C1=CC=C(OC2=CC=C(C=C2)C(=O)C2=CC=C(OC3=CC=C(*)C=C3)C=C2)C=C1,0.6232492903979004,msa,train
FC(F)(F)C(C1=CC(*)=C(C=C1)C(*)=O)(C1=CC=C2C3=NC4=CC5=C(C=C4N3C(=O)C2=C1)N(*)C(*)=N5)C(F)(F)F,1.7323937598229686,msa,train
FC(F)(F)C(C1=CC(*)=CC=C1)(C1=CC(=CC=C1)C1=NN=C(*)N1C1=CC=CC=C1)C(F)(F)F,2.12057393120585,msa,train
FC(F)(F)C(C1=CC(*)=CC=C1)(C1=CC=CC(=C1)N1C(=O)C2=CC=C(C=C2C1=O)C(=O)C1=CC2C(C=C1)C(=O)N(*)C2=O)C(F)(F)F,0.021189299069938,msa,train
FC(F)(F)C(C1=CC(Br)=C(O*)C(Br)=C1)(C1=CC(Br)=C(OC(*)=O)C(Br)=C1)C(F)(F)F,1.505149978319906,msa,test
FC(F)(F)C(C1=CC2=C(C=C1)C(=O)N(*)C2=O)(C1=CC2=C(C=C1)C(=O)N(C2=O)C1=CC2=C(C=C1)C1C3=C(C=CC=C3)C2C2=C1C=C(*)C=C2)C(F)(F)F ,2.305351369446624,msa,train
FC(F)(F)C(C1=CC2=C(C=C1)C(=O)N(*)C2=O)(C1=CC2=C(C=C1)C(=O)N(C2=O)C1=CC2=CC=C3OC4CC(C3=C2C=C1)C1=C(O4)C=CC2=C1C=CC(*)=C2)C(F)(F)F,1.4199557484897578,msa,train
FC(F)(F)C(C1=CC2=C(C=C1)C(=O)N(*)C2=O)(C1=CC2=C(C=C1)C(=O)N(C2=O)C1=CC2=CC=C3OC4OC5=CC=C6C=C(*)C=CC6=C5C4C3=C2C=C1)C(F)(F)F,1.4756711883244296,msa,train
FC(F)(F)C(C1=CC2=C(C=C1)C(=O)N(*)C2=O)(C1=CC2=C(C=C1)C(=O)N(C2=O)C1=CC=C(C=C1)C1(C2=C(C=CC=C2)C2=C1C=CC=C2)C1=CC=C(*)C=C1)C(F)(F)F,1.7701152947871015,msa,train
FC(F)(F)C(C1=CC2=C(C=C1)C(=O)N(*)C2=O)(C1=CC2=C(C=C1)C(=O)N(C2=O)C1=CC=C(OC2=C(C3=C(C=CC=C3)C=C2)C2=C(OC3=CC=C(*)C=C3)C=CC3=C2C=CC=C3)C=C1)C(F)(F)F,1.1760912590556811,msa,train
FC(F)(F)C(C1=CC2=C(C=C1)C(=O)N(*)C2=O)(C1=CC2=C(C=C1)C(=O)N(C2=O)C1=CC=CC=C1OC1=C(C2=C(C=CC=C2)C=C1)C1=C(OC2=C(*)C=CC=C2)C=CC2=C1C=CC=C2)C(F)(F)F,0.6884198220027107,msa,train
FC(F)(F)C(C1=CC2=C(C=C1)C(=O)N(*)C2=O)(C1=CC=C2C(=O)N(C(=O)C2=C1)C1=C(Cl)C=C(CC2=CC=C(*)C(Cl)=C2)C=C1)C(F)(F)F,0.8312296938670634,msa,train
FC(F)(F)C(C1=CC2=C(C=C1)C(=O)N(*)C2=O)(C1=CC=C2C(=O)N(C(=O)C2=C1)C1=CC(*)=CC=C1)C(F)(F)F,0.9106244048892012,msa,train
FC(F)(F)C(C1=CC2=C(C=C1)C(=O)N(*)C2=O)(C1=CC=C2C(=O)N(C(=O)C2=C1)C1=CC(=CC=C1)C(C1=CC=CC(*)=C1)(C(F)(F)F)C(F)(F)F)C(F)(F)F,0.7075701760979364,msa,train
FC(F)(F)C(C1=CC2=C(C=C1)C(=O)N(*)C2=O)(C1=CC=C2C(=O)N(C(=O)C2=C1)C1=CC2=C(C=C1)C1C3=C(C=CC=C3)C2C2=C1C=CC(*)=C2)C(F)(F)F,2.1172712956557644,msa,train
FC(F)(F)C(C1=CC2=C(C=C1)C(=O)N(*)C2=O)(C1=CC=C2C(=O)N(C(=O)C2=C1)C1=CC2=C(C=C1)C1C=CC(*)=CC1C2)C(F)(F)F,1.507855871695831,msa,test
FC(F)(F)C(C1=CC2=C(C=C1)C(=O)N(*)C2=O)(C1=CC=C2C(=O)N(C(=O)C2=C1)C1=CC2=C(C=C1)C1C=CC(*)=CC1C2=O)C(F)(F)F,0.885361220031512,msa,train
FC(F)(F)C(C1=CC2=C(C=C1)C(=O)N(*)C2=O)(C1=CC=C2C(=O)N(C(=O)C2=C1)C1=CC=C(C=C1)C1=NN=C(O1)C1=CC=C(*)C=C1)C(F)(F)F,1.1931245983544616,msa,train
FC(F)(F)C(C1=CC2=C(C=C1)C(=O)N(*)C2=O)(C1=CC=C2C(=O)N(C(=O)C2=C1)C1=CC=C(CC2=CC=C(*)C=C2)C=C1)C(F)(F)F,1.059752694209299,msa,train
FC(F)(F)C(C1=CC2=C(C=C1)C(=O)N(*)C2=O)(C1=CC=C2C(=O)N(C(=O)C2=C1)C1=CC=C(OC2=CC=C(*)C=C2)C=C1)C(F)(F)F,1.3424226808222062,msa,train
FC(F)(F)C(C1=CC2=C(C=C1)C(=O)N(*)C2=O)(C1=CC=C2C(=O)N(C(=O)C2=C1)C1=CC=C(SC2=CC=C(*)C=C2)C=C1)C(F)(F)F,1.3637999454791094,msa,train
FC(F)(F)C(C1=CC2=C(C=C1)C(=O)N(*)C2=O)(C1=CC=C2C(=O)N(C(=O)C2=C1)C1=CC=C(SC2=CC=C(SC3=CC=C(*)C=C3)C=C2)C=C1)C(F)(F)F,0.9503648543761232,msa,train
FC(F)(F)C(C1=CC2=C(C=C1)C(=O)N(*)C2=O)(C1=CC=C2C(=O)N(C(=O)C2=C1)C1=CC=C(SC2=CC=C(SC3=CC=C(SC4=CC=C(*)C=C4)C=C3)C=C2)C=C1)C(F)(F)F,0.92272545799326,msa,train
FC(F)(F)C(C1=CC2=C(C=C1)C(=O)N(*)C2=O)(C1=CC=C2C(=O)N(C(=O)C2=C1)C1=CC=C(SC2=CC=C(SC3=CC=C(SC4=CC=C(SC5=CC=C(*)C=C5)C=C4)C=C3)C=C2)C=C1)C(F)(F)F,0.8208579894396999,msa,train
FC(F)(F)C(C1=CC2=C(C=C1)C(=O)N(*)C2=O)(C1=CC=C2C(=O)N(C(=O)C2=C1)C1=CC=CC(*)=C1)C(F)(F)F,1.0511525224473812,msa,train
FC(F)(F)C(C1=CC2=C(C=C1)C(=O)N(*)C2=O)(C1=CC=C2C(=O)N(C(=O)C2=C1)C1=CC=CC(OC2=CC(*)=CC=C2)=C1)C(F)(F)F,0.3222192947339193,msa,train
FC(F)(F)C(C1=CC2=C(C=C1)C(=O)N(*)\C2=N/*)(C1=CC=C2C(=C1)C(=O)N1C3=CC=CC(OC4=CC=C(*)C(*)=C4)=C3N=C21)C(F)(F)F,1.4409090820652175,msa,train
FC(F)(F)C(C1=CC2=C(C=C1)C(=O)N(C2=O)C1=CC(=CC=C1)C(C1=CC(*)=CC=C1)(C(F)(F)F)C(F)(F)F)(C1=CC=C2C(=O)N(*)C(=O)C2=C1)C(F)(F)F,0.7075701760979364,msa,train
FC(F)(F)C(C1=CC2=C(C=C1)C(=O)N(C2=O)C1=CC=C(C=C1)N(C1=CC=C(*)C=C1)C1=CC=C(C=C1)N(C1=CC=CC=C1)C1=CC=CC=C1)(C1=CC=C2C(=O)N(*)C(=O)C2=C1)C(F)(F)F,1.0707764628434346,msa,train
FC(F)(F)C(C1=CC2=C(C=C1)C(=O)N(C2=O)C1=CC=C(CC2=CC=C(*)C=C2)C=C1)(C1=CC=C2C(=O)N(*)C(=O)C2=C1)C(F)(F)F,1.2787536009528289,msa,train
FC(F)(F)C(C1=CC2=C(C=C1)C(=O)N(C2=O)C1=CC=C(OC2=CC=C(*)C=C2)C=C1)(C1=CC=C2C(=O)N(*)C(=O)C2=C1)C(F)(F)F,1.3617278360175928,msa,train
FC(F)(F)C(C1=CC2=C(C=C1)C(=O)N(C2=O)C1=CC=C(OC2=CC=C(C=C2)C2(C3=C(C=CC=C3)C3=C2C=CC=C3)C2=CC=C(OC3=CC=C(*)C=C3)C=C2)C=C1)(C1=CC=C2C(=O)N(*)C(=O)C2=C1)C(F)(F)F,1.298197867109815,msa,train
FC(F)(F)C(C1=CC2C(C=C1)C(=O)N(*)C2=O)(C1=CC=C2C(=O)N(C(=O)C2=C1)C1=CC(*)=CC=C1)C(F)(F)F,0.9637878273455552,msa,train
FC(F)(F)C(C1=CC2C(C=C1)C(=O)N(*)C2=O)(C1=CC=C2C(=O)N(C(=O)C2=C1)C1=CC(OC2=CC=CC(*)=C2)=CC=C1)C(F)(F)F,0.3222192947339193,msa,train
FC(F)(F)C(C1=CC2C(C=C1)C(=O)N(*)C2=O)(C1=CC=C2C(=O)N(C(=O)C2=C1)C1=CC=C(*)C=C1)C(F)(F)F,1.1319392952104246,msa,test
FC(F)(F)C(C1=CC2C(C=C1)C(=O)N(*)C2=O)(C1=CC=C2C(=O)N(C(=O)C2=C1)C1=CC=C(C=C1)N(C1=CC=CC=C1)C1=CC=C(*)C=C1)C(F)(F)F,1.3617278360175928,msa,train
FC(F)(F)C(C1=CC2C(C=C1)C(=O)N(*)C2=O)(C1=CC=C2C(=O)N(C(=O)C2=C1)C1=CC=C(NC(=O)C(F)(F)C(F)(F)C(F)(F)C(F)(F)C(=O)NC2=CC=C(*)C=C2)C=C1)C(F)(F)F,0.7573960287930241,msa,train
FC(F)(F)C(C1=CC2C(C=C1)C(=O)N(*)C2=O)(C1=CC=C2C(=O)N(C(=O)C2=C1)C1=CC=C(NC(=O)C(F)(F)C(F)(F)C(F)(F)C(F)(F)C(F)(F)C(F)(F)C(=O)NC2=CC=C(*)C=C2)C=C1)C(F)(F)F,0.9498777040368748,msa,train
FC(F)(F)C(C1=CC2C(C=C1)C(=O)N(*)C2=O)(C1=CC=C2C(=O)N(C(=O)C2=C1)C1=CC=CC(*)=C1)C(F)(F)F,0.91539983521227,msa,test
FC(F)(F)C(C1=CC2C(C=C1)C(=O)N(*)C2=O)(C1=CC=C2C(=O)N(C(=O)C2=C1)C1=CC=CC(NC(=O)C(F)(F)C(F)(F)C(F)(F)C(F)(F)C(=O)NC2=CC=C(*)C=C2)=C1)C(F)(F)F,0.220108088040055,msa,train
FC(F)(F)C(C1=CC2C(C=C1)C(=O)N(*)C2=O)(C1=CC=C2C(=O)N(C(=O)C2=C1)C1=CC=CC(NC(=O)C(F)(F)C(F)(F)C(F)(F)C(F)(F)C(F)(F)C(F)(F)C(=O)NC2=CC=C(*)C=C2)=C1)C(F)(F)F,0.561101383649056,msa,test
FC(F)(F)C(C1=CC2N=C(*)OC2C=C1)(C1=CC=C2OC(=NC2=C1)C1=CC2=C(C=C1)C=C(*)C=C2)C(F)(F)F,0.6720978579357175,msa,train
FC(F)(F)C(C1=CC2N=C(*)OC2C=C1)(C1=CC=C2OC(=NC2=C1)C1=CC=C(C=C1)C(=O)C1=CC=C(*)C=C1)C(F)(F)F,1.0569048513364727,msa,test
FC(F)(F)C(C1=CC2N=C(OC2C=C1)C1=CC(*)=CC=C1)(C1=CC=C2OC(=NC2=C1)C1=CC=CC(*)=C1)C(F)(F)F,3.0060379549973173,msa,train
FC(F)(F)C(C1=CC=C(*)C=C1)(C1=CC=C(C=C1)C1=NC2=C(O1)C=CC(=C2)C(C1=CC2=C(OC(*)=N2)C=C1)(C(F)(F)F)C(F)(F)F)C(F)(F)F,3.688820113939199,msa,train
FC(F)(F)C(C1=CC=C(*)C=C1)(C1=CC=C(C=C1)C1=NC2=C(O1)C=CC(=C2)C(C1=CC=C2OC(*)=NC2=C1)(C(F)(F)F)C(F)(F)F)C(F)(F)F,3.623352681537992,msa,train
FC(F)(F)C(C1=CC=C(*)C=C1)(C1=CC=C(C=C1)C1=NC2=CC(=CC=C2O1)C(C1=CC2N=C(*)OC2C=C1)(C(F)(F)F)C(F)(F)F)C(F)(F)F,1.7853298350107671,msa,train
FC(F)(F)C(C1=CC=C(*)C=C1)(C1=CC=C(C=C1)C1=NN=C(*)O1)C(F)(F)F,2.089905111439398,msa,train
FC(F)(F)C(C1=CC=C(*)C=C1)(C1=CC=C(C=C1)N1C(=O)C2=C(C=C(C=C2)C(C2=CC=C3C(=O)N(*)C(=O)C3=C2)(C(F)(F)F)C(F)(F)F)C1=O)C(F)(F)F,1.806179973983887,msa,test
FC(F)(F)C(C1=CC=C(*)C=C1)(C1=CC=C(C=C1)N1C(=O)C2=C(C=C3C(=O)N(*)C(=O)C3=C2)C1=O)C(F)(F)F,1.4424797690644486,msa,train
FC(F)(F)C(C1=CC=C(*)C=C1)(C1=CC=C(C=C1)N1C(=O)C2=CC=C(C=C2C1=O)C(=O)C1=CC2=C(C=C1)C(=O)N(*)C2=O)C(F)(F)F,0.8633228601204559,msa,train
FC(F)(F)C(C1=CC=C(*)C=C1)(C1=CC=C(C=C1)N1C(=O)C2=CC=C(C=C2C1=O)C(=O)C1=CC2C(C=C1)C(=O)N(*)C2=O)C(F)(F)F,0.8633228601204559,msa,test
FC(F)(F)C(C1=CC=C(*)C=C1)(C1=CC=C(C=C1)N1C(=O)C2=CC=C(C=C2C1=O)C(=O)C1=CC=C2C(=O)N(*)C(=O)C2=C1)C(F)(F)F,1.4424797690644486,msa,test
FC(F)(F)C(C1=CC=C(*)C=C1)(C1=CC=C(C=C1)N1C(=O)C2=CC=C(C=C2C1=O)C(C1=CC2=C(C=C1)C(=O)N(*)C2=O)(C(F)(F)F)C(F)(F)F)C(F)(F)F,1.8055008581584,msa,train
FC(F)(F)C(C1=CC=C(*)C=C1)(C1=CC=C(C=C1)N1C(=O)C2=CC=C(C=C2C1=O)C(C1=CC=C2C(=O)N(*)C(=O)C2=C1)(C(F)(F)F)C(F)(F)F)C(F)(F)F,1.8055008581584,msa,train
FC(F)(F)C(C1=CC=C(*)C=C1)(C1=CC=C(C=C1)N1C(=O)C2=CC=C(C=C2C1=O)C1=CC2=C(C=C1)C(=O)N(*)C2=O)C(F)(F)F,1.3443922736851108,msa,train
FC(F)(F)C(C1=CC=C(*)C=C1)(C1=CC=C(C=C1)N1C(=O)C2=CC=C(C=C2C1=O)C1=CC2C(C=C1)C(=O)N(*)C2=O)C(F)(F)F,1.437750562820388,msa,train
FC(F)(F)C(C1=CC=C(*)C=C1)(C1=CC=C(OC2=CC=C(C=C2)C(=O)C2=CC=C(O*)C3=C2C=CC=C3)C=C1)C(F)(F)F,0.7810369386211319,msa,train
FC(F)(F)C(C1=CC=C(*)C=C1)(C1=CC=C(OC2=CC=C(C=C2)C(=O)C2=CC=CC(=C2)C2=CC=CC(=C2)C(=O)C2=CC=C(O*)C=C2)C=C1)C(F)(F)F,0.290034611362518,msa,test
FC(F)(F)C(C1=CC=C(*)C=C1)(C1=CC=C(OC2=CC=C(C=C2)C(=O)C2=CC=CC=C2C2=C(C=CC=C2)C(=O)C2=CC=C(O*)C=C2)C=C1)C(F)(F)F,0.4941545940184428,msa,train
FC(F)(F)C(C1=CC=C(*)C=C1)(C1=CC=C(OC2=CC=C(C=C2)S(=O)(=O)C2=CC=C(O*)C=C2)C=C1)C(F)(F)F,0.9265996539070276,msa,train
FC(F)(F)C(C1=CC=C(C=C1)C(*)=O)(C1=CC=C(C=C1)C(=O)NC1=CC(N*)=CC=C1)C(F)(F)F,0.9242792860618816,msa,train
FC(F)(F)C(C1=CC=C(N*)C=C1)(C1=CC=C(NC(=O)C2=CC(=CC(=C2)C2=CC=CC=C2)C(*)=O)C=C1)C(F)(F)F,1.3222192947339193,msa,train
FC(F)(F)C(C1=CC=C(N*)C=C1)(C1=CC=C(NC(=O)C2=CC(=CC=C2)C(*)=O)C=C1)C(F)(F)F,0.9542425094393248,msa,test
FC(F)(F)C(C1=CC=C(O*)C=C1)(C1=CC=C(OC(*)=O)C=C1)C(F)(F)F,1.380211241711606,msa,train
FC(F)(F)C(C1=CC=C(O*)C=C1)(C1=CC=C(OC(=O)C2=CC=C(C=C2)C(*)=O)C=C1)C(F)(F)F,1.6730209071288962,msa,test
FC(F)(F)C(C1=CC=C(O*)C=C1)(C1=CC=C(OC(=O)C2=CC=CC(=C2)C(*)=O)C=C1)C(F)(F)F,1.173186268412274,msa,train
FC(F)(F)C(C1=CC=C(O*)C=C1)(C1=CC=C(OC2=CC=C(C=C2)C(=O)C2=CC=C(C=C2)C(C2=CC=C(C=C2)C(=O)C2=CC=C(*)C=C2)(C(F)(F)F)C(F)(F)F)C=C1)C(F)(F)F,1.0606978403536118,msa,train
FC(F)(F)C(C1=CC=C(O*)C=C1)(C1=CC=C(OC2=CC=C(C=C2)S(=O)(=O)C2=CC=C(*)C=C2)C=C1)C(F)(F)F,1.0791812460476249,msa,train
FC(F)(F)C(C1=CC=C(OC2=CC(*)=CC=C2)C=C1)(C1=CC=C(OC2=CC(=CC=C2)N2C(=O)C3=CC=C(C=C3C2=O)C(C2=CC3=C(C=C2)C(=O)N(*)C3=O)(C(F)(F)F)C(F)(F)F)C=C1)C(F)(F)F,0.7785130117389248,msa,test
FC(F)(F)C(C1=CC=C(OC2=CC(=CC=C2)N2C(=O)C3=CC4C(C=C3C2=O)C(=O)N(*)C4=O)C=C1)(C1=CC=C(OC2=CC=CC(*)=C2)C=C1)C(F)(F)F,0.7867514221455612,msa,test
FC(F)(F)C(C1=CC=C(OC2=CC=C(*)C=C2)C=C1)(C1=CC=C(OC2=CC=C(C=C2)N2C(=C)C3=CC=C4C(=C)N(*)C(=C)C5=C4C3=C(C=C5)C2=C)C=C1)C(F)(F)F,1.3222192947339193,msa,test
FC(F)(F)C(C1=CC=C(OC2=CC=C(*)C=C2)C=C1)(C1=CC=C(OC2=CC=C(C=C2)N2C(=O)C3=C(C=C4C(=O)N(*)C(=O)C4=C3)C2=O)C=C1)C(F)(F)F,1.24551266781415,msa,train
FC(F)(F)C(C1=CC=C(OC2=CC=C(*)C=C2)C=C1)(C1=CC=C(OC2=CC=C(C=C2)N2C(=O)C3=CC4=C(C=C3C2=O)C(=O)N(*)C4=O)C=C1)C(F)(F)F,1.0718820073061257,msa,test
FC(F)(F)C(C1=CC=C(OC2=CC=C(*)C=C2)C=C1)(C1=CC=C(OC2=CC=C(C=C2)N2C(=O)C3=CC4C(C=C3C2=O)C(=O)N(*)C4=O)C=C1)C(F)(F)F,1.0718820073061257,msa,test
FC(F)(F)C(C1=CC=C(OC2=CC=C(*)C=C2)C=C1)(C1=CC=C(OC2=CC=C(C=C2)N2C(=O)C3=CC=C(C=C3C2=O)C(=O)C2=CC=C3C(=O)N(*)C(=O)C3=C2)C=C1)C(F)(F)F,0.6688516480825187,msa,train
FC(F)(F)C(C1=CC=C(OC2=CC=C(*)C=C2)C=C1)(C1=CC=C(OC2=CC=C(C=C2)N2C(=O)C3=CC=C(C=C3C2=O)C(C2=CC3=C(C=C2)C(=O)N(*)C3=O)(C(F)(F)F)C(F)(F)F)C=C1)C(F)(F)F,1.2776092143040911,msa,train
FC(F)(F)C(C1=CC=C(OC2=CC=C(*)C=C2)C=C1)(C1=CC=C(OC2=CC=C(C=C2)N2C(=O)C3=CC=C(C=C3C2=O)C(C2=CC=C3C(=O)N(*)C(=O)C3=C2)(C(F)(F)F)C(F)(F)F)C=C1)C(F)(F)F,1.2810333672477277,msa,test
FC(F)(F)C(C1=CC=C(OC2=CC=C(*)C=C2)C=C1)(C1=CC=C(OC2=CC=C(C=C2)N2C(=O)C3=CC=C(C=C3C2=O)C2=CC3=C(C=C2)C(=O)N(*)C3=O)C=C1)C(F)(F)F,0.865103974641128,msa,train
FC(F)(F)C(C1=CC=C(OC2=CC=C(*)C=C2)C=C1)(C1=CC=C(OC2=CC=C(C=C2)N2C(=O)C3=CC=C(C=C3C2=O)C2=CC=C3C(=O)N(*)C(=O)C3=C2)C=C1)C(F)(F)F,0.6954816764901974,msa,train
FC(F)(F)C(C1=CC=C(OC2=CC=C(*)C=C2)C=C1)(C1=CC=C(OC2=CC=C(C=C2)N2C(=O)C3C=CC(=CC3C2=O)C(C2=CC3C(C=C2)C(=O)N(*)C3=O)(C(F)(F)F)C(F)(F)F)C=C1)C(F)(F)F,1.2787536009528289,msa,test
FC(F)(F)C(C1=CC=C(OC2=CC=CC(*)=C2)C=C1)(C1=CC=C(OC2=CC=CC(=C2)N2C(=O)C3=CC4=C(C=C3C2=O)C(=O)N(*)C4=O)C=C1)C(F)(F)F,0.7867514221455612,msa,train
FC(F)(F)C(C1=CC=C(OC2=CC=CC(*)=C2)C=C1)(C1=CC=C(OC2=CC=CC(=C2)N2C(=O)C3=CC=C(C=C3C2=O)C(C2=CC3C(C=C2)C(=O)N(*)C3=O)(C(F)(F)F)C(F)(F)F)C=C1)C(F)(F)F,0.7993405494535817,msa,test
FC(F)(F)C(C1=CC=C2C(=O)N(*)C(=O)C2=C1)(C1=CC=C2C(=O)N(C(=O)C2=C1)C1=CC2=C(C=C1)C1=C(C2)C=C(*)C=C1)C(F)(F)F,1.507855871695831,msa,train
FC(F)(F)C(C1=CC=C2C(=O)N(*)C(=O)C2=C1)(C1=CC=C2C(=O)N(C(=O)C2=C1)C1=CC=C(OC2=CC=C(*)C=C2)C=C1)C(F)(F)F,1.2227164711475833,msa,train
FC(F)(F)C(C1=CC=C2C(=O)N(*)C(=O)C2=C1)(C1=CC=C2C(=O)N(C(=O)C2=C1)C1=CC=CC(=C1)C(C1=CC(*)=CC=C1)(C(F)(F)F)C(F)(F)F)C(F)(F)F,0.7075701760979364,msa,train
FC(F)(F)C(C1=CC=C2C(=O)N(*)C(=O)C2=C1)(C1=CC=C2C(=O)N(C(=O)C2=C1)C1=CC=CC(=C1)S(=O)(=O)C1=CC=CC(*)=C1)C(F)(F)F,0.3692158574101428,msa,train
FC(F)(F)C(C1=CC=C2C(=O)N(*)C(=O)C2=C1)(C1=CC=C2C(=O)N(C(=O)C2=C1)C1=CC=CC(OC2=CC=C(*)C=C2)=C1)C(F)(F)F,0.7860412102425542,msa,train
FC(F)(F)C(C1=CC=C2C(=O)N(*)C(=O)C2=C1)(C1=CC=C2C3=NC4=C(C=CC(=C4)C4=CC5=C(C=C4)N=C4N5C(=O)C5=C4C=C(*)C=C5)N3C(=O)C2=C1)C(F)(F)F,2.4683473304121573,msa,train
FC(F)(F)C(C1=CC=C2C(=O)N(C(=O)C2=C1)C1=CC=C(*)C=C1)(C1=CC2=C(C=C1)C(=O)N(*)C2=O)C(F)(F)F,1.792391689498254,msa,train
FC(F)(F)C(C1=CC=C2\C(=N\*)N(*)C(=O)C2=C1)(C1=CC=C2C(=O)N3C4=C(C=C(OC5=CC=C(*)C(*)=C5)C=C4)N=C3C2=C1)C(F)(F)F,1.4409090820652175,msa,train
FC(F)(F)C(C1=CC=CC(*)=C1)(C1=CC=CC(=C1)N1C(=O)C2=CC=C(C=C2C1=O)C(=O)C1=CC2=C(C=C1)C(=O)N(*)C2=O)C(F)(F)F,0.021189299069938,msa,train
FC(F)(F)C(C1CC=C(*)C=C1)(C1=CC=C(C=C1)C1=NN=C(*)O1)C(F)(F)F,1.8920946026904804,msa,test
FC(F)(F)C(F)(F)C(F)(F)C(F)(F)C(F)(F)C(F)(F)C(F)(F)COC(=O)C(*)C*,2.716003343634799,msa,train
FC(F)(F)C(F)(F)C(F)(F)C(F)(F)C(F)(F)C(F)(F)CCOC(=O)C1=CC(=CC(*)=C1)N1C(=O)C2=CC=C(C=C2C1=O)C(=O)C1=CC2=C(C=C1)C(=O)N(*)C2=O,1.8753506965792892,msa,train
FC(F)(F)C(F)(F)C(F)(F)C(F)(F)C(F)(F)C(F)(F)CCOC(=O)C1=CC(=CC(*)=C1)N1C(=O)C2=CC=C(C=C2C1=O)C(C1=CC2=C(C=C1)C(=O)N(*)C2=O)(C(F)(F)F)C(F)(F)F,1.250420002308894,msa,train
FC(F)(F)C(F)(F)C(F)(F)C(F)(F)C(F)(F)C(F)(F)CCOC(=O)C1=CC(=CC(*)=C1)N1C(=O)C2=CC=C(OC3=CC4=C(C=C3)C(=O)N(*)C4=O)C=C2C1=O,1.0425755124401903,msa,train
FC(F)(F)C1(C(CC(C=*)C1(F)F)C=*)C(F)(F)F,2.0086001717619175,msa,test
FC(F)(F)C1=C(OC2=CC=C(C=C2)C(C2=CC=C(OC3=C(C=C(C=C3)N3C(=O)C4=C(C=C5C(=O)N(*)C(=O)C5=C4)C3=O)C(F)(F)F)C=C2)(C(F)(F)F)C(F)(F)F)C=CC(*)=C1,1.390935107103379,msa,train
FC(F)(F)C1=C(OC2=CC=C(C=C2)C(C2=CC=C(OC3=C(C=C(C=C3)N3C(=O)C4=CC=C(C=C4C3=O)C(=O)C3=CC=C4C(=O)N(*)C(=O)C4=C3)C(F)(F)F)C=C2)(C(F)(F)F)C(F)(F)F)C=CC(*)=C1,0.9055260484350484,msa,test
FC(F)(F)C1=C(OC2=CC=C(C=C2)C(C2=CC=C(OC3=C(C=C(C=C3)N3C(=O)C4=CC=C(C=C4C3=O)C(C3=CC=C4C(=O)N(*)C(=O)C4=C3)(C(F)(F)F)C(F)(F)F)C(F)(F)F)C=C2)(C(F)(F)F)C(F)(F)F)C=CC(*)=C1,1.3579348470004535,msa,test
FC(F)(F)C1=C(OC2=CC=C(C=C2)C(C2=CC=C(OC3=C(C=C(C=C3)N3C(=O)C4=CC=C(C=C4C3=O)C3=CC=C4C(=O)N(*)C(=O)C4=C3)C(F)(F)F)C=C2)(C(F)(F)F)C(F)(F)F)C=CC(*)=C1,0.9614210940664484,msa,test
FC(F)(F)C1=CC(*)=CC(=C1)N1C(=O)C2=CC=C(C=C2C1=O)C(C1=CC2C(C=C1)C(=O)N(*)C2=O)(C(F)(F)F)C(F)(F)F,1.3352572564345315,msa,train
FC(F)(F)C1=CC(*)=CC=C1OC1=C(C2=C(C=CC=C2)C=C1)C1=C(OC2=C(C=C(C=C2)N2C(=O)C3=C(C=C(C=C3)C(C3=CC4=C(C=C3)C(=O)N(*)C4=O)(C(F)(F)F)C(F)(F)F)C2=O)C(F)(F)F)C=CC2=C1C=CC=C2,1.413299764081252,msa,train
FC(F)(F)C1=CC(*)=CC=C1OC1=CC=C(C=C1)C1(C2=C(C=CC=C2)C2=C1C=CC=C2)C1=CC=C(OC2=CC=C(C=C2C(F)(F)F)N2C(=O)C3=C(C=C(C=C3)C(C3=CC=C4C(=O)N(*)C(=O)C4=C3)(C(F)(F)F)C(F)(F)F)C2=O)C=C1,1.7911290007272862,msa,train
FC(F)(F)C1=CC(=CC(=C1)C1=CC(O*)=CC=C1OC1=CC=C(C=C1)C(=O)C1=CC=C(*)C=C1)C(F)(F)F,0.9395192526186184,msa,train
FC(F)(F)C1=CC(=CC(=C1)C1=CC(O*)=CC=C1OC1=CC=CC(*)=C1C#N)C(F)(F)F,1.2787536009528289,msa,train
FC(F)(F)C1=CC(=CC=C1)C1=CC(O*)=CC=C1OC1=CC=C(C=C1)C(=O)C1=CC=C(*)C=C1,0.1760912590556812,msa,train
FC(F)(F)C1=CC(=CC=C1)C1=CC(O*)=CC=C1OC1=CC=CC(*)=C1C#N,0.568201724066995,msa,train
FC(F)(F)C1=CC(=CC=C1OC1=CC=C(C=C1)C1(C2=C(C=CC=C2)C2=C1C=CC=C2)C1=CC=C(OC2=CC=C(C=C2C(F)(F)F)C2=CC=C(C=C2)N2C(=O)C3=CC=C(C=C3C2=O)C(=O)C2=CC3C(C=C2)C(=O)N(*)C3=O)C=C1)C1=CC=C(*)C=C1,1.5571461423183632,msa,train
FC(F)(F)C1=CC(=CC=C1OC1=CC=C(C=C1)C1(C2=C(C=CC=C2)C2=C1C=CC=C2)C1=CC=C(OC2=CC=C(C=C2C(F)(F)F)C2=CC=C(C=C2)N2C(=O)C3=CC=C(C=C3C2=O)C(C2=CC3C(C=C2)C(=O)N(*)C3=O)(C(F)(F)F)C(F)(F)F)C=C1)C1=CC=C(*)C=C1,1.725012725341157,msa,train
FC(F)(F)C1=CC(=CC=C1OC1=CC=C(C=C1)C1(C2=C(C=CC=C2)C2=C1C=CC=C2)C1=CC=C(OC2=CC=C(C=C2C(F)(F)F)C2=CC=C(C=C2)N2C(=O)C3=CC=C(OC4=CC5C(C=C4)C(=O)N(*)C5=O)C=C3C2=O)C=C1)C1=CC=C(*)C=C1,1.413467412985825,msa,train
FC(F)(F)C1=CC(=CC=C1OC1=CC=C(C=C1)C1(N(C(=O)C2=C1C=CC=C2)C1=CC=CC=C1)C1=CC=C(OC2=C(C=C(C=C2)C2=CC=C(C=C2)N2C(=O)C3=CC4=C(C=C3C2=O)C(=O)N(*)C4=O)C(F)(F)F)C=C1)C1=CC=C(*)C=C1,1.5973660502660278,msa,train
FC(F)(F)C1=CC(=CC=C1OC1=CC=C(C=C1)C1(N(C(=O)C2=C1C=CC=C2)C1=CC=CC=C1)C1=CC=C(OC2=C(C=C(C=C2)C2=CC=C(C=C2)N2C(=O)C3=CC=C(C=C3C2=O)C(=O)C2=CC=C3C(=O)N(*)C(=O)C3=C2)C(F)(F)F)C=C1)C1=CC=C(*)C=C1,1.2327420627207368,msa,train
FC(F)(F)C1=CC(=CC=C1OC1=CC=C(C=C1)C1(N(C(=O)C2=C1C=CC=C2)C1=CC=CC=C1)C1=CC=C(OC2=C(C=C(C=C2)C2=CC=C(C=C2)N2C(=O)C3=CC=C(C=C3C2=O)C(C2=CC=C3C(=O)N(*)C(=O)C3=C2)(C(F)(F)F)C(F)(F)F)C(F)(F)F)C=C1)C1=CC=C(*)C=C1,1.7311857076340005,msa,train
FC(F)(F)C1=CC(=CC=C1OC1=CC=C(C=C1)C1(N(C(=O)C2=C1C=CC=C2)C1=CC=CC=C1)C1=CC=C(OC2=C(C=C(C=C2)C2=CC=C(C=C2)N2C(=O)C3=CC=C(OC4=CC=C5C(=O)N(*)C(=O)C5=C4)C=C3C2=O)C(F)(F)F)C=C1)C1=CC=C(*)C=C1,1.1640552918934517,msa,train
FC(F)(F)C1=CC(=CC=C1OC1=CC=C(C=C1)N1C(=O)C2=C(C=C(C=C2)C(C2=CC=C3C(=O)N(*)C(=O)C3=C2)(C(F)(F)F)C(F)(F)F)C1=O)C1=CC=C(C=C1)C1=CC(=C(OC2=CC=C(*)C=C2)C=C1)C(F)(F)F,1.5200903281128426,msa,train
FC(F)(F)C1=CC(=CC=C1OC1=CC=C(C=C1)N1C(=O)C2=C(C=C(C=C2)C(C2=CC=C3C(=O)N(*)C(=O)C3=C2)(C(F)(F)F)C(F)(F)F)C1=O)C1=CC=C(C=C1)C1=CC=C(C=C1)C1=CC(=C(OC2=CC=C(*)C=C2)C=C1)C(F)(F)F,1.563599728881531,msa,train
FC(F)(F)C1=CC(=CC=C1OC1=CC=C(C=C1)N1C(=O)C2=C(C=C(C=C2)C(C2=CC=C3C(=O)N(*)C(=O)C3=C2)(C(F)(F)F)C(F)(F)F)C1=O)C1=CC=C(S1)C1=CC(=C(OC2=CC=C(*)C=C2)C=C1)C(F)(F)F,1.6561940621791855,msa,train
FC(F)(F)C1=CC(=CC=C1OC1=CC=C(C=C1)N1C(=O)C2=C(C=C(C=C2)C(C2=CC=C3C(=O)N(*)C(=O)C3=C2)(C(F)(F)F)C(F)(F)F)C1=O)C1=CC=CC(=N1)C1=CC(=C(OC2=CC=C(*)C=C2)C=C1)C(F)(F)F,1.715334683792313,msa,test
FC(F)(F)C1CC(CCC1OC1=CC=C(C=C1)C1(C2=CC=CC=C2C2=C1C=CC=C2)C1=CC=C(*)C=C1)C1=CC(=CN=C1)C1=CC(=C(O*)C=C1)C(F)(F)F,1.4116197059632305,msa,train
FC(F)(F)C1CC(CCC1OC1=CC=C(C=C1)C1(C2=CC=CC=C2C2=C1C=CC=C2)C1=CC=C(*)C=C1)C1=CC=C(S1)C1=CC(=C(O*)C=C1)C(F)(F)F,1.5526682161121932,msa,train
FC(F)(F)COP(*)(OC1=CC=CC=C1)=NP(OC1=CC=CC=C1)(OC1=CC=CC=C1)=NP(OC1=CC=CC=C1)(OC1=CC=CC=C1)=NP(OC1=CC=CC=C1)(OC1=CC=CC=C1)=NP(OC1=CC=CC=C1)(OC1=CC=CC=C1)=N*,1.8609366207000937,msa,train
FC(F)(F)COP(*)(OCC(F)(F)F)=N*,2.6055205234374688,msa,test
FC1=C(F)C(COC(C2CCCC(C2)C(OCC2=C(F)C(F)=C(OC3=CC=C(C=C3)C(C3=CC=C(O*)C=C3)(C(F)(F)F)C(F)(F)F)C(F)=C2F)(C(F)(F)F)C(F)(F)F)(C(F)(F)F)C(F)(F)F)=C(F)C(F)=C1*,1.0791812460476249,msa,train
FC1=C(F)C(COC(C2CCCC(C2)C(OCC2=C(F)C(F)=C(OC3=CC=C(C=C3)C3=CC=C(O*)C=C3)C(F)=C2F)(C(F)(F)F)C(F)(F)F)(C(F)(F)F)C(F)(F)F)=C(F)C(F)=C1*,0.9138138523837168,msa,test
FC1=C(F)C(COC(C2CCCC(C2)C(OCC2=C(F)C(F)=C(OC3=CC=C(C=C3)N3C(=O)CCC33CCC(=O)N3C3=CC=C(O*)C=C3)C(F)=C2F)(C(F)(F)F)C(F)(F)F)(C(F)(F)F)C(F)(F)F)=C(F)C(F)=C1*,0.8512583487190752,msa,train
FC1=C(F)C(COC(C2CCCC(C2)C(OCC2=C(F)C(F)=C(OC3=CC=C(CC4=CC=C(O*)C=C4)C=C3)C(F)=C2F)(C(F)(F)F)C(F)(F)F)(C(F)(F)F)C(F)(F)F)=C(F)C(F)=C1*,0.8808135922807914,msa,train
FC1=C(F)C(OC2=CC=C(NC(=O)CN3C(=O)C4=CC=C(C=C4C3=O)C(*)=O)C=C2)=C(F)C(F)=C1OC1=CC=C(N*)C=C1,0.1048284036536553,msa,train
FC1=CC(*)=CC=C1CC1=C(F)C=C(C=C1)N1C(=O)C2=CC=C(C=C2C1=O)C1=CC2=C(C=C1)C(=O)N(*)C2=O,-0.266000713461613,msa,train
FC1=CC=C(C=C1)C(*)C*,1.235528446907549,msa,train
FCC1CC2CC1C(*)C2*,2.3010299956639813,msa,test
NC1=C(*)C=CC(=C1)C1=CC(N)=C(C=C1)N1C(=O)C2=CC=C(C=C2C1=O)C(C1=CC=C2C(=O)N(*)C(=O)C2=C1)(C(F)(F)F)C(F)(F)F,2.1398790864012365,msa,train
NC1=CC(=CC=C1)N1C(=O)C2=CC=C(*C3=CC=C(C(*)=O)C(=C3)C(*)=O)C=C2C1=O,-0.6925039620867871,msa,train
NC1=CC(OC2=CC(NC(=O)C3=CC(=CC=C3C(O)=O)C(C3=CC=C(C(=O)N*)C(=C3)C(O)=O)(C(F)(F)F)C(F)(F)F)=C(N)C=C2)=CC=C1*,0.5670263661590603,msa,train
O=C1C2C(CC(C=*)C2C(=O)N1C12CC3CC(CC(C3)C1)C2)C=*,0.9237619608287004,msa,train
O=C1C2C(CC(C=*)C2C(=O)N1C1=CC=CC=C1)C=*,1.0584260244570054,msa,train
O=C1C2C(CC(C=*)C2C(=O)N1C1CCCC1)C=*,0.9444826721501688,msa,train
O=C1C2C(CC(C=*)C2C(=O)N1C1CCCCC1)C=*,1.135291704475752,msa,train
OC(*)C*,-5.920818753952375,msa,test
OC(=O)C1=C(C=CC=C1)C(C1=CC=C(O*)C=C1)C1=CC=C(OC2=CC=C(C=C2)S(=O)(=O)C2=CC=C(*)C=C2)C=C1,0.3521825181113625,msa,train
OC(=O)C1C=CC=CC1C(C1=CC=C(O*)C=C1)C1=CC=C(OC2=CC=C(C=C2)C(=O)C2=CC=C(*)C=C2)C=C1,0.2576785748691845,msa,train
OC(C*)C*,-0.3979400086720376,msa,train
OC(C*)CO*,-1.9208187539523751,msa,train
OC1=CC(=CC=C1*)C1=CC(O)=C(C=C1)N1C(=O)C2=CC=C(C=C2C1=O)C1=CC2=C(C=C1)C(=O)N(*)C2=O,-1.5044556624535514,msa,train
OC1=CC(CC2=CC(O)=C(C=C2)N2C(=O)C3=CC=C(C=C3C2=O)C(C2=CC3=C(C=C2)C(=O)N(*)C3=O)(C(F)(F)F)C(F)(F)F)=CC=C1*,0.6857417386022636,msa,train
OC1=CC=C(C=C1)N1C(*)=NN=C1C1=CC=C(C=C1)C(C1=CC=C(*)C=C1)(C(F)(F)F)C(F)(F)F,2.428134794028789,msa,train
OC1=CC=C(C=C1)N1C(*)=NN=C1C1=CC=CC(=C1)C(C1=CC(*)=CC=C1)(C(F)(F)F)C(F)(F)F,1.8215135284047732,msa,train
OC1=CC=C(C=C1*)C(C1=CC(N2C(=O)C3=C(C=C(C=C3)C(C3=CC4=C(C=C3)C(=O)N(*)C4=O)(C(F)(F)F)C(F)(F)F)C2=O)=C(O)C=C1)(C(F)(F)F)C(F)(F)F,0.99563519459755,msa,train
OC1=CC=C(C=C1N1C(=O)C2=CC=C(C=C2C1=O)C(C1=CC=C2C3=NC4=C(C=CC(=C4)C4=CC5=C(C=C4)N=C4N5C(=O)C5=C4C=C(*)C=C5)N3C(=O)C2=C1)(C(F)(F)F)C(F)(F)F)C(C1=CC(N2C(=O)C3=CC=C(C=C3C2=O)C(*)(C(F)(F)F)C(F)(F)F)=C(O)C=C1)(C(F)(F)F)C(F)(F)F,1.1760912590556811,msa,train
OC1=CC=C2C=C(C=CC2=C1C1=C(O)C=CC2=CC(*)=CC=C12)N1C(=O)C2=C(C=C(C=C2)C(=O)C2=CC3=C(C=C2)C(=O)N(*)C3=O)C1=O,0.5065050324048721,msa,train
OC1=CC=C2C=C(C=CC2=C1C1=C(O)C=CC2=CC(*)=CC=C12)N1C(=O)C2=C(C=C(C=C2)C(C2=CC3=C(C=C2)C(=O)N(*)C3=O)(C(F)(F)F)C(F)(F)F)C1=O,0.6354837468149122,msa,test
OC1=CC=C2C=C(C=CC2=C1C1=C(O)C=CC2=CC(*)=CC=C12)N1C(=O)C2=C(C=C(OC3=CC4=C(C=C3)C(=O)N(*)C4=O)C=C2)C1=O,0.2718416065364989,msa,train
OS(=O)(=O)C1=CC=C(C=C1)C(*)=C(*)C1=CC=C(C=C1)S(O)(=O)=O,1.3222192947339193,msa,train
[H]C(*)=C(*)C(C)(C)C,2.7481880270062,msa,train
[H]C([H])(C1=CC=C(*)C=C1)C1=CC=C(OC2=CC=C(C=C2)S(=O)(=O)C2=CC=C(O*)C=C2)C=C1,0.6532125137753437,msa,train
[H]C([H])(C1=CC=C(O*)C=C1)C1=CC=C(OC2=CC=C(C=C2)S(=O)(=O)C2=CC=C(*)C=C2)C=C1,0.6532125137753437,msa,train
[H]C1=C([H])C2([H])C3C(C(=O)N(*)C3=O)C1([H])C1C2C(=O)N(C1=O)C1=CC2=C(C=C1O)C1(CC(C)(C)C3=C1C=C(O)C(*)=C3)CC2(C)C,2.113943352306837,msa,test
[H]C1=CC(=CC(=C1)C(=O)OC1=C(Br)C=C(C=C1Br)C(C1=CC(Br)=C(O*)C(Br)=C1)(C(F)(F)F)C(F)(F)F)C(*)=O,1.5514499979728753,msa,test
[H]C1=CC(=CC(=C1)C(=O)OC1=C(Br)C=C(C=C1Br)C1(C2C=CC=CC2C2C=CC=CC12)C1=CC(Br)=C(O*)C(Br)=C1)C(*)=O,1.3096301674258988,msa,test
[H]C1=CC(=CC(=C1)C(=O)OC1=C(Br)C=C(C=C1Br)C1(OC(=O)C2C=CC=CC12)C1=CC(Br)=C(O*)C(Br)=C1)C(*)=O,0.9211660506377388,msa,train
[H]C1=CC(=CC(=C1)C(=O)OC1=C(C)C=C(C=C1Br)C(C)(C)C1=CC(Br)=C(O*)C(C)=C1)C(*)=O,0.7363965022766424,msa,train
[H]C1=CC(=CC(=C1)C(=O)OC1=C(C)C=C(C=C1C)C(C)(C)C1=CC(C)=C(O*)C(C)=C1)C(*)=O,1.0791812460476249,msa,train
[H]C1=CC(=CC(=C1)C(=O)OC1=C(C)C=C(C=C1[H])C(C)(C)C1=CC([H])=C(O*)C(C)=C1)C(*)=O,0.093421685162235,msa,train
[H]C1=CC(=CC(=C1)C(=O)OC1=C(C=C(C=C1[H])C(C)(C)C1=CC([H])=C(O*)C(=C1)C(C)C)C(C)C)C(*)=O,0.7126497016272114,msa,test
[H]C1=CC(=CC(=C1)C(=O)OC1=C([H])C=C(C=C1[H])C(C1=CC([H])=C(O*)C([H])=C1)(C(F)(F)F)C(F)(F)F)C(*)=O,1.1986570869544226,msa,test
[H]C1=CC(=CC(=C1)C(=O)OC1=C([H])C=C(C=C1[H])C1(C2C=CC=CC2C2C=CC=CC12)C1=CC([H])=C(O*)C([H])=C1)C(*)=O,1.0934216851622351,msa,train
[H]C1=CC(=CC(=C1)C(=O)OC1=C([H])C=C(C=C1[H])C1(OC(=O)C2=C1C=CC=C2)C1=CC([H])=C(O*)C([H])=C1)C(*)=O,0.8286598965353198,msa,test
[H]C1=CC(=CC(=C1)C(=O)OC1=C([H])C=C(C=C1[H])C1(OC(=O)C2C=CC=CC12)C1=CC([H])=C(O*)C([H])=C1)C(*)=O,0.8286598965353198,msa,train
[H]C1=CC(=CC(C(C)C)=C1OC(=O)C1=CC(=CC(=C1)C(*)=O)C(C)(C)C)C(C)(C)C1=CC([H])=C(O*)C(=C1)C(C)C,1.2068258760318498,msa,test
[H]C1=CC(=CC(C)=C1O*)C(C)(C)C1=CC(C)=C(OC(=O)C2=CC(=CC=C2)C(=O)O*)C([H])=C1,0.3979400086720376,msa,train
[H]C1=CC(=CC(C)=C1O*)C(C)(C)C1=CC(C)=C(OC(=O)C2=CC=C(C=C2)C(=O)O*)C([H])=C1,0.7634279935629373,msa,train
[H]C1=CC(=CC(C)=C1OC(=O)C1=CC(=CC(=C1)C(*)=O)C(C)(C)C)C(C)(C)C1=CC([H])=C(O*)C(C)=C1,0.9030899869919436,msa,train
[H]C1=CC(=CC([H])=C1O*)C(C)(C)C1=CC([H])=C(OC(=O)C2=CC(=CC(=C2)C(*)=O)C(C)(C)C)C([H])=C1,1.383815365980431,msa,train
[H]C1=CC(=CC([H])=C1O*)C(C1=CC([H])=C(OC(=O)C2=CC(=CC(=C2)C(*)=O)C(C)(C)C)C([H])=C1)(C(F)(F)F)C(F)(F)F,1.7551122663950711,msa,train
[H]C1=CC(=CC([H])=C1O*)C(C1=CC([H])=C(OC(=O)C2=CC=CC(=C2)C(*)=O)C([H])=C1)(C(F)(F)F)C(F)(F)F,1.2810333672477277,msa,train
[H]C1=CC(=CC([H])=C1O*)C1(C2C=CC=CC2C2C=CC=CC12)C1=CC([H])=C(OC(=O)C2=CC(=CC(=C2)C(*)=O)C(C)(C)C)C([H])=C1,1.5658478186735176,msa,train
[H]C1=CC(=CC([H])=C1O*)C1(C2C=CC=CC2C2C=CC=CC12)C1=CC([H])=C(OC(=O)C2=CC=CC(=C2)C(*)=O)C([H])=C1,1.0128372247051722,msa,train
[H]C1=CC(=CC([H])=C1O*)C1(OC(=O)C2=C1C=CC=C2)C1=CC([H])=C(OC(=O)C2=CC(=CC(=C2)C(*)=O)C(C)(C)C)C([H])=C1,1.376576957056512,msa,train
[H]C1=CC(=CC([H])=C1O*)C1(OC(=O)C2C=CC=CC12)C1=CC([H])=C(OC(=O)C2=CC(=CC(=C2)C(*)=O)C(C)(C)C)C([H])=C1,1.376576957056512,msa,train
[H]C1=CC(=CC=C1OC(=O)C1=CC=C(C=C1)C(=O)O*)C1(OC(=O)C2=C1C=CC=C2)C1=CC([H])=C(O*)C=C1,1.0681858617461617,msa,train
[H]C1=CC(OC2=CC=C(C=C2)C2(OC(=O)C3=CC=CC=C23)C2=CC=C(OC3=CC=C(C([H])=C3)N3C(=O)C4=C(C=C(C=C4)C(C4=CC5=C(C=C4)C(=O)N(*)C5=O)(C(F)(F)F)C(F)(F)F)C3=O)C=C2)=CC=C1*,1.2174839442139065,msa,train
[H]C1=CC2=C(C=C1)C1=CC=C(C=C1C2(C)C)C(*)=C(*)C1=CC(F)=C(F)C=C1,4.414973347970818,msa,train
[H]C1=CC2=C(C=C1)C1=CC=C(C=C1C2(C)C)C(*)=C(*)C1=CC(F)=CC(F)=C1,3.963787827345555,msa,train
[H]C1=CC2=C(C=C1)C1=CC=C(C=C1C2(C)C)C(*)=C(*)C1=CC(F)=CC=C1,4.2552725051033065,msa,train
[H]C1=CC2=C(C=C1)C1=CC=C(C=C1C2(C)C)C(*)=C(*)C1=CC=C(Br)C=C1,4.230448921378274,msa,train
[H]C1=CC2=C(C=C1)C1=CC=C(C=C1C2(C)C)C(*)=C(*)C1=CC=C(C=C1)C(C)(C)C,4.041392685158225,msa,train
[H]C1=CC2=C(C=C1)C1=CC=C(C=C1C2(C)C)C(*)=C(*)C1=CC=C(C=C1)[Si](C)(C)C,3.278753600952829,msa,test
[H]C1=CC2=C(C=C1)C1=CC=C(C=C1C2(C)C)C(*)=C(*)C1=CC=C(F)C=C1,4.3222192947339195,msa,train
[H]C1=CC2=C(C=C1)C1=CC=C(C=C1C2(C)C)C(*)=C(*)C1=CC=CC=C1,4.230448921378274,msa,train
[H]C1=CC2=C(C=C1C(C)(C)C)C1(C3=C2C=C(O*)C(O*)=C3)C2=C(C=C3OC4=C(OC3=C2)C(C#N)=C(*)C(*)=C4C#N)C2=C1C=C(C([H])=C2)C(C)(C)C,4.12057393120585,msa,train
[H]C1=CC2=C(C=C1C)C1(C3=C(C=C([H])C(C)=C3)C3=C1C=C1OC4=C(OC1=C3)C(C#N)=C(*)C(*)=C4C#N)C1=C2C=C(O*)C(O*)=C1,3.929674317948588,msa,test
[H]C1=CC2=C(C=C1[H])C1(C3=C(C=C(C)C(C)=C3)C3=C1C=C(O*)C(O*)=C3)C1=C2C=C2OC3=C(OC2=C1)C(C#N)=C(*)C(*)=C3C#N,3.8962505624616384,msa,train
[H]C1=CC2=C(C=C1[H])C1(C3=C(C=C([H])C([H])=C3)C3=C1C=C1OC4=C(OC1=C3)C(C#N)=C(*)C(*)=C4C#N)C1=C2C=C(O*)C(O*)=C1,3.7505083948513462,msa,train
[H]C1=CC=C(C=C1)C(*)=C(*)C1=CC=C(C=C1)[Si](C)(C)CCCCCCCC,2.230448921378274,msa,train
[H]C1=CC=C(C=C1)C1=C(C2=CC=C([H])C=C2)C(C2=CC=C3OC4=C(OC3=C2)C(C#N)=C(*)C(*)=C4C#N)=C(C2=CC=C([H])C=C2)C(C2=CC=C([H])C=C2)=C1C1=CC=C(O*)C(O*)=C1,3.3783979009481375,msa,test
[H]C1=CC=C(C=C1)N(C1=CC=C(*)C=C1)C1=CC=C(C=C1)N1C(=O)C2=C(C=C(C=C2)C(C2=CC=C3C(=O)N(*)C(=O)C3=C2)(C(F)(F)F)C(F)(F)F)C1=O,0.6748611407378116,msa,test
[H]C1CC(*)CC1\C=C\*,1.187520720836463,msa,test
[H]N(*)C(=O)C1=CC=C(C=C1)C(C1=CC=C(C=C1)C(=O)N([H])C1=C(C)C2=C(C=C1C)C1C3=C(C=CC=C3)C2C2=C1C=C(C)C(*)=C2C)(C(F)(F)F)C(F)(F)F,2.0827853703164503,msa,train
[H]N1C2C=CC(*)=CC2C2=C1C=CC(=C2)N1C(=O)C2=CC=C(C=C2C1=O)C(C1=CC2=C(C=C1)C(=O)N(*)C2=O)(C(F)(F)F)C(F)(F)F,1.2329961103921538,msa,train
[O-]S(=O)(=O)C1=CC=C(C=C1)C(*)C*,0.6180480967120927,msa,train
