SMILES,H2_msa_log10,source,split
*=CC1CCC(C1)C=*,1.3222192947339193,msa,test
*C(=C(*)C1=CC2=C(C=C1)C1=C(C2)C=CC=C1)C1=CC=CC=C1,3.562292864456474,msa,train
*C(=C(*)C1=CC2=C(C=C1)C1=C(C=CC=C1)C=C2)C1=CC=CC=C1,3.3979400086720375,msa,test
*C(=C(*)C1=CC=C(C=C1)C1=CC=CC=C1)C1=CC=CC=C1,2.643452676486187,msa,train
*C(=C(*)C1=CC=C(C=C1)[Si](C1=CC=CC=C1)(C1=CC=CC=C1)C1=CC=CC=C1)C1=CC=CC=C1,1.7134905430939424,msa,train
*C(=C(*)C1=CC=C2C3=C(C=CC=C3)C3(CC3)C2=C1)C1=CC=CC=C1,3.146128035678238,msa,train
*C(=C(*)C1=CC=C2CCCC2=C1)C1=CC=CC=C1,2.5563025007672873,msa,train
*C(=O)C1=CC=C(C=C1)C1(OC(=O)C2=C1C=CC=C2)C1=CC=C(C=C1)C(=O)C1=CC=C(OC2=CC=C(C=C2)C(=O)C2=CC=C(C=C2)C(=O)C2=CC=C(OC3=CC=C(*)C=C3)C=C2)C=C1,0.8750612633917001,msa,train
*C(=O)C1=CC=C(C=C1)C1(OC(=O)C2=C1C=CC=C2)C1=CC=C(C=C1)C(=O)C1=CC=C(OC2=CC=C(C=C2)C(=O)C2=CC=C(OC3=CC=C(*)C=C3)C=C2)C=C1,0.9637878273455552,msa,train
*C(=O)C1=CC=C(C=C1)C1(OC(=O)C2=C1C=CC=C2)C1=CC=C(C=C1)C(=O)C1=CC=C(OC2=CC=C(C=C2)C(=O)C2=CC=CC(=C2)C(=O)C2=CC=C(OC3=CC=C(*)C=C3)C=C2)C=C1,0.724275869600789,msa,test
*C1=CC(C(=O)C2=CC=CC=C2)=C(*)C=C1,1.4372747974101237,msa,train
*C1=CC2=C(C=C1)C1=NC3=C(C=C(OC4=CC5=C(C=C4)N4C(=O)C6=C(C=C(*)C=C6)C4=N5)C=C3)N1C2=O,0.8169038393756602,msa,test
*C1=CC2C(C=C1)C(=O)N(C2=O)C1=CC=C(OC2=CC=C(C=C2)N2C(=O)C3=CC=C(*)C=C3C2=O)C=C1,1.155336037465062,msa,train
*C1=CC=C(C=C1)C1(OC(=O)C2=CC=CC=C12)C1=CC=C(*)C=C1,1.869231719730976,msa,train
*C1=CC=C(OC2=CC=C(C=C2)S(=O)(=O)C2=CC=C(OC3=CC=C(C=C3)S(*)(=O)=O)C=C2)C=C1,0.9216864754836022,msa,train
*C1=CC=C2C(=O)N(C(=O)C2=C1)C1=CC=C(OC2=CC=C(C=C2)N2C(=O)C3=C(C=C(C=C3)C3=NC4=C(C=C(CC5=CC=C6N=C(*)OC(=O)C6=C5)C=C4)C(=O)O3)C2=O)C=C1,0.4082399653118496,msa,train
*C1=NC2=C(N1)C=CC(=C2)C1=CC2=C(NC(=N2)C2=CC=C(*)C=C2)C=C1,-0.7958800173440752,msa,train
*C1=NC2=C(N1)C=CC(=C2)C1=CC2=C(NC(=N2)C2=CC=CC(*)=C2)C=C1,-0.2111248842245832,msa,train
*C1=NC2=C(N1)C=CC(=C2)C1=CC2=C(NC(=N2)C2=CC=CC(*)=N2)C=C1,0.1398790864012364,msa,test
*C1C(*)C2=NC3=C(C=CC(OC4=CC5=C(C=C4)N=C4N5C(=O)C5=C4C=CC(*)=C5)=C3)N2C1=O,0.7041505168397991,msa,train
*CC(*)C1=CC=CC=C1,1.417471693203293,msa,train
*CC(*)C1=CC=NC=C1,1.1017470739463662,msa,train
*CC1=CC=C(C*)C(=C1)C#N,0.250420002308894,msa,test
*CC1=CC=C(C*)C=C1,0.505149978319906,msa,train
*CC1CC(*)OCO1,-0.0315170514460648,msa,train
*CCCC=C*,2.618048096712093,msa,train
*CCCCO*,1.5563025007672873,msa,train
*CCO*,0.8388490907372553,msa,train
*CCSS*,0.1958996524092337,msa,train
*CN1CN(*)CC2=CC3=C(C=C12)C1C2=CC=CC=C2C3C2=C1C=C(*)C(*)=C2,3.805466874474991,msa,train
*CN1CN(*)CC2=CC3=CC4C5CC(C4C=C3C=C12)C1=CC2=C(C=C51)C=C1N(C*)CN(*)CC1=C2,3.2911467617318855,msa,test
*C\C=C/C*,1.6222140229662954,msa,train
*N1C(=O)C2=C(C=C(C=C2)C(=O)C2=CC=C3C(=O)N(C(=O)C3=C2)C2=CC3=C(C=C2)C2C=CC(*)=CC2C3=O)C1=O,0.2430380486862944,msa,train
*N1C(=O)C2=C(C=C(C=C2)C(=O)C2=CC=C3C(=O)N(C(=O)C3=C2)C2=CC=C(CC3=CC=C(*)C=C3)C=C2)C1=O,0.6053050461411095,msa,test
*N1C(=O)C2=C(C=C(C=C2)C(=O)C2=CC=C3C(=O)N(C(=O)C3=C2)C2=CC=C(OC3=CC=C(*)C=C3)C=C2)C1=O,0.5550944485783191,msa,train
*N1C(=O)C2=C(C=C(C=C2)C2=CC=C3C(=O)N(C(=O)C3=C2)C2=CC=C(CC3=CC=C(*)C=C3)C=C2)C1=O,0.5563025007672873,msa,train
*N1C(=O)C2=C(C=C(C=C2)C2=CC=C3C(=O)N(C(=O)C3=C2)C2=CC=C(OC3=CC=C(*)C=C3)C=C2)C1=O,0.520483532740792,msa,train
*N1C(=O)C2=C(C=C(C=C2)S(=O)(=O)C2=CC=C3C(=O)N(C(=O)C3=C2)C2=CC=C(CC3=CC=C(*)C=C3)C=C2)C1=O,0.800717078282385,msa,train
*N1C(=O)C2=C(C=C(C=C2)S(=O)(=O)C2=CC=C3C(=O)N(C(=O)C3=C2)C2=CC=C(OC3=CC=C(*)C=C3)C=C2)C1=O,0.7489628612561614,msa,train
*N1C(=O)C2=C(C=C(OC3=CC=C(OC4=CC=C5C(=O)N(C(=O)C5=C4)C4=CC=C(CC5=CC=C(*)C=C5)C=C4)C=C3)C=C2)C1=O,0.7058637122839193,msa,test
*N1C(=O)C2=C(C=C(OC3=CC=C(OC4=CC=C5C(=O)N(C(=O)C5=C4)C4=CC=C(OC5=CC=C(*)C=C5)C=C4)C=C3)C=C2)C1=O,0.6020599913279624,msa,train
*N1C(=O)C2=C(C=C(OC3=CC=C4C(=O)N(C(=O)C4=C3)C3=CC=C(CC4=CC=C(*)C=C4)C=C3)C=C2)C1=O,0.7497363155690611,msa,train
*N1C(=O)C2=C(C=C(OC3=CC=C4C(=O)N(C(=O)C4=C3)C3=CC=C(OC4=CC=C(*)C=C4)C=C3)C=C2)C1=O,0.6785183790401139,msa,train
*N1C(=O)C2=C(C=C(SC3=CC=C4C(=O)N(C(=O)C4=C3)C3=CC=C(CC4=CC=C(*)C=C4)C=C3)C=C2)C1=O,0.7347998295888469,msa,train
*N1C(=O)C2=C(C=C(SC3=CC=C4C(=O)N(C(=O)C4=C3)C3=CC=C(OC4=CC=C(*)C=C4)C=C3)C=C2)C1=O,0.670245853074124,msa,train
*N1C(=O)C2=C(C=C3C(=C2)S(=O)(=O)C2=C(C=C4C(=O)N(C(=O)C4=C2)C2=CC=C(OC4=CC=C(*)C=C4)C=C2)S3(=O)=O)C1=O,1.2787536009528289,msa,train
*N1C(=O)C2=C(C=C3C(=O)N(C(=O)C3=C2)C2=CC=C(CC3=CC=C(*)C=C3)C=C2)C1=O,0.8202014594856403,msa,test
*N1C(=O)C2=C(C=C3C(=O)N(C(=O)C3=C2)C2=CC=C(OC3=CC=C(*)C=C3)C=C2)C1=O,0.6478717653062326,msa,train
*N1C(=O)C2=C(C=C3C(=O)N(C(=O)C3=C2)C2=CC=CC(OC3=CC(*)=CC=C3)=C2)C1=O,0.5563025007672873,msa,train
*N1C(=O)C2=C(C=C3SC4=C(SC3=C2)C=C2C(=O)N(C(=O)C2=C4)C2=CC=C(OC3=CC=C(*)C=C3)C=C2)C1=O,1.0413926851582251,msa,train
*N1C(=O)C2=CC3=C(C=C2C1=O)C(=O)N(C3=O)C1=CC=C(OC2=CC=C(*)C=C2)C=C1,1.0253058652647702,msa,train
*N1C(=O)C2=CC3=C(C=C2C1=O)C(=O)N(C3=O)C1=CC=CC(OC2=CC=C(*)C=C2)=C1,0.7723217067229198,msa,train
*N1C(=O)C2=CC=C(C=C2C1=O)C(=O)C1=CC=C2C(=O)N(C(=O)C2=C1)C1=CC=C(OC2=CC=C(*)C=C2)C=C1,0.6803355134145632,msa,train
*N1C(=O)C2=CC=C(C=C2C1=O)C1=CC=C2C(=O)N(C(=O)C2=C1)C1=CC=C(C=C1)S(=O)(=O)C1=CC=C(*)C=C1,1.0530784434834195,msa,train
*N1C(=O)C2=CC=C(C=C2C1=O)C1=CC=C2C(=O)N(C(=O)C2=C1)C1=CC=C(CC2=CC=C(*)C=C2)C=C1,0.9590413923210936,msa,train
*N1C(=O)C2=CC=C(C=C2C1=O)C1=CC=C2C(=O)N(C(=O)C2=C1)C1=CC=C(OC2=CC=C(*)C=C2)C=C1,0.5658478186735176,msa,test
*N1C(=O)C2=CC=C(OC3=CC=C(OC4=CC5=C(C=C4)C(=O)N(C5=O)C4=CC=C(CC5=CC=C(*)C=C5)C=C4)C=C3)C=C2C1=O,0.7058637122839193,msa,train
*N1C(=O)C2=CC=C(OC3=CC=C(OC4=CC5=C(C=C4)C(=O)N(C5=O)C4=CC=CC(*)=C4)C=C3)C=C2C1=O,0.5740312677277188,msa,train
*N1C(=O)C2C=C3C(=O)N(C(=O)C3=CC2C1=O)C1=CC(OC2=CC(*)=CC=C2)=CC=C1,0.5563025007672873,msa,train
*N1C(=O)C2C=CC(=CC2C1=O)C(=O)C1=CC=C2C(=O)N(C(=O)C2=C1)C1=CC=C(C=C1)N(C1=CC=CC=C1)C1=CC=C(*)C=C1,1.1038037209559568,msa,train
*N1C(=O)C2C=CC(=CC2C1=O)C1=CC=C2C(=O)N(C(=O)C2=C1)C1=CC=C(C=C1)N(C1=CC=CC=C1)C1=CC=C(*)C=C1,1.167317334748176,msa,train
*N1C(=O)C2C=CC(=CC2C1=O)C1=CC=C2C(=O)N(C(=O)C2=C1)C1=CC=C(C=C1)S(=O)(=O)C1=CC=C(*)C=C1,0.9444826721501688,msa,train
*N1C(=O)C2C=CC(=CC2C1=O)C1=CC=C2C(=O)N(C(=O)C2=C1)C1=CC=C(CC2=CC=C(*)C=C2)C=C1,0.8129133566428556,msa,train
*N1C(=O)C2C=CC(OC3=CC=C4C(=O)N(C(=O)C4=C3)C3=CC=C(C=C3)N(C3=CC=CC=C3)C3=CC=C(*)C=C3)=CC2C1=O,1.0644579892269186,msa,test
*N=P(*)(OC1=CC=CC=C1)OC1=CC=CC=C1,0.8750612633917001,msa,train
*NC1=CC=C(*)C=C1,0.5634810853944107,msa,train
*NC1=CC=C(C=C1)S(=O)(=O)C1=CC=C(NC(=O)C2=CC(=CC(=C2)C2=CC=CC=C2)C(*)=O)C=C1,0.8808135922807914,msa,train
*NC1=CC=C(C=C1)S(=O)(=O)C1=CC=C(NC(=O)C2=CC(=CC=C2)C(*)=O)C=C1,0.6334684555795865,msa,train
*NCCCCCCCCCCC(*)=O,0.4199557484897578,msa,test
*OC(=O)OC1=CC=C(C=C1)C1(CC2CCC1C2)C1=CC=C(*)C=C1,1.3424226808222062,msa,test
*OC(=O)OC1=CC=C(C=C1)C1(CCCCC1)C1=CC=C(*)C=C1,0.9590413923210936,msa,test
*OC1=C(C=C(*)C=C1C1=CC=CC=C1)C1=CC=CC=C1,1.4471580313422192,msa,train
*OC1=CC2=C(C=C1)C(=O)N1C3=C(C=C(OC4=CC5=C(C=C4)N=C4N5C(=O)C5=C4C=CC(*)=C5)C=C3)N=C21,0.8375884382355113,msa,test
*OC1=CC2=C(C=C1)N=C(C1=CC=CC=C1)C(=N2)C1=CC=C(C=C1)C1=NC2=C(C=CC(*)=C2)N=C1C1=CC=CC=C1,1.235528446907549,msa,test
*OC1=CC2=C(C=C1O*)C1(C3=C2C=CC=C3)C2=C(C=CC=C2)C2=C1C=C1OC3=C(OC1=C2)C(C#N)=C(*)C(*)=C3C#N,3.761927838420529,msa,train
*OC1=CC=C(C=C1)C(=O)C1=CC=C(C=C1)C1=CC=C(C=C1)C(=O)C1=CC=C(OC2=CC=C(C=C2)S(=O)(=O)C2=CC=C(*)C=C2)C=C1,0.9232440186302766,msa,train
*OC1=CC=C(C=C1)C1(C2CC3CC(C2)CC1C3)C1=CC=C(OC2=CC=C(C=C2)S(=O)(=O)C2=CC=C(*)C=C2)C=C1,1.2380461031287957,msa,test
*OC1=CC=C(C=C1)C1(NC(=O)C2C=CC=CC12)C1=CC=C(OC2=CC=C(C=C2)C(=O)C2=CC=C(*)C=C2)C=C1,0.9960736544852752,msa,test
*OC1=CC=C(C=C1)C1(OC(=O)C2=C1C=CC=C2)C1=CC=C(OC(=O)C2=CC=CC(=C2)C(*)=O)C=C1,1.294466226161593,msa,test
*OC1=CC=C(C=C1)C1(OC(=O)C2=C1C=CC=C2)C1=CC=C(OC2=CC=C(C=C2)S(=O)(=O)C2=CC=C(*)C=C2)C=C1,1.0021660617565078,msa,test
*OC1=CC=C(C=C1)C1(OC(=O)C2=CC=CC=C12)C1=CC=C(OC(=C)C2=CC=C(C=C2)C2=CC=C(C=C2)C(*)=O)C=C1,1.0170333392987805,msa,train
*OC1=CC=C(C=C1)C1(OC(=O)C2C=CC=CC12)C1=CC=C(OC2=CC=C(C=C2)C(=O)C2=CC=C(*)C=C2)C=C1,1.0681858617461617,msa,train
*OC1=CC=C(C=C1)C1(OC(=O)C2C=CC=CC12)C1=CC=C(OC2=CC=C(C=C2)C(=O)C2=CC=C(C=C2)C(=O)C2=CC=C(*)C=C2)C=C1,0.8756399370041684,msa,test
*OC1=CC=C(C=C1)C12CC3CC(C1)CC(C3)(C2)C1=CC=C(OC2=CC=C(C=C2)S(=O)(=O)C2=CC=C(*)C=C2)C=C1,1.4440447959180762,msa,train
*OC1=CC=C(C=C1)C1=CC=C(OC2=CC=C(C=C2)S(=O)(=O)C2=CC=C(*)C=C2)C=C1,1.4471580313422192,msa,test
*OC1=CC=C(C=C1)C1=NN(C2=CC=C(C=C2)S(=O)(=O)C2=CC=C(*)C=C2)C(=O)C2=C1C=CC=C2,0.380211241711606,msa,train
*OC1=CC=C(C=C1)S(=O)(=O)C1=CC=C(OC2=CC3=CC(*)=CC=C3C=C2)C=C1,0.9111576087399766,msa,train
*OC1=CC=C(C=C1)S(=O)(=O)C1=CC=C(OC2=CC3=CC=C(*)C=C3C=C2)C=C1,0.8603380065709937,msa,train
*OC1=CC=C(C=C1)S(=O)(=O)C1=CC=C(OC2=CC=CC3=C(*)C=CC=C23)C=C1,0.9084850188786496,msa,train
*OC1=CC=C(C=C1O*)C1=C(C2=CC=C(C=C2)C#N)C(C2=CC=C(C=C2)C#N)=C(C2=CC=C3OC4=C(OC3=C2)C(C#N)=C(*)C(*)=C4C#N)C(C2=CC=C(C=C2)C#N)=C1C1=CC=C(C=C1)C#N,2.8656960599160706,msa,train
*OC1=CC=C(OC2=CC3=C(C=C2)C(=O)N2C4=C(C=C(OC5=CC6=C(C=C5)N=C5N6C(=O)C6=C5C=CC(*)=C6)C=C4)N=C32)C=C1,0.7275412570285564,msa,test
*OC1=CC=C(OC2=CC=C(OC3=CC=C(C=C3)S(=O)(=O)C3=CC=C(*)C=C3)C=C2)C=C1,1.1760912590556811,msa,train
*OCCCCCC(*)=O,0.7041505168397991,msa,train
BrC1=C(C=CC(*)=C1)C1=NC2=C(N1)C=CC(=C2)C1=CC2=C(NC(*)=N2)C=C1,-0.4202164033831898,msa,test
BrC1=CC(=CC(Br)=C1O*)C1(C2C=CC=CC2C2C=CC=CC12)C1=CC(Br)=C(OC(=O)C2=CC=CC(=C2)C(*)=O)C(Br)=C1,1.7937903846908188,msa,train
BrC1=CC(=CC(Br)=C1O*)C1(OC(=O)C2=C1C=CC=C2)C1=CC(Br)=C(OC(=O)C2=CC=CC(=C2)C(*)=O)C(Br)=C1,1.4329692908744058,msa,train
BrC1=CC(C*)=CC=C1C*,-0.3448615651886179,msa,train
BrC1=CC(C2=NC3=C(N2)C=CC(=C3)C2=CC3=C(NC(*)=N3)C=C2)=C(Br)C=C1*,0.2764618041732441,msa,train
BrC1=CC=C(C=C1)C1=C(C2=CC=C(Br)C=C2)C(C2=CC=C3OC4=C(OC3=C2)C(C#N)=C(*)C(*)=C4C#N)=C(C2=CC=C(Br)C=C2)C(C2=CC=C(Br)C=C2)=C1C1=CC=C(O*)C(O*)=C1,2.841359470454855,msa,train
CC(*)(C*)C(=O)OCC(F)(F)C(F)(F)C(F)(F)C(F)(F)C(F)(F)C(F)(F)C(F)(F)F,1.9138138523837167,msa,train
CC(*)=C(*)C1=CC=CC=C1,2.298853076409707,msa,train
CC(*)=C(*)[Si](C)(C)C,4.190331698170292,msa,test
CC(=O)OC(*)C*,0.9633155113861112,msa,train
CC(=O)OC1=CC=C2C=C(C=CC2=C1C1=C(OC(C)=O)C=CC2=CC(*)=CC=C12)N1C(=O)C2=C(C=C(C=C2)C(=O)C2=CC3=C(C=C2)C(=O)N(*)C3=O)C1=O,0.6693168805661122,msa,train
CC(=O)OC1=CC=C2C=C(C=CC2=C1C1=C(OC(C)=O)C=CC2=CC(*)=CC=C12)N1C(=O)C2=C(C=C(C=C2)C(C2=CC3=C(C=C2)C(=O)N(*)C3=O)(C(F)(F)F)C(F)(F)F)C1=O,0.8169038393756602,msa,test
CC(=O)OC1=CC=C2C=C(C=CC2=C1C1=C(OC(C)=O)C=CC2=CC(*)=CC=C12)N1C(=O)C2=C(C=C(OC3=CC4=C(C=C3)C(=O)N(*)C4=O)C=C2)C1=O,0.5024271199844327,msa,train
CC(=O)OC1C(*)C(COC(=O)NC(C)(C)C)OC(O*)C1OC(C)=O,1.4913616938342726,msa,train
CC(=O)OC1OC(O*)C(OC(C)=O)C(O)C1*,1.0791812460476249,msa,train
CC(=O)OC1OC(O*)C(OC(C)=O)C(OC(C)=O)C1*,1.1903316981702914,msa,train
CC(C)(*)C*,1.1238516409670858,msa,train
CC(C)(C)C1=CC(*)=CC(=C1)C1=NC2=C(N1)C=CC(=C2)C1=CC2=C(NC(*)=N2)C=C1,1.0285712526925377,msa,train
CC(C)(C)C1=CC(=CC(=C1)C(=O)OC1=C(Br)C=C(C=C1Br)C(C)(C)C1=CC(Br)=C(O*)C(Br)=C1)C(*)=O,1.7319914490189294,msa,train
CC(C)(C)C1=CC(=CC(=C1)C(=O)OC1=C(Br)C=C(C=C1Br)C(C1=CC(Br)=C(O*)C(Br)=C1)(C(F)(F)F)C(F)(F)F)C(*)=O,2.173186268412274,msa,train
CC(C)(C)C1=CC(=CC(=C1)C(=O)OC1=C(Br)C=C(C=C1Br)C1(C2C=CC=CC2C2C=CC=CC12)C1=CC(Br)=C(O*)C(Br)=C1)C(*)=O,2.143014800254095,msa,train
CC(C)(C)C1=CC(=CC(=C1)C(=O)OC1=C(Br)C=C(C=C1Br)C1(OC(=O)C2=C1C=CC=C2)C1=CC(Br)=C(O*)C(Br)=C1)C(*)=O,1.82865989653532,msa,train
CC(C)(C)C1=CC(=CC(=C1)C(=O)OC1=C(Br)C=C(C=C1Br)C1(OC(=O)C2C=CC=CC12)C1=CC(Br)=C(O*)C(Br)=C1)C(*)=O,1.8293037728310249,msa,train
CC(C)(C)C1=CC(=CC(OP(Cl)(*)=NP(OC2=CC(=CC(=C2)C(C)(C)C)C(C)(C)C)(OC2=CC(=CC(=C2)C(C)(C)C)C(C)(C)C)=N*)=C1)C(C)(C)C,1.8750612633917,msa,train
CC(C)(C)C1=CC=C(C=C1)C(*)=C(*)C1=CC=C(O)C=C1,2.5314789170422554,msa,test
CC(C)(C)C1=CC=C(C=C1)C(*)=C(*)C1=CC=C(O[Si](C)(C)C(C)(C)C)C=C1,3.0,msa,train
CC(C)(C)C1=CC=C(C=C1)C(*)=C(*)C1=CC=CC(O)=C1,3.230448921378274,msa,train
CC(C)(C)C1=CC=C(C=C1)C(*)=C(*)C1=CC=CC(O[Si](C)(C)C(C)(C)C)=C1,3.591064607026499,msa,train
CC(C)(C)C1=CC=C(C=C1)C1=CC=C(C=C1)C(*)=C(*)C1=CC=C(C=C1)[Si](C)(C)C,3.0791812460476247,msa,train
CC(C)(C)C1=CC=C(C=C1)C1=CC=C(C=C1)C(*)=C(*)C1=CC=CC=C1,2.6580113966571126,msa,train
CC(C)(C)C1=CC=C(OP(*)(OC2=CC=C(C=C2)C(C)(C)C)=N*)C=C1,1.3617278360175928,msa,train
CC(C)(C)COP(*)(OCC(C)(C)C)=N*,1.8175653695597809,msa,test
CC(C)(C)OC(=O)C(*)C(*)C(=O)OC1CCCCC1,1.8573324964312683,msa,train
CC(C)(C)OC(=O)C(C)(*)C*,1.7937903846908188,msa,train
CC(C)(C)[Si](C)(C)OC1=CC(=CC=C1)C(*)=C(*)C1=CC=C(C=C1)[Si](C)(C)C,3.204119982655925,msa,train
CC(C)(C)[Si](C)(C)OC1=CC=C(C=C1)C(*)=C(*)C1=CC=C(C=C1)[Si](C)(C)C,3.1760912590556813,msa,train
CC(C)(C)[Si](C)(C)OC1=CC=C(C=C1)C(*)=C(*)C1=CC=C(F)C=C1,2.4983105537896004,msa,train
CC(C)(C)[Si](C)(C)OC1=CC=CC(=C1)C(*)=C*,1.806179973983887,msa,train
CC(C)(C1=CC(Br)=C(*)C(Br)=C1)C1=CC(Br)=C(OC(=O)O*)C(Br)=C1,1.6334684555795866,msa,test
CC(C)(C1=CC(Br)=C(O*)C(Br)=C1)C1=CC(Br)=C(OC(=O)C2=CC=CC(=C2)C(*)=O)C(Br)=C1,1.2564772062416767,msa,test
CC(C)(C1=CC2C(C=C1)C(=O)N(C2=O)C1=CC=C(O*)C=C1)C1=CC=C2C(=C)N(C(=C)C2=C1)C1=CC=C(OC2=CC=C(C=C2)C(=O)C2=CC=C3C(=C2)C(C)(C)CC3(C)C2=CC=C(C=C2)C(=O)C2=CC=C(*)C=C2)C=C1,1.2479732663618066,msa,train
CC(C)(C1=CC2N=C(*)OC2C=C1)C1=CC=C2OC(=NC2=C1)C1=CC=C(C=C1)C(=O)C1=CC=C(*)C=C1,1.0969100130080565,msa,train
CC(C)(C1=CC=C(*)C=C1)C1=CC(=CC=C1)N1C(=O)C2=CC=C(C=C2C1=O)C(C1=CC=C2C(=O)N(*)C(=O)C2=C1)(C(F)(F)F)C(F)(F)F,1.582063362911709,msa,train
CC(C)(C1=CC=C(*)C=C1)C1=CC=C(C=C1)C1=NC2=C(N1)C=CC(=C2)C1=CC2=C(NC(*)=N2)C=C1,1.0863598306747482,msa,train
CC(C)(C1=CC=C(*)C=C1)C1=CC=C(C=C1)N1C(=O)C2=C(C=C(OC3=CC=C(OC4=CC=C5C(=O)N(*)C(=O)C5=C4)C=C3)C=C2)C1=O,0.9698816437465,msa,train
CC(C)(C1=CC=C(*)C=C1)C1=CC=C(C=C1)N1C(=O)C2=CC3=C(C=C2C1=O)C(=O)N(*)C3=O,1.230448921378274,msa,train
CC(C)(C1=CC=C(*)C=C1)C1=CC=C(OC2=CC=C(C=C2)C(=O)C2=CC=C(C=C2)C2=CC=C(C=C2)C(=O)C2=CC=C(O*)C=C2)C=C1,0.9493900066449128,msa,train
CC(C)(C1=CC=C(*)C=C1)C1=CC=C(OC2=CC=C(C=C2)S(=O)(=O)C2=CC=C(C=C2)C2=CC=C(C=C2)S(=O)(=O)C2=CC=C(O*)C=C2)C=C1,1.3031960574204888,msa,test
CC(C)(C1=CC=C(*)C=C1)C1=CC=C(OC2=CC=C(C=C2)S(=O)(=O)C2=CC=C(O*)C=C2)C=C1,1.146128035678238,msa,train
CC(C)(C1=CC=C(C=C1)C(=O)C1=CC=C(*)C=C1)C1=CC=C(C=C1)C(=O)C1=CC=C(OC2=CC=C(C=C2)C(C2=CC=C(O*)C=C2)(C(F)(F)F)C(F)(F)F)C=C1,1.3579348470004535,msa,train
CC(C)(C1=CC=C(O*)C=C1)C1=CC(=CC=C1)C(C)(C)C1=CC=C(OC2=CC=C(C=C2)S(=O)(=O)C2=CC=C(*)C=C2)C=C1,1.0253058652647702,msa,train
CC(C)(C1=CC=C(O*)C=C1)C1=CC=C(C=C1)C(C)(C)C1=CC=C(OC2=CC=C(C=C2)S(=O)(=O)C2=CC=C(*)C=C2)C=C1,1.5563025007672873,msa,train
CC(C)(C1=CC=C(O*)C=C1)C1=CC=C(OC(*)=O)C=C1,1.1139433523068367,msa,train
CC(C)(C1=CC=C(O*)C=C1)C1=CC=C(OC2=C(F)C(F)=C(COC(C3CCCC(C3)C(OCC3=C(F)C(F)=C(*)C(F)=C3F)(C(F)(F)F)C(F)(F)F)(C(F)(F)F)C(F)(F)F)C(F)=C2F)C=C1,1.230448921378274,msa,train
CC(C)(C1=CC=C(O*)C=C1)C1=CC=C(OC2=CC=C(C=C2)C(=O)C2=CC=C(*)C=C2)C=C1,1.0413926851582251,msa,train
CC(C)(C1=CC=C(O*)C=C1)C1=CC=C(OC2=CC=C(C=C2)C(=O)C2=CC=C(C=C2)C(=O)C2=CC=C(*)C=C2)C=C1,0.9576072870600952,msa,train
CC(C)(C1=CC=C(O*)C=C1)C1=CC=C(OC2=CC=C(C=C2)C(=O)C2=CC=C(C=C2)C(C)(C)C2=CC=C(C=C2)C(=O)C2=CC=C(*)C=C2)C=C1,1.0934216851622351,msa,train
CC(C)(C1=CC=C(O*)C=C1)C1=CC=C(OC2=CC=C(C=C2)S(=O)(=O)C2=CC=C(*)C=C2)C=C1,1.146128035678238,msa,train
CC(C)(C1=CC=C(OC2=CC=C(*)C=C2)C=C1)C1=CC=C(OC2=CC=C(C=C2)N2C(=O)C3=CC=C(C=C3C2=O)C(=O)C2=CC3=C(C=C2)C(=O)N(*)C3=O)C=C1,0.9493900066449128,msa,train
CC(C)(C1=CC=C(OC2=CC=C(*)C=C2)C=C1)C1=CC=C(OC2=CC=C(C=C2)N2C(=O)C3=CC=C(OC4=CC5=C(C=C4)C(=O)N(*)C5=O)C=C3C2=O)C=C1,0.9030899869919436,msa,train
CC(C)(C1=CC=C(OC2=CC=C(C=C2)S(=O)(=O)C2=CC=C(*)C=C2)C=C1)C1=CC=CC(O*)=C1,0.9030899869919436,msa,test
CC(C)C(*)=C(C)*,3.757396028793024,msa,test
CC(C)C12C3=C(C=CC=C3)C(C(C)C)(C3=C1C=C(*)C(*)=C3)C1=C2C=C2OC3=C(OC2=C1)C=C1C(=O)N(C(=O)C1=C3)C1=C(C)C(C)=C(N2C(=O)C3=C(C=C(O*)C(O*)=C3)C2=O)C(C)=C1C,3.5354207180561734,msa,train
CC(C)C12C3=C(C=CC=C3)C(C(C)C)(C3=C1C=C(*)C(*)=C3)C1=C2C=C2OC3=C(OC2=C1)C=C1N=C(*)C(*)=NC1=C3,3.04336227802113,msa,train
CC(C)C12C3=C(C=CC=C3)C(C(C)C)(C3=C1C=C1N(*)CN(C*)C1=C3)C1=C2C=C(*)C(*)=C1,3.675778341674085,msa,train
CC(C)C12C3=C(C=CC=C3)C(C(C)C)(C3=C1C=C1OC4=C(OC1=C3)C=C1C(=O)N(*)C(=O)C1=C4)C1=C2C=C2OC3=C(OC2=C1)C=C1C(=O)N(C(=O)C1=C3)C1=C(C)C2=C(C=C1C)C1C3=C(C=CC=C3)C2C2=C1C=C(C)C(*)=C2C,3.617000341120899,msa,train
CC(C)C12C3=CC4=C(C=C3C(C(C)C)(C3=C1C=CC=C3)C1=C2C=C2C(=O)N(C(=O)C2=C1)C1=C2C=CC=CC2=C(C=C1C)C1=CC(C)=C(*)C2=C1C=CC=C2)C(=O)N(*)C4=O,3.3371596445268557,msa,train
CC(C)C1=C(O*)C=CC(=C1)C(C1C=CC=CC1C(O)=O)C1=CC(C(C)C)=C(OC2=CC=C(C=C2)C(=O)C2=CC=C(*)C=C2)C=C1,1.6963563887333322,msa,train
CC(C)C1=CC(=C(C)C=C1O*)C1(OC(=O)C2=C1C=CC=C2)C1=CC(C(C)C)=C(OC2=CC=C(C=C2)S(=O)(=O)C2=CC=C(*)C=C2)C=C1C,1.48572142648158,msa,train
CC(C)C1=CC(=C(C)C=C1O*)C1(OC(=O)C2C=CC=CC12)C1=C(C)C=C(OC2=CC=C(C=C2)C(=O)C2=CC=C(*)C=C2)C(=C1)C(C)C,1.6283889300503116,msa,train
CC(C)C1=CC(C(C2=CC(C(C)C)=C(OC3=CC=C(C=C3)S(=O)(=O)C3=CC=C(*)C=C3)C=C2C)C2=C(C=CC=C2)C(O)=O)=C(C)C=C1O*,1.6954816764901974,msa,train
CC(C)CC(*)=C(C)*,2.8750612633917,msa,train
CC(C)CC(C)OC(=O)C(*)C(*)C(=O)OC(C)(C)C,2.2278867046136734,msa,train
CC(C)CC(C)OC(=O)C(*)C(*)C(=O)OC(C)C,2.1931245983544616,msa,train
CC(C)CCC(*)=C(C)*,2.568201724066995,msa,test
CC(C)COP(*)(OCC(C)C)=N*,2.2227164711475833,msa,train
CC(C)OC(=O)C(*)C(*)C(=O)OC(C)(C)C,2.123851640967086,msa,train
CC(C)OC(=O)C(*)C(*)C(=O)OC1CCCCC1,1.6127838567197357,msa,train
CC(C)[Si](C(C)C)(C(C)C)C1=CC=C(C=C1)C(*)=C(*)C1=CC=CC=C1,2.8027737252919755,msa,train
CC(C)[Si](C)(C)C(\*)=C(\C)*,3.2174839442139063,msa,test
CC(C*)C(=O)OCCOC(=O)C(C)C*,1.1760912590556811,msa,train
CC(C*)O*,1.6232492903979006,msa,train
CC1(C)C2=CC(=CC=C2C2=C1C=C(Br)C=C2)C(*)=C(*)C1=CC=CC=C1,3.568201724066995,msa,train
CC1(C)C2=CC(=CC=C2C2=C1C=C(C=C2)[Si](C)(C)C)C(*)=C(*)C1=CC=CC=C1,3.929418925714293,msa,test
CC1(C)C2=CC(=CC=C2C2=C1C=CC=C2)C(*)=C(*)C1=CC=C(C=C1)[Si](C)(C)C,2.991226075692495,msa,train
CC1(C)C2=CC(=CC=C2C2=C1C=CC=C2)C(*)=C(*)C1=CC=CC=C1,3.90848501887865,msa,train
CC1(C)C2=CC=C(C=C2C(C)(C)C1(C)C)C(*)=C(*)C1=CC=CC=C1,4.37383114507383,msa,train
CC1(C)CC(C)(C)C2=CC(=CC=C12)C(*)=C(*)C1=CC(F)=C(F)C=C1,4.565847818673518,msa,test
CC1(C)CC(C)(C)C2=CC(=CC=C12)C(*)=C(*)C1=CC(F)=CC(F)=C1,4.45484486000851,msa,test
CC1(C)CC(C)(C)C2=CC(=CC=C12)C(*)=C(*)C1=CC(F)=CC=C1,4.431363764158988,msa,test
CC1(C)CC(C)(C)C2=CC(=CC=C12)C(*)=C(*)C1=CC=C(Br)C=C1,4.315970345456917,msa,train
CC1(C)CC(C)(C)C2=CC(=CC=C12)C(*)=C(*)C1=CC=C(Cl)C=C1,4.313867220369153,msa,train
CC1(C)CC(C)(C)C2=CC(=CC=C12)C(*)=C(*)C1=CC=C(F)C=C1,4.52244423350632,msa,test
CC1(C)CC(C)(C)C2=CC(=CC=C12)C(*)=C(*)C1=CC=CC=C1,4.394451680826216,msa,train
CC1(C)CC(C)(C2=C1C=C(*)C(*)=C2)C1=CC=C(C=C1)N1C(=O)C2=CC=C(C=C2C1=O)C(=O)C1=CC2C(C=C1)C(=O)N(*)C2=O,1.4339297656084642,msa,train
CC1(C)CC(C)(C2=CC=C(C=C12)C(=O)C1=CC=C(OC2=CC=C(C=C2)N2C(=C)C3=CC=C(C=C3C2=C)C(=O)C2=CC3C(C=C2)C(=O)N(C3=O)C2=CC=C(O*)C=C2)C=C1)C1=CC=C(C=C1)C(=O)C1=CC=C(*)C=C1,1.0969100130080565,msa,train
CC1(C)CC(C)(C2=CC=C(C=C12)C(=O)C1=CC=C(OC2=CC=C(C=C2)N2C(=C)C3=CC=C(C=C3C2=C)C(C2=CC3C(C=C2)C(=O)N(C3=O)C2=CC=C(O*)C=C2)(C(F)(F)F)C(F)(F)F)C=C1)C1=CC=C(C=C1)C(=O)C1=CC=C(*)C=C1,1.2380461031287957,msa,train
CC1(C)CC(C)(C2=CC=C(C=C12)C(=O)C1=CC=C(OC2=CC=C(C=C2)N2C(=C)C3=CC=C(C=C3C2=C)C2(CCCCC2)C2=CC3C(C=C2)C(=O)N(C3=O)C2=CC=C(O*)C=C2)C=C1)C1=CC=C(C=C1)C(=O)C1=CC=C(*)C=C1,1.2227164711475833,msa,train
CC1(C)CC(C)(C2=CC=C(C=C12)C(=O)C1=CC=C(OC2=CC=C(C=C2)N2C(=C)C3=CC=C(C=C3C2=C)C2=CC3C(C=C2)C(=O)N(C3=O)C2=CC=C(O*)C=C2)C=C1)C1=CC=C(C=C1)C(=O)C1=CC=C(*)C=C1,1.173186268412274,msa,train
CC1(C)CC(C)(C2=CC=C(C=C12)C(=O)C1=CC=C(OC2=CC=C(C=C2)N2C(=C)C3=CC=C(C=C3C2=C)S(=O)(=O)C2=CC3C(C=C2)C(=O)N(C3=O)C2=CC=C(O*)C=C2)C=C1)C1=CC=C(C=C1)C(=O)C1=CC=C(*)C=C1,1.1613680022349748,msa,test
CC1(C)CC(C)(C2=CC=C(C=C12)C(=O)C1=CC=C(OC2=CC=C(C=C2)N2C(=C)C3=CC=C(OC4=CC5C(C=C4)C(=O)N(C5=O)C4=CC=C(O*)C=C4)C=C3C2=C)C=C1)C1=CC=C(C=C1)C(=O)C1=CC=C(*)C=C1,1.0644579892269186,msa,train
CC1(C)CC(C)(C2=CC=C(C=C12)C(=O)C1=CC=C(OC2=CC=C(C=C2)N2C(=C)C3=CC=C(SC4=CC5C(C=C4)C(=O)N(C5=O)C4=CC=C(O*)C=C4)C=C3C2=C)C=C1)C1=CC=C(C=C1)C(=O)C1=CC=C(*)C=C1,1.130333768495006,msa,test
CC1(C)CC2(CC(C)(C)C3=C(O2)C=C2OC4=C(OC2=C3)C(C#N)=C(*)C(*)=C4C#N)OC2=C1C=C(O*)C(O*)=C2,2.8750612633917,msa,train
CC1(C)CC2(CC(C)(C)C3=C2C=C(O)C(=C3)N2C(=O)C3C(C2=O)C2(Br)C4C(C(=O)N(*)C4=O)C3(Br)C(Br)=C2Br)C2=C1C=C(*)C(O)=C2,2.437750562820388,msa,train
CC1(C)CC2(CC(C)(C)C3=C2C=C(O)C(=C3)N2C(=O)C3C=CC(=CC3C2=O)C(C2=CC=C3C(=O)N(*)C(=O)C3=C2)(C(F)(F)F)C(F)(F)F)C2=C1C=C(*)C(O)=C2,2.257678574869185,msa,train
CC1(C)CC2(CC(C)(C)C3=C2C=C2C(=O)N(C(=O)C2=C3)C2=CC3=C(C=C2)C(C)(C)CC32CC(C)(C)C3=C2C=C(*)C=C3)C2=CC3=C(C=C12)C(=O)N(*)C3=O,2.795184589682424,msa,train
CC1(C)CC2(CC(C)(C)C3=C2C=C2N=C4C=C(*)C(*)=CC4=NC2=C3)C2=CC3=C(C=C12)N=C1C=C2OC4=CC5=C(C=C4OC2=CC1=N3)C1(CC(C)(C)C2=C1C=C(O*)C(O*)=C2)CC5(C)C,2.934498451243568,msa,train
CC1(C)CC2(CC(C)(C)C3=C2C=C2OC4=C(OC2=C3)C(C#N)=C(*)C(*)=C4C#N)C2=C1C=C(O*)C(O*)=C2,3.467756051244033,msa,train
CC1(C)CC2(CC(C)(C)C3=C2C=C2OC4=C(OC2=C3)C(C#N)=C(*)C(*)=C4C#N)C2=CC(O*)=C(O*)C=C12,3.2121876044039577,msa,train
CC1(C)CC2(CC(C)(C)C3=C2C=C2OC4=C(OC2=C3)C(C(O)=O)=C(*)C(*)=C4C#N)C2=CC(O*)=C(O*)C=C12,3.187520720836463,msa,train
CC1(C)CC2(CC(C)(C)C3=C2C=C2OC4=C(OC2=C3)C(CN)=C(*)C(*)=C4CN)C2=C1C=C(O*)C(O*)=C2,3.357934847000454,msa,train
CC1(C)CC2(CC(C)(C)C3=C2C=C2OC4=C(OC2=C3)C=C2C(=O)N(C(=O)C2=C4)C(N2C(=O)C3=C(C=C(*)C(*)=C3)C2=O)(C(F)(F)F)C(F)(F)F)C2=C1C=C(O*)C(O*)=C2,3.204119982655925,msa,test
CC1(C)CC2(CC(C)(C)C3=C2C=C2OC4=C(OC2=C3)C=C2C(=O)N(C(=O)C2=C4)C2=CC(=C(C=C2)C2=CC=C(*)C=C2C(F)(F)F)C(F)(F)F)C2=C1C=C1OC3=C(OC1=C2)C=C1C(=O)N(*)C(=O)C1=C3,2.4771212547196626,msa,train
CC1(C)CC2(CC(C)(C)C3=C2C=C2OC4=C(OC2=C3)C=C2C(=O)N(C(=O)C2=C4)C2=CC(=C(C=C2)C2=CC=C(*)C=C2C(F)(F)F)C(F)(F)F)C2=CC3=C(OC4=CC5=C(C=C4O3)C(=O)N(*)C5=O)C=C12,2.4771212547196626,msa,train
CC1(C)CC2(CC(C)(C)C3=C2C=C2OC4=C(OC2=C3)C=C2C(=O)N(C(=O)C2=C4)C2=CC=C(C=C2)C(C2=CC=C(*)C=C2)(C(F)(F)F)C(F)(F)F)C2=CC3=C(OC4=CC5=C(C=C4O3)C(=O)N(*)C5=O)C=C12,2.5563025007672873,msa,train
CC1(C)CC2(CC(C)(C)C3=C2C=C2OC4=C(OC2=C3)C=C2C(=O)N(C(=O)C2=C4)C2=CC=CC3=C2C=CC=C3*)C2=C1C=C1OC3=C(OC1=C2)C=C1C(=O)N(*)C(=O)C1=C3,2.5440680443502757,msa,test
CC1(C)CC2(CC(C)(C)C3=C2C=C2OC4=C(OC2=C3)C=C2C(=O)N(C(=O)C2=C4)C2=CC=CC3=C2C=CC=C3*)C2=CC3=C(OC4=CC5=C(C=C4O3)C(=O)N(*)C5=O)C=C12,2.5440680443502757,msa,test
CC1(C)CC2(CC(C)(C)C3=CC4=NC5=C(C=C(*)C(*)=C5)N=C4C=C23)C2C=C3N=C4C=C5OC6=C(OC5=CC4=NC3=CC12)C=C1C(=C6)C2(CC1(C)C)CC(C)(C)C1=C2C=C(O*)C(O*)=C1,2.934498451243568,msa,train
CC1(C)CC2(CC(C)(C)C3=CC4=NC5=C(C=C6OC7=C(OC6=C5)C=CC(=C7)C5(C6C=CC=CC6C6C=CC=CC56)C5=CC=C(O*)C(O*)=C5)N=C4C=C23)C2=CC3=NC4=C(C=C(*)C(*)=C4)N=C3C=C12,2.505149978319906,msa,test
CC1(C)CCC(C)(C)C2=CC(=CC=C12)C(*)=C(*)C1=CC=CC=C1,3.886490725172482,msa,train
CC12C3=CC4=C(C=C3C(C)(C3=C1C=CC=C3)C1=C2C=C2C(=O)N(C(=O)C2=C1)C1=C(O)C=CC(=C1)C(C1=CC=C(O)C(*)=C1)(C(F)(F)F)C(F)(F)F)C(=O)N(*)C4=O,1.921686475483602,msa,train
CC12CCC(C)(C3=C1C=C1N(*)CN(C*)C1=C3)C1=C2C=C(*)C(*)=C1,3.6475785542124552,msa,train
CC1=C(*)C(*)=CC(=C1)C1(C2CC3CC(C2)CC1C3)C1=CC2=C(C=C1)N(C*)CN(*)C2,2.8721562727482928,msa,train
CC1=C(*)C(C)=C(C(O)=O)C(C)=C1N1C(=O)C2=C(C=C(C=C2)C(C2=CC3=C(C=C2)C(=O)N(*)C3=O)(C(F)(F)F)C(F)(F)F)C1=O,2.285557309007774,msa,train
CC1=C(*)C=C(C=C1)C(C1=CC(N2C(=O)C3=CC4=C(OC5=CC6=C(C=C5O4)C(C)(C)CC64CC(C)(C)C5=C4C=C4OC6=C(OC4=C5)C=C4C(=O)N(*)C(=O)C4=C6)C=C3C2=O)=C(C)C=C1)(C(F)(F)F)C(F)(F)F,2.342422680822206,msa,train
CC1=C(*)C=C(C=C1)C(C1=CC(N2C(=O)C3=CC4=C(OC5=CC6=C(C=C5O4)C(C)(C)CC64CC(C)(C)C5=CC6=C(OC7=CC8=C(C=C7O6)C(=O)N(*)C8=O)C=C45)C=C3C2=O)=C(C)C=C1)(C(F)(F)F)C(F)(F)F,2.342422680822206,msa,train
CC1=C(*)C=CC2=C1N1CN(C2)C2=C(C)C(=CC=C2C1)N1C(=O)C2=C(C=C(C=C2)C(C2=CC3=C(C=C2)C(=O)N(*)C3=O)(C(F)(F)F)C(F)(F)F)C1=O,2.507855871695831,msa,train
CC1=C(C)C(N2C(=O)C3=C(C=C(*)C(*)=C3)C2=O)=C(C)C(C)=C1N1C(=O)C2=CC3=C(OC4=CC5=C(C=C4O3)C(C)(C)CC53CC(C)(C)C4=C3C=C(O*)C(O*)=C4)C=C2C1=O,2.5563025007672873,msa,train
CC1=C(C)C(N2C(=O)C3=C(C=C(C=C3)C(=O)C3=CC=C4C(=O)N(*)C(=O)C4=C3)C2=O)=C(C)C(C)=C1*,2.03342375548695,msa,train
CC1=C(C)C(N2C(=O)C3=C(C=C(C=C3)C(C3=CC=C4C(=O)N(*)C(=O)C4=C3)(C(F)(F)F)C(F)(F)F)C2=O)=C(C)C(C)=C1*,2.637489729512511,msa,train
CC1=C(C)C(N2C(=O)C3=C(C=C(OC4=C(OC5=CC=C6C(=O)N(*)C(=O)C6=C5)C=CC(=C4)C(C)(C)C)C=C3)C2=O)=C(C)C(*)=C1,1.9294189257142929,msa,train
CC1=C(C)C(N2C(=O)C3=C(C=C(OC4=C(OC5=CC=C6C(=O)N(*)C(=O)C6=C5)C=CC(=C4)C(C)(C)C)C=C3)C2=O)=C(C)C(C)=C1*,1.9590413923210936,msa,train
CC1=C(C)C(N2C(=O)C3=C(C=C(OC4=CC(C)=C(OC5=CC=C6C(=O)N(*)C(=O)C6=C5)C(C)=C4C)C=C3)C2=O)=C(C)C(*)=C1,2.113943352306837,msa,train
CC1=C(C)C(N2C(=O)C3=CC4=C(C=C3C2=O)C2(CC(C)(C)C3=CC5=C(C=C23)C(=O)N(*)C5=O)CC4(C)C)=C(C)C(C)=C1*,3.2821687783046416,msa,train
CC1=C(C)C(N2C(=O)C3=CC4=C(OC5=CC6=C(C=C5O4)C(C)(C)CC64CC(C)(C)C5=CC6=C(OC7=CC8=C(C=C7O6)C(=O)N(*)C8=O)C=C45)C=C3C2=O)=C(C)C(C)=C1*,2.724275869600789,msa,train
CC1=C(C)C(N2C(=O)C3=CC=C(C=C3C2=O)C(C2=CC3C(C=C2)C(=O)N(*)C3=O)(C(F)(F)F)C(F)(F)F)=C(C)C(C)=C1*,2.739572344450092,msa,test
CC1=C(C=C(*)C=C1)N1C(=O)C2=CC=C(C=C2C1=O)C(C1=CC2C(C=C1)C(=O)N(*)C2=O)(C(F)(F)F)C(F)(F)F,1.9405164849325671,msa,test
CC1=C(C=CC=C1*)N1C(=O)C2=CC=C(C=C2C1=O)C(C1=CC2=C(C=C1)C(=O)N(*)C2=O)(C(F)(F)F)C(F)(F)F,2.0086001717619175,msa,train
CC1=C(C=CC=C1*)N1C(=O)C2=CC=C(C=C2C1=O)C(C1=CC2C(C=C1)C(=O)N(*)C2=O)(C(F)(F)F)C(F)(F)F,2.0253058652647704,msa,test
CC1=C(O*)C=CC(=C1)C(C)(C)C1=CC(C)=C(OC2=CC=C(C=C2)S(=O)(=O)C2=CC=C(*)C=C2)C=C1,1.0413926851582251,msa,train
CC1=C(OC2=CC=C3C(=O)N(*)C(=O)C3=C2)C(C)=C(C)C(OC2=CC3=C(C=C2)C(=O)N(C3=O)C2=C(C)C(C)=C(*)C(C)=C2C)=C1,2.361727836017593,msa,train
CC1=C(OC2=CC=C3C(=O)N(*)C(=O)C3=C2)C(C)=C(C)C(OC2=CC3=C(C=C2)C(=O)N(C3=O)C2=CC=C(C=C2)C(C2=CC=C(*)C=C2)(C(F)(F)F)C(F)(F)F)=C1,1.8864907251724816,msa,test
CC1=C2C(=CC(*)=C1)S(=O)(=O)C1=CC(=CC(C)=C21)N1C(=O)C2=CC=C(C=C2C1=O)C1=CC=C2C(=O)N(*)C(=O)C2=C1,1.4502491083193612,msa,train
CC1=CC(*)=C(C)C=C1N1C(=O)C2=CC=C(C=C2C1=O)C(C1=CC2C(C=C1)C(=O)N(*)C2=O)(C(F)(F)F)C(F)(F)F,2.0755469613925306,msa,train
CC1=CC(*)=CC(C)=C1O*,1.836640541572774,msa,train
CC1=CC(*)=CC=C1OC1=C(C2=C(C=CC=C2)C=C1)C1=C(OC2=C(C)C=C(C=C2)N2C(=O)C3=C(C=C(C=C3)C(C3=CC4=C(C=C3)C(=O)N(*)C4=O)(C(F)(F)F)C(F)(F)F)C2=O)C=CC2=C1C=CC=C2,1.4183012913197457,msa,train
CC1=CC(=C(C)C(C)=C1OC1=CC=C(C=C1)S(=O)(=O)C1=CC=C(*)C=C1)C1=CC(C)=C(O*)C(C)=C1C,1.7993405494535817,msa,train
CC1=CC(=C(C)C=C1C1=C(C)C(*)=CC=C1)C1=C(C)C(*)=CC=C1,2.322219294733919,msa,train
CC1=CC(=C(C)C=C1C1=C(C)C=C(*)C=C1)C1=C(C)C=C(*)C=C1,1.8573324964312683,msa,train
CC1=CC(=C(C)C=C1C1=C(C)C=CC(*)=C1)C1=C(C)C=CC(*)=C1,2.0,msa,train
CC1=CC(=C(C)C=C1C1=CC(C)=C(*)C=C1)C1=CC(C)=C(*)C=C1,1.7075701760979365,msa,train
CC1=CC(=C(C)C=C1O*)C1(OC(=O)C2=C1C=CC=C2)C1=CC(C)=C(OC2=CC=C(C=C2)S(=O)(=O)C2=CC=C(*)C=C2)C=C1C,1.2278867046136734,msa,train
CC1=CC(=C(C)C=C1O*)C1(OC(=O)C2C=CC=CC12)C1=C(C)C=C(OC2=CC=C(C=C2)C(=O)C2=CC=C(*)C=C2)C(C)=C1,1.3324384599156054,msa,train
CC1=CC(=C2C=CC=CC2=C1*)C1=C2C=CC=CC2=C(N2C(=O)C3=C(C=C4C(=C3)C3(C)CCC4(C)C4=C3C=C3C(=O)N(*)C(=O)C3=C4)C2=O)C(C)=C1,3.5173278822943734,msa,train
CC1=CC(=C2C=CC=CC2=C1*)C1=C2C=CC=CC2=C(N2C(=O)C3=CC4=C(OC5=C(O4)C=C4C(=C5)C5(C)CCC4(C)C4=C5C=C5OC6=C(OC5=C4)C=C4C(=O)N(*)C(=O)C4=C6)C=C3C2=O)C(C)=C1,3.395937645080042,msa,test
CC1=CC(=CC(C)=C1)C1=CC(O*)=CC=C1OC1=CC=C(C=C1)C(=O)C1=CC=C(*)C=C1,0.6627578316815741,msa,train
CC1=CC(=CC(C)=C1)C1=CC(O*)=CC=C1OC1=CC=CC(*)=C1C#N,0.9822712330395684,msa,train
CC1=CC(=CC(C)=C1*)C(C)(C)C1=CC(C)=C(OC2=CC=C(C=C2)S(=O)(=O)C2=CC=C(O*)C=C2)C(C)=C1,1.1903316981702914,msa,test
CC1=CC(=CC(C)=C1*)C(C1=CC(C)=C(OC2=CC=C(C=C2)S(=O)(=O)C2=CC=C(O*)C=C2)C(C)=C1)(C(F)(F)F)C(F)(F)F,1.8491121661845775,msa,train
CC1=CC(=CC(C)=C1*)C1=CC(C)=C(C=C1C)C1=CC(C)=C(*)C(C)=C1,2.5440680443502757,msa,train
CC1=CC(=CC(C)=C1*)C1=CC(C)=C(N2C(=O)C3=C(C=C(OC4=CC(=C(OC5=CC=C6C(=O)N(*)C(=O)C6=C5)C=C4C(C)(C)C)C(C)(C)C)C=C3)C2=O)C(C)=C1,2.1760912590556813,msa,train
CC1=CC(=CC(C)=C1*)C1=CC(C)=C(N2C(=O)C3=C(C=C(OC4=CC(C)=C(OC5=CC=C6C(=O)N(*)C(=O)C6=C5)C(C)=C4C)C=C3)C2=O)C(C)=C1,1.740362689494244,msa,train
CC1=CC(=CC(C)=C1*)C1=CC(C)=C(N2C(=O)C3=CC4=C(C=C3C2=O)S(=O)(=O)C2=CC3=C(C=C2S4(=O)=O)C(=O)N(*)C3=O)C(C)=C1,1.7634279935629371,msa,train
CC1=CC(=CC(C)=C1*)C1=CC(C)=C(N2C(=O)C3=CC=C(C=C3C2=O)C(=O)OC2=CC=C(C=C2)C(C2=CC=C(OC(=O)C3=CC4=C(C=C3)C(=O)N(*)C4=O)C=C2)(C(F)(F)F)C(F)(F)F)C(C)=C1,1.57978359661681,msa,train
CC1=CC(=CC(C)=C1O*)C(C)(C)C1=CC(=CC=C1)C(C)(C)C1=CC(C)=C(OC2=CC=C(C=C2)S(=O)(=O)C2=CC=C(*)C=C2)C(C)=C1,1.3010299956639813,msa,train
CC1=CC(=CC(C)=C1O*)C(C)(C)C1=CC(C)=C(OC(*)=O)C(C)=C1,1.505149978319906,msa,train
CC1=CC(=CC(C)=C1O*)C(C)(C)C1=CC(C)=C(OC(=O)C2=CC(=CC(=C2)C(*)=O)C(C)(C)C)C(C)=C1,1.9822712330395684,msa,train
CC1=CC(=CC(C)=C1O*)C(C)(C)C1=CC(C)=C(OC2=CC=C(C=C2)C(=O)C2=CC=C(*)C=C2)C(C)=C1,1.7160033436347992,msa,train
CC1=CC(=CC(C)=C1O*)C(C1=CC(C)=C(OC(*)=O)C(C)=C1)(C(F)(F)F)C(F)(F)F,2.100370545117563,msa,train
CC1=CC(=CC(C)=C1O*)C1=CC(C)=C(OC2=CC=C(C=C2)S(=O)(=O)C2=CC=C(*)C=C2)C(C)=C1,1.0433622780211296,msa,train
CC1=CC(=CC(OC2=CC3=C(C=C2)C(=O)N(C3=O)C2=C(C)C(C)=C(*)C(C)=C2C)=C1OC1=CC=C2C(=O)N(*)C(=O)C2=C1)C(C)(C)C,2.041392685158225,msa,train
CC1=CC(=CC=C1)C1=CC(O*)=CC=C1OC1=CC=C(C=C1)C(=O)C1=CC=C(*)C=C1,0.5797835966168101,msa,train
CC1=CC(=CC=C1)C1=CC(O*)=CC=C1OC1=CC=CC(*)=C1C#N,0.8325089127062363,msa,train
CC1=CC(=CC=C1*)C1=CC=C(N2C(=O)C3=CC=C(C=C3C2=O)[Si](C)(C)C2=CC=C3C(=O)N(*)C(=O)C3=C2)C(C)=C1,1.0374264979406236,msa,train
CC1=CC(=CC=C1O*)C1(OC(=O)C2=C1C=CC=C2)C1=CC(C)=C(OC2=CC=C(C=C2)S(=O)(=O)C2=CC=C(*)C=C2)C=C1,1.0334237554869496,msa,train
CC1=CC(=CC=C1O*)C1(OC(=O)C2C=CC=CC12)C1=CC=C(OC2=CC=C(C=C2)C(=O)C2=CC=C(*)C=C2)C(C)=C1,1.0128372247051722,msa,test
CC1=CC(C)=C(*)C(C)=C1N1C(=O)C2=CC=C(C=C2C1=O)C(C1=CC2C(C=C1)C(=O)N(*)C2=O)(C(F)(F)F)C(F)(F)F,2.6954816764901977,msa,train
CC1=CC(C)=C(*)C(C)=C1N1C(=O)C2=CC=C(C=C2C1=O)C1=CC2=C(C=C1)C(=O)N(*)C2=O,2.322219294733919,msa,train
CC1=CC(C)=C(N2C(=O)C3=C(C=C(C=C3)C(=O)C3=CC=C4C(=O)N(*)C(=O)C4=C3)C2=O)C(C)=C1*,1.6665179805548809,msa,train
CC1=CC(C)=C(N2C(=O)C3=C(C=C(C=C3)C(C3=CC4=C(C=C3)C(=O)N(*)C4=O)(C(F)(F)F)C(F)(F)F)C2=O)C(C)=C1*,2.6641717053619307,msa,test
CC1=CC(C)=C(N2C(=O)C3=C(C=C(C=C3)C(C3=CC=C4C(=O)N(*)C(=O)C4=C3)(C(F)(F)F)C(F)(F)F)C2=O)C(C)=C1*,2.53655844257153,msa,train
CC1=CC(C)=C(N2C(=O)C3=C(C=C(C=C3)S(=O)(=O)C3=CC=C4C(=O)N(*)C(=O)C4=C3)C2=O)C(C)=C1*,1.6730209071288962,msa,train
CC1=CC(C)=C(N2C(=O)C3=C(C=C(OC4=CC=C(OC5=CC=C6C(=O)N(*)C(=O)C6=C5)C=C4)C=C3)C2=O)C(C)=C1*,1.6020599913279625,msa,test
CC1=CC(C)=C(N2C(=O)C3=C(C=C(SC4=CC=C5C(=O)N(*)C(=O)C5=C4)C=C3)C2=O)C(C)=C1*,1.8363241157067516,msa,train
CC1=CC(C)=C(N2C(=O)C3=C(C=C4C(=O)N(*)C(=O)C4=C3)C2=O)C(C)=C1*,2.371806458507416,msa,train
CC1=CC(C)=C(N2C(=O)C3=CC=C(C=C3C2=O)C(=O)C2=CC3C(C=C2)C(=O)N(*)C3=O)C(C)=C1*,1.845098040014257,msa,test
CC1=CC(C)=C(N2C(=O)C3=CC=C(C=C3C2=O)C(C2=CC3=C(C=C2)C(=O)N(*)C3=O)(C(F)(F)F)C(F)(F)F)C(C)=C1*,2.6989700043360187,msa,train
CC1=CC(C)=C(N2C(=O)C3=CC=C(C=C3C2=O)C2=CC3C(C=C2)C(=O)N(*)C3=O)C(C)=C1*,2.305351369446624,msa,test
CC1=CC(C*)=CC=C1C*,-0.0026136156026866,msa,train
CC1=CC(C2=CC(C)=C(*)C3=C2C=CC=C3)=C2C=CC=CC2=C1N1C(=O)C2=CC3=C(C=C2C1=O)C1(C)C2=CC4=C(C=C2C3(C)C2=C1C=CC=C2)C(=O)N(*)C4=O,3.437750562820388,msa,train
CC1=CC(C2=CC(C)=C(*)C3=C2C=CC=C3)=C2C=CC=CC2=C1N1C(=O)C2=CC3=C(C=C2C1=O)C1(CC(C)(C)C2=CC4=C(C=C12)C(=O)N(*)C4=O)CC3(C)C,3.2081725266671217,msa,train
CC1=CC(C2=CC(C)=C(*)C3=C2C=CC=C3)=C2C=CC=CC2=C1N1C(=O)C2=CC3=C(OC4=CC5=C(C=C4O3)C(C)(C)CC53CC(C)(C)C4=CC5=C(OC6=CC7=C(C=C6O5)C(=O)N(*)C7=O)C=C34)C=C2C1=O,3.1172712956557644,msa,test
CC1=CC(C2=CC(C)=C(N3C(=O)C4=CC5=C(C=C4C3=O)C3(C)CCC5(C)C4=CC5=C(C=C34)C(=O)N(*)C5=O)C3=C2C=CC=C3)=C2C=CC=CC2=C1*,3.5496162395190853,msa,train
CC1=CC(CC2=CC(C)=C(OC3=CC=C(C=C3)S(=O)(=O)C3=CC=C(O*)C=C3)C(C)=C2)=CC(C)=C1*,1.5378190950732742,msa,train
CC1=CC(OC2=CC3=C(C=C2)C(=O)N(C3=O)C2=C(C)C(*)=CC(C)=C2C)=C(OC2=CC=C3C(=O)N(*)C(=O)C3=C2)C=C1,1.6127838567197357,msa,train
CC1=CC(OC2=CC3=C(C=C2)C(=O)N(C3=O)C2=C(C)C(C)=C(*)C(C)=C2C)=C(OC2=CC=C3C(=O)N(*)C(=O)C3=C2)C=C1,1.6127838567197357,msa,train
CC1=CC(OC2=CC=C(C=C2)C2(C3=C(C=CC=C3)C3=C2C=CC=C3)C2=CC=C(OC3=CC=C(N4C(=O)C5=C(C=C(C=C5)C(C5=CC=C6C(=O)N(*)C(=O)C6=C5)(C(F)(F)F)C(F)(F)F)C4=O)C(C)=C3)C=C2)=CC=C1*,1.6747693140154265,msa,train
CC1=CC2=C(C3C4=C(C=CC=C4)C2C2=C3C(C)=C(N3C(=O)C4=C(C=C(C=C4)C(C4=CC=C5C(=O)N(*)C(=O)C5=C4)(C(F)(F)F)C(F)(F)F)C3=O)C(C)=C2)C(C)=C1*,3.146128035678238,msa,train
CC1=CC2=C(C3C4=C(C=CC=C4)C2C2=C3C(C)=C(N3C(=O)C4=C(C=C5C(=O)N(*)C(=O)C5=C4)C3=O)C(C)=C2)C(C)=C1*,3.3756636139608855,msa,test
CC1=CC2=C(C3C4=C(C=CC=C4)C2C2=C3C(C)=C(N3C(=O)C4=CC=C5C(=O)N(*)C(=O)C6=C5C4=C(C=C6)C3=O)C(C)=C2)C(C)=C1*,3.171433900943008,msa,train
CC1=CC2=C(C3C4=C(C=CC=C4)C2C2=C3C(C)=C(N3C(=O)C4C(C5C=CC4C4C5C(=O)N(*)C4=O)C3=O)C(C)=C2)C(C)=C1*,3.2030328870147105,msa,train
CC1=CC2=C(C=C1*)S(=O)(=O)C1=CC(N3C(=O)C4=CC=C(C=C4C3=O)C(C3=CC4=C(C=C3)C(=O)N(*)C4=O)(C(F)(F)F)C(F)(F)F)=C(C)C=C21,2.1931245983544616,msa,train
CC1=CC2=C(C=C1*)S(=O)(=O)C1=CC(N3C(=O)C4=CC=C(C=C4C3=O)S(=O)(=O)C3=CC4=C(C=C3)C(=O)N(*)C4=O)=C(C)C=C21,1.657055852857104,msa,train
CC1=CC2=C(C=C1C)C1(C3=C(C=C(C)C(C)=C3)C3=C1C=C1OC4=C(OC1=C3)C(C#N)=C(*)C(*)=C4C#N)C1=C2C=C(O*)C(O*)=C1,3.8260748027008264,msa,train
CC1=CC2C(C=C1*)S(=O)(=O)C1=C2C=C(C)C(=C1)N1C(=O)C2=CC=C(C=C2C1=O)C(C1=CC2=C(C=C1)C(=O)N(*)C2=O)(C(F)(F)F)C(F)(F)F,2.2528530309798933,msa,test
CC1=CC=C(C)C(OC2=CC=C3C(=O)N(*)C(=O)C3=C2)=C1OC1=CC2=C(C=C1)C(=O)N(C2=O)C1=C(C)C(C)=C(*)C(C)=C1C,2.0,msa,train
CC1=CC=C(C=C1)C(*)=C(*)C1=CC=C2C(=C1)C(C)(C)CC2(C)C,4.033423755486949,msa,test
CC1=CC=C(C=C1)C1=C(C2=CC=C(C)C=C2)C(C2=CC=C3OC4=C(OC3=C2)C(C#N)=C(*)C(*)=C4C#N)=C(C2=CC=C(C)C=C2)C(C2=CC=C(C)C=C2)=C1C1=CC=C(O*)C(O*)=C1,2.9324737646771535,msa,train
CC1=CC=CC(OC2=CC=C3C(=O)N(*)C(=O)C3=C2)=C1OC1=CC2=C(C=C1)C(=O)N(C2=O)C1=C(C)C(C)=C(*)C(C)=C1C,1.7075701760979365,msa,test
CC1CC(C)(C)CC(C1)(C1=CC2C(C=C1)C(=O)N(C2=O)C1=CC=C(O*)C=C1)C1=CC=C2C(=C)N(C(=C)C2=C1)C1=CC=C(OC2=CC=C(C=C2)C(=O)C2=CC=C3C(=C2)C(C)(C)CC3(C)C2=CC=C(C=C2)C(=O)C2=CC=C(*)C=C2)C=C1,1.5563025007672873,msa,train
CCC(C)OC(=O)C(*)C(*)C(=O)OC(C)(C)C,2.161368002234975,msa,train
CCC(C)OC(=O)C(*)C(*)C(=O)OC(C)C,1.7075701760979365,msa,train
CCC(C)OP(*)(OC(C)CC)=N*,1.977723605288848,msa,train
CCC1(C)CC2(C(C)C(C)(CC)C3=CC4=C(OC5=C(O4)C(C#N)=C(*)C(*)=C5C#N)C=C23)C2=CC(O*)=C(O*)C=C12,3.322219294733919,msa,train
CCC1=CC(C*)=CC=C1C*,0.6344772701607315,msa,train
CCCC(*)=C(C)*,2.204119982655925,msa,train
CCCCCC(*)=C(C)*,2.1760912590556813,msa,train
CCCCCCC(*)=C(C)*,2.146128035678238,msa,train
CCCCCCCC(*)=C(C)*,2.161368002234975,msa,train
CCCCCCCCCCCCCCOC(=O)C(*)C*,1.983175072037813,msa,train
CCCCCCCCCCOC(=O)C(*)C*,1.9670797341444972,msa,train
CCCCCCCCCCSC#CC,1.8920946026904804,msa,test
CCCCCCCCSC#CC,1.9590413923210936,msa,train
CCCCCCCC[Si](C)(C)C(\*)=C(\C)*,1.6720978579357175,msa,train
CCCCCCSC#CC,1.8808135922807911,msa,test
CCCCOP(*)(OCCCC)=N*,2.230448921378274,msa,train
CCCCSC#CC,1.8388490907372552,msa,train
CCCC[Si](C)(C)C(\*)=C(\C)*,1.8129133566428557,msa,train
CCC[Si](C)(C)C(\*)=C(\C)*,2.3979400086720375,msa,test
CCN1C2C=CC(*)=CC2C2=C1C=CC(=C2)N1C(=O)C2=CC=C(C=C2C1=O)C(C1=CC2=C(C=C1)C(=O)N(*)C2=O)(C(F)(F)F)C(F)(F)F,1.910090545594068,msa,test
CCOC(=O)C(*)C*,1.7810369386211318,msa,train
CCOC(=O)C(C)(*)C*,1.3384564936046048,msa,train
CCOC1=C(N*)C=CC(*)=C1,0.9084850188786496,msa,test
CCOC1C(*)C(COC(=O)NC(C)(C)C)OC(O*)C1OCC,1.863322860120456,msa,train
CCOCC1OC(CO*)C(OCC)C(OCC)C1*,1.73559889969818,msa,train
CCOCC1OC(O*)C(OCC)C(OCC)C1*,1.8325089127062364,msa,train
CCSC#CC,1.954242509439325,msa,train
CC[Si](C)(C)C(\*)=C(\C)*,3.285557309007774,msa,train
COC(=O)C(*)C*,1.0253058652647702,msa,train
COC(=O)C(C)(*)C*,0.6127838567197355,msa,train
COC1=C(N*)C=CC(*)=C1,0.7810369386211319,msa,train
COC1=CC(=CC=C1*)C1=CC=C(N2C(=O)C3=CC=C(C=C3C2=O)[Si](C)(C)C2=CC=C3C(=O)N(*)C(=O)C3=C2)C(OC)=C1,0.9698816437465,msa,test
COC1=CC(=CC=C1N1C(=O)C2=C(C=C(OC3=C(OC4=CC=C5C(=O)N(*)C(=O)C5=C4)C=CC(=C3)C(C)(C)C)C=C2)C1=O)C1=CC(OC)=C(*)C=C1,1.3424226808222062,msa,train
COCCOCCOP(*)(OCCOCCOC)=N*,1.3979400086720375,msa,train
C[Ge](C)(C)C1CCCCC1C(*)=C*,2.4913616938342726,msa,train
C[Si](C)(*)O*,2.949390006644913,msa,test
C[Si](C)(C)C(*)C*,2.3010299956639813,msa,train
C[Si](C)(C)C1=CC(=CC=C1)C(*)=C(*)C1=CC=CC=C1,3.322219294733919,msa,test
C[Si](C)(C)C1=CC=C(C=C1)C(*)=C(*)C1=CC2=C(C=C1)C1=C(C2)C=CC=C1,3.4913616938342726,msa,train
C[Si](C)(C)C1=CC=C(C=C1)C(*)=C(*)C1=CC2=C(C=C1)C1=C(C=CC=C1)C=C2,2.9542425094393248,msa,train
C[Si](C)(C)C1=CC=C(C=C1)C(*)=C(*)C1=CC=C2C3=C(C=CC=C3)C3(CC3)C2=C1,3.278753600952829,msa,train
C[Si](C)(C)C1=CC=C(C=C1)C(*)=C(*)C1=CC=C2CCCC2=C1,3.041392685158225,msa,train
C[Si](C)(C)C1=CC=C(C=C1)C(*)=C(*)C1=CC=CC=C1,3.414973347970818,msa,train
C[Si](C)(C)C1=CC=C(C=C1)C(*)C*,2.2600713879850747,msa,train
C[Si](C)(C)C1=CC=C(C=C1)C1=CC=C(C=C1)C(*)=C(*)C1=CC=CC=C1,2.90848501887865,msa,train
C[Si](C)(C)C1C2C(C1[Si](C)(C)C)C1CC2C(*)C1*,3.611723308007342,msa,train
C[Si](C)(C)C1CC(*)CC1\C=C\*,2.146128035678238,msa,train
C[Si](C)(C)C1CC2C1C1CC2C(*)C1*,3.3138672203691533,msa,train
C[Si](C)(C)C1CC2CC1C(*)C2*,3.8260748027008264,msa,train
C[Si](C)(C)CC1=CC=C(C=C1)C(*)=C(*)C1=CC=CC=C1,2.6232492903979003,msa,train
C[Si](C)(C)CC1=CC=C(C=C1)C(*)C*,1.7323937598229686,msa,train
C[Si](C)(C)C[Si](C)(C)C1CC(*)CC1\C=C\*,1.863322860120456,msa,train
C[Si](C)(C)O[Si](O[Si](C)(C)C)(O[Si](C)(C)C)C1C2C(C1[Si](O[Si](C)(C)C)(O[Si](C)(C)C)O[Si](C)(C)C)C(C*)CC2C*,2.6627578316815743,msa,train
C[Si](C)(C)O[Si](O[Si](C)(C)C)(O[Si](C)(C)C)C1C2C(C1[Si](O[Si](C)(C)C)(O[Si](C)(C)C)O[Si](C)(C)C)C(CC2C=*)C=*,2.838849090737255,msa,train
C[Si](C)(C1=CC2=C(C=C1)C(=O)N(*)C2=O)C1=CC=C2C(=O)N(C(=O)C2=C1)C1=CC=C(OC2=CC=C(*)C=C2)C=C1,1.0681858617461617,msa,test
C[Si](C)(C1=CC=C(C=C1)C(*)=O)C1=CC=C(C=C1)C(*)=O,1.4329692908744058,msa,train
C[Si](C)(C1=CC=C2C(=O)N(*)C(=O)C2=C1)C1=CC=C2C(=O)N(C(=O)C2=C1)C1=CC=C(*)C=C1,0.9731278535996988,msa,train
C[Si](C)(C1=CC=C2C(=O)N(*)C(=O)C2=C1)C1=CC=C2C(=O)N(C(=O)C2=C1)C1=CC=C(C=C1)C1=CC=C(*)C=C1,0.9232440186302766,msa,train
C[Si](C)(C1=CC=C2C(=O)N(*)C(=O)C2=C1)C1=CC=C2C(=O)N(C(=O)C2=C1)C1=CC=C(OC2=CC=C(*)C=C2)C=C1,0.9006401839826004,msa,train
C[Si](C)(CCCC(F)(F)F)C1=CC=C(C=C1)C(*)C*,2.037426497940624,msa,train
C\C(*)=C(/*)C1=CC=C(C=C1)[Si](C)(C)C,2.7075701760979363,msa,train
C\C(*)=C(/*)[Si](C)(C)C,4.176091259055681,msa,train
C\C(*)=C(/*)[Si](C)(C)C1=CC=CC=C1,1.146128035678238,msa,train
C\C(C*)=C(\C)C*,1.230448921378274,msa,train
C\C(C*)=C\C*,1.6901960800285136,msa,train
ClC(*)C*,0.2528530309798932,msa,test
ClC(*)CCCC(*)S(Cl)(=O)=O,1.1238516409670858,msa,train
ClC(Cl)=C(C1=CC=C(*)C=C1)C1=CC=C(OC(=O)O*)C=C1,1.0549958615291417,msa,train
ClC1=CC(C*)=CC=C1C*,-0.0308171407677385,msa,train
ClCC(C*)O*,0.9493900066449128,msa,train
Cl\C(C*)=C\C*,1.312811826212088,msa,train
FC(*)C*,-0.4559319556497244,msa,train
FC(F)(*)C*,-0.2692177243336108,msa,train
FC(F)(*)C1(F)OC(F)(F)C(F)(F)C1(F)C(F)(F)*,1.7708520116421442,msa,train
FC(F)(F)C(*)(C1=CC2=C(C=C1)C(=O)N1C3=C(C=C(C=C3)C3=CC4=C(C=C3)N=C3N4C(=O)C4=C3C=CC(*)=C4)N=C21)C(F)(F)F,1.8715729355458788,msa,test
FC(F)(F)C(*)(C1=CC2=C(C=C1)C(=O)N1C3=C(C=C(OC4=CC5=C(C=C4)N=C4N5C(=O)C5=C4C=CC(*)=C5)C=C3)N=C21)C(F)(F)F,1.739572344450092,msa,train
FC(F)(F)C(*)(C1=CC=C(C=C1)C1=CC=C(*)C=C1)C(F)(F)F,2.6720978579357175,msa,train
FC(F)(F)C(*)(C1=CC=C(C=C1)C1=NC2=C(O1)C=CC(=C2)C(C1=CC=C2OC(=NC2=C1)C1=CC=C(C=C1)C(C1=CC=C2C3=NC4=C(C=CC(=C4)C4=CC5=C(C=C4)N=C4N5C(=O)C5=C4C=C(*)C=C5)N3C(=O)C2=C1)(C(F)(F)F)C(F)(F)F)(C(F)(F)F)C(F)(F)F)C(F)(F)F,3.298634783124436,msa,train
FC(F)(F)C(*)(C1=CC=CC=C1)C1=CC=C(C=C1)C1=CC=C(*)C=C1,2.0569048513364727,msa,train
FC(F)(F)C(*)(C1=CC=CC=C1)C1=CC=C(C=C1)C1=CC=C(C=C1)C1=CC=C(*)C=C1,2.100370545117563,msa,train
FC(F)(F)C(*)(C1=CC=CC=C1)C1=CC=C(OC2=CC=C(*)C=C2)C=C1,1.4471580313422192,msa,train
FC(F)(F)C(*)(C1=CC=CC=C1)C1=CC=C(OC2=CC=C(C=C2)C(=O)C2=CC=C(OC3=CC=C(*)C=C3)C=C2)C=C1,1.0413926851582251,msa,train
FC(F)(F)C(C1=CC(Br)=C(O*)C(Br)=C1)(C1=CC(Br)=C(OC(*)=O)C(Br)=C1)C(F)(F)F,1.0253058652647702,msa,train
FC(F)(F)C(C1=CC2=C(C=C1)C(=O)N(*)C2=O)(C1=CC2=C(C=C1)C(=O)N(C2=O)C1=CC2=C(C=C1)C1C3=C(C=CC=C3)C2C2=C1C=C(*)C=C2)C(F)(F)F ,2.5171958979499744,msa,train
FC(F)(F)C(C1=CC2=C(C=C1)C(=O)N(*)C2=O)(C1=CC2=C(C=C1)C(=O)N(C2=O)C1=CC2=CC=C3OC4CC(C3=C2C=C1)C1=C(O4)C=CC2=C1C=CC(*)=C2)C(F)(F)F,1.7792356316758635,msa,train
FC(F)(F)C(C1=CC2=C(C=C1)C(=O)N(*)C2=O)(C1=CC2=C(C=C1)C(=O)N(C2=O)C1=CC2=CC=C3OC4OC5=CC=C6C=C(*)C=CC6=C5C4C3=C2C=C1)C(F)(F)F,1.863322860120456,msa,train
FC(F)(F)C(C1=CC2=C(C=C1)C(=O)N(*)C2=O)(C1=CC2=C(C=C1)C(=O)N(C2=O)C1=CC=C(OC2=C(C3=C(C=CC=C3)C=C2)C2=C(OC3=CC=C(*)C=C3)C=CC3=C2C=CC=C3)C=C1)C(F)(F)F,1.3242824552976926,msa,train
FC(F)(F)C(C1=CC2=C(C=C1)C(=O)N(*)C2=O)(C1=CC2=C(C=C1)C(=O)N(C2=O)C1=CC=CC=C1OC1=C(C2=C(C=CC=C2)C=C1)C1=C(OC2=C(*)C=CC=C2)C=CC2=C1C=CC=C2)C(F)(F)F,0.8363241157067517,msa,train
FC(F)(F)C(C1=CC2=C(C=C1)C(=O)N(*)C2=O)(C1=CC=C2C(=O)N(C(=O)C2=C1)C1=CC(*)=CC=C1)C(F)(F)F,1.436162647040756,msa,train
FC(F)(F)C(C1=CC2=C(C=C1)C(=O)N(*)C2=O)(C1=CC=C2C(=O)N(C(=O)C2=C1)C1=CC2=C(C=C1)C1C3=C(C=CC=C3)C2C2=C1C=CC(*)=C2)C(F)(F)F,2.325310371711061,msa,train
FC(F)(F)C(C1=CC2=C(C=C1)C(=O)N(*)C2=O)(C1=CC=C2C(=O)N(C(=O)C2=C1)C1=CC2=C(C=C1)C1C=CC(*)=CC1C2)C(F)(F)F,1.6222140229662954,msa,train
FC(F)(F)C(C1=CC2=C(C=C1)C(=O)N(*)C2=O)(C1=CC=C2C(=O)N(C(=O)C2=C1)C1=CC2=C(C=C1)C1C=CC(*)=CC1C2=O)C(F)(F)F,1.530199698203082,msa,train
FC(F)(F)C(C1=CC2=C(C=C1)C(=O)N(*)C2=O)(C1=CC=C2C(=O)N(C(=O)C2=C1)C1=CC=C(CC2=CC=C(*)C=C2)C=C1)C(F)(F)F,1.6503075231319366,msa,test
FC(F)(F)C(C1=CC2=C(C=C1)C(=O)N(*)C2=O)(C1=CC=C2C(=O)N(C(=O)C2=C1)C1=CC=C(OC2=CC=C(*)C=C2)C=C1)C(F)(F)F,1.6748611407378116,msa,train
FC(F)(F)C(C1=CC2=C(C=C1)C(=O)N(*)C2=O)(C1=CC=C2C(=O)N(C(=O)C2=C1)C1=CC=CC(*)=C1)C(F)(F)F,1.6399842480415887,msa,test
FC(F)(F)C(C1=CC2=C(C=C1)C(=O)N(*)C2=O)(C1=CC=C2C(=O)N(C(=O)C2=C1)C1=CC=CC(OC2=CC(*)=CC=C2)=C1)C(F)(F)F,1.146128035678238,msa,test
FC(F)(F)C(C1=CC2=C(C=C1)C(=O)N(C2=O)C1=CC=C(OC2=CC=C(C=C2)C2(C3=C(C=CC=C3)C3=C2C=CC=C3)C2=CC=C(OC3=CC=C(*)C=C3)C=C2)C=C1)(C1=CC=C2C(=O)N(*)C(=O)C2=C1)C(F)(F)F,1.787672964687493,msa,train
FC(F)(F)C(C1=CC2C(C=C1)C(=O)N(*)C2=O)(C1=CC=C2C(=O)N(C(=O)C2=C1)C1=CC(*)=CC=C1)C(F)(F)F,1.60422605308447,msa,train
FC(F)(F)C(C1=CC2C(C=C1)C(=O)N(*)C2=O)(C1=CC=C2C(=O)N(C(=O)C2=C1)C1=CC(OC2=CC=CC(*)=C2)=CC=C1)C(F)(F)F,1.146128035678238,msa,train
FC(F)(F)C(C1=CC2C(C=C1)C(=O)N(*)C2=O)(C1=CC=C2C(=O)N(C(=O)C2=C1)C1=CC=C(*)C=C1)C(F)(F)F,1.5346605758284444,msa,train
FC(F)(F)C(C1=CC2C(C=C1)C(=O)N(*)C2=O)(C1=CC=C2C(=O)N(C(=O)C2=C1)C1=CC=C(C=C1)N(C1=CC=CC=C1)C1=CC=C(*)C=C1)C(F)(F)F,1.7323937598229686,msa,train
FC(F)(F)C(C1=CC2C(C=C1)C(=O)N(*)C2=O)(C1=CC=C2C(=O)N(C(=O)C2=C1)C1=CC=CC(*)=C1)C(F)(F)F,1.307496037913213,msa,train
FC(F)(F)C(C1=CC2N=C(*)OC2C=C1)(C1=CC=C2OC(=NC2=C1)C1=CC2=C(C=C1)C=C(*)C=C2)C(F)(F)F,1.380211241711606,msa,train
FC(F)(F)C(C1=CC2N=C(*)OC2C=C1)(C1=CC=C2OC(=NC2=C1)C1=CC=C(C=C1)C(=O)C1=CC=C(*)C=C1)C(F)(F)F,1.568201724066995,msa,train
FC(F)(F)C(C1=CC2N=C(OC2C=C1)C1=CC(*)=CC=C1)(C1=CC=C2OC(=NC2=C1)C1=CC=CC(*)=C1)C(F)(F)F,3.089198366805149,msa,test
FC(F)(F)C(C1=CC=C(*)C=C1)(C1=CC=C(C=C1)C1=NC2=C(O1)C=CC(=C2)C(C1=CC2=C(OC(*)=N2)C=C1)(C(F)(F)F)C(F)(F)F)C(F)(F)F,3.5561215070235117,msa,train
FC(F)(F)C(C1=CC=C(*)C=C1)(C1=CC=C(C=C1)C1=NC2=C(O1)C=CC(=C2)C(C1=CC=C2OC(*)=NC2=C1)(C(F)(F)F)C(F)(F)F)C(F)(F)F,3.622628426129325,msa,train
FC(F)(F)C(C1=CC=C(*)C=C1)(C1=CC=C(C=C1)C1=NC2=CC(=CC=C2O1)C(C1=CC2N=C(*)OC2C=C1)(C(F)(F)F)C(F)(F)F)C(F)(F)F,2.0791812460476247,msa,train
FC(F)(F)C(C1=CC=C(*)C=C1)(C1=CC=C(C=C1)N1C(=O)C2=C(C=C3C(=O)N(*)C(=O)C3=C2)C1=O)C(F)(F)F,1.7715874808812555,msa,test
FC(F)(F)C(C1=CC=C(*)C=C1)(C1=CC=C(C=C1)N1C(=O)C2=CC=C(C=C2C1=O)C(=O)C1=CC=C2C(=O)N(*)C(=O)C2=C1)C(F)(F)F,1.4885507165004443,msa,train
FC(F)(F)C(C1=CC=C(*)C=C1)(C1=CC=C(C=C1)N1C(=O)C2=CC=C(C=C2C1=O)C(C1=CC=C2C(=O)N(*)C(=O)C2=C1)(C(F)(F)F)C(F)(F)F)C(F)(F)F,2.03342375548695,msa,train
FC(F)(F)C(C1=CC=C(*)C=C1)(C1=CC=C(OC2=CC=C(C=C2)S(=O)(=O)C2=CC=C(O*)C=C2)C=C1)C(F)(F)F,1.1789769472931697,msa,train
FC(F)(F)C(C1=CC=C(C=C1)C(*)=O)(C1=CC=C(C=C1)C(=O)NC1=CC(N*)=CC=C1)C(F)(F)F,1.3617278360175928,msa,train
FC(F)(F)C(C1=CC=C(N*)C=C1)(C1=CC=C(NC(=O)C2=CC(=CC(=C2)C2=CC=CC=C2)C(*)=O)C=C1)C(F)(F)F,1.6232492903979006,msa,test
FC(F)(F)C(C1=CC=C(N*)C=C1)(C1=CC=C(NC(=O)C2=CC(=CC=C2)C(*)=O)C=C1)C(F)(F)F,1.462397997898956,msa,test
FC(F)(F)C(C1=CC=C(O*)C=C1)(C1=CC=C(OC(*)=O)C=C1)C(F)(F)F,1.4313637641589874,msa,train
FC(F)(F)C(C1=CC=C(O*)C=C1)(C1=CC=C(OC2=CC=C(C=C2)C(=O)C2=CC=C(C=C2)C(C2=CC=C(C=C2)C(=O)C2=CC=C(*)C=C2)(C(F)(F)F)C(F)(F)F)C=C1)C(F)(F)F,1.4969296480732148,msa,train
FC(F)(F)C(C1=CC=C(OC(=O)C2=CC3=C(C=C2)C(=O)N(*)C3=O)C=C1)(C1=CC=C(OC(=O)C2=CC=C3C(=O)N(C(=O)C3=C2)C2=CC=C(*)C=C2)C=C1)C(F)(F)F,0.6394864892685861,msa,test
FC(F)(F)C(C1=CC=C(OC(=O)C2=CC3=C(C=C2)C(=O)N(*)C3=O)C=C1)(C1=CC=C(OC(=O)C2=CC=C3C(=O)N(C(=O)C3=C2)C2=CC=C(C=C2)C2=CC=C(*)C=C2)C=C1)C(F)(F)F,0.6998377258672457,msa,train
FC(F)(F)C(C1=CC=C(OC(=O)C2=CC3=C(C=C2)C(=O)N(*)C3=O)C=C1)(C1=CC=C(OC(=O)C2=CC=C3C(=O)N(C(=O)C3=C2)C2=CC=C(CC3=CC=C(*)C=C3)C=C2)C=C1)C(F)(F)F,1.0718820073061257,msa,train
FC(F)(F)C(C1=CC=C(OC(=O)C2=CC3=C(C=C2)C(=O)N2C4=C(C=C(*)C=C4)N=C32)C=C1)(C1=CC=C(OC(=O)C2=CC=C3C4=NC5=C(C=C(*)C=C5)N4C(=O)C3=C2)C=C1)C(F)(F)F,1.1238516409670858,msa,train
FC(F)(F)C(C1=CC=C(OC2=CC(*)=CC=C2)C=C1)(C1=CC=C(OC2=CC(=CC=C2)N2C(=O)C3=CC=C(C=C3C2=O)C(C2=CC3=C(C=C2)C(=O)N(*)C3=O)(C(F)(F)F)C(F)(F)F)C=C1)C(F)(F)F,1.3222192947339193,msa,test
FC(F)(F)C(C1=CC=C(OC2=CC(=CC=C2)N2C(=O)C3=CC4C(C=C3C2=O)C(=O)N(*)C4=O)C=C1)(C1=CC=C(OC2=CC=CC(*)=C2)C=C1)C(F)(F)F,1.2787536009528289,msa,train
FC(F)(F)C(C1=CC=C(OC2=CC3=C(C=C2)C(=O)N(*)C3=O)C=C1)(C1=CC=C(OC2=CC=C3C(=O)N(C(=O)C3=C2)C2=CC=C(CC3=CC=C(*)C=C3)C=C2)C=C1)C(F)(F)F,0.919601023784111,msa,train
FC(F)(F)C(C1=CC=C(OC2=CC3=C(C=C2)C(=O)N(*)C3=O)C=C1)(C1=CC=C(OC2=CC=C3C(=O)N(C(=O)C3=C2)C2=CC=C(OC3=CC=C(*)C=C3)C=C2)C=C1)C(F)(F)F,0.951823035315912,msa,train
FC(F)(F)C(C1=CC=C(OC2=CC=C(*)C=C2)C=C1)(C1=CC=C(OC2=CC=C(C=C2)N2C(=C)C3=CC=C4C(=C)N(*)C(=C)C5=C4C3=C(C=C5)C2=C)C=C1)C(F)(F)F,1.6989700043360187,msa,train
FC(F)(F)C(C1=CC=C(OC2=CC=C(*)C=C2)C=C1)(C1=CC=C(OC2=CC=C(C=C2)N2C(=O)C3=C(C=C4C(=O)N(*)C(=O)C4=C3)C2=O)C=C1)C(F)(F)F,1.5352941200427703,msa,train
FC(F)(F)C(C1=CC=C(OC2=CC=C(*)C=C2)C=C1)(C1=CC=C(OC2=CC=C(C=C2)N2C(=O)C3=CC4=C(C=C3C2=O)C(=O)N(*)C4=O)C=C1)C(F)(F)F,1.380211241711606,msa,train
FC(F)(F)C(C1=CC=C(OC2=CC=C(*)C=C2)C=C1)(C1=CC=C(OC2=CC=C(C=C2)N2C(=O)C3=CC4C(C=C3C2=O)C(=O)N(*)C4=O)C=C1)C(F)(F)F,1.380211241711606,msa,train
FC(F)(F)C(C1=CC=C(OC2=CC=C(*)C=C2)C=C1)(C1=CC=C(OC2=CC=C(C=C2)N2C(=O)C3=CC=C(C=C3C2=O)C(=O)C2=CC=C3C(=O)N(*)C(=O)C3=C2)C=C1)C(F)(F)F,1.2068258760318498,msa,train
FC(F)(F)C(C1=CC=C(OC2=CC=C(*)C=C2)C=C1)(C1=CC=C(OC2=CC=C(C=C2)N2C(=O)C3=CC=C(C=C3C2=O)C(C2=CC3=C(C=C2)C(=O)N(*)C3=O)(C(F)(F)F)C(F)(F)F)C=C1)C(F)(F)F,1.662757831681574,msa,train
FC(F)(F)C(C1=CC=C(OC2=CC=C(*)C=C2)C=C1)(C1=CC=C(OC2=CC=C(C=C2)N2C(=O)C3=CC=C(C=C3C2=O)C(C2=CC=C3C(=O)N(*)C(=O)C3=C2)(C(F)(F)F)C(F)(F)F)C=C1)C(F)(F)F,1.675778341674085,msa,train
FC(F)(F)C(C1=CC=C(OC2=CC=C(*)C=C2)C=C1)(C1=CC=C(OC2=CC=C(C=C2)N2C(=O)C3=CC=C(C=C3C2=O)C2=CC=C3C(=O)N(*)C(=O)C3=C2)C=C1)C(F)(F)F,1.2380461031287957,msa,train
FC(F)(F)C(C1=CC=C(OC2=CC=C(*)C=C2)C=C1)(C1=CC=C(OC2=CC=C(C=C2)N2C(=O)C3C=CC(=CC3C2=O)C(C2=CC3C(C=C2)C(=O)N(*)C3=O)(C(F)(F)F)C(F)(F)F)C=C1)C(F)(F)F,1.662757831681574,msa,test
FC(F)(F)C(C1=CC=C(OC2=CC=CC(*)=C2)C=C1)(C1=CC=C(OC2=CC=CC(=C2)N2C(=O)C3=CC4=C(C=C3C2=O)C(=O)N(*)C4=O)C=C1)C(F)(F)F,1.2787536009528289,msa,train
FC(F)(F)C(C1=CC=C(OC2=CC=CC(*)=C2)C=C1)(C1=CC=C(OC2=CC=CC(=C2)N2C(=O)C3=CC=C(C=C3C2=O)C(C2=CC3C(C=C2)C(=O)N(*)C3=O)(C(F)(F)F)C(F)(F)F)C=C1)C(F)(F)F,1.3222192947339193,msa,train
FC(F)(F)C(C1=CC=C2C(=O)N(*)C(=O)C2=C1)(C1=CC=C2C(=O)N(C(=O)C2=C1)C1=CC=C(OC2=CC=C(*)C=C2)C=C1)C(F)(F)F,1.60959440922522,msa,train
FC(F)(F)C(C1=CC=C2C(=O)N(*)C(=O)C2=C1)(C1=CC=C2C(=O)N(C(=O)C2=C1)C1=CC=CC(OC2=CC=C(*)C=C2)=C1)C(F)(F)F,1.374748346010104,msa,test
FC(F)(F)C(C1=CC=C2C(=O)N(*)C(=O)C2=C1)(C1=CC=C2C3=NC4=C(C=CC(=C4)C4=CC5=C(C=C4)N=C4N5C(=O)C5=C4C=C(*)C=C5)N3C(=O)C2=C1)C(F)(F)F,2.575187844927661,msa,train
FC(F)(F)C(C1=CC=C2C(=O)N(C(=O)C2=C1)C1=CC=C(*)C=C1)(C1=CC2=C(C=C1)C(=O)N(*)C2=O)C(F)(F)F,2.0293837776852097,msa,train
FC(F)(F)C(F)(F)C(F)(F)C(F)(F)C(F)(F)C(F)(F)C(F)(F)COC(=O)C(*)C*,2.4771212547196626,msa,train
FC(F)(F)C1=C(OC2=CC=C(C=C2)C(C2=CC=C(OC3=C(C=C(C=C3)N3C(=O)C4=C(C=C5C(=O)N(*)C(=O)C5=C4)C3=O)C(F)(F)F)C=C2)(C(F)(F)F)C(F)(F)F)C=CC(*)=C1,1.7024305364455252,msa,train
FC(F)(F)C1=C(OC2=CC=C(C=C2)C(C2=CC=C(OC3=C(C=C(C=C3)N3C(=O)C4=CC=C(C=C4C3=O)C(=O)C3=CC=C4C(=O)N(*)C(=O)C4=C3)C(F)(F)F)C=C2)(C(F)(F)F)C(F)(F)F)C=CC(*)=C1,1.390935107103379,msa,train
FC(F)(F)C1=C(OC2=CC=C(C=C2)C(C2=CC=C(OC3=C(C=C(C=C3)N3C(=O)C4=CC=C(C=C4C3=O)C(C3=CC=C4C(=O)N(*)C(=O)C4=C3)(C(F)(F)F)C(F)(F)F)C(F)(F)F)C=C2)(C(F)(F)F)C(F)(F)F)C=CC(*)=C1,1.7435097647284297,msa,train
FC(F)(F)C1=C(OC2=CC=C(C=C2)C(C2=CC=C(OC3=C(C=C(C=C3)N3C(=O)C4=CC=C(C=C4C3=O)C3=CC=C4C(=O)N(*)C(=O)C4=C3)C(F)(F)F)C=C2)(C(F)(F)F)C(F)(F)F)C=CC(*)=C1,1.48572142648158,msa,test
FC(F)(F)C1=CC(*)=CC(=C1)N1C(=O)C2=CC=C(C=C2C1=O)C(C1=CC2C(C=C1)C(=O)N(*)C2=O)(C(F)(F)F)C(F)(F)F,1.7678976160180906,msa,test
FC(F)(F)C1=CC(*)=CC=C1OC1=C(C2=C(C=CC=C2)C=C1)C1=C(OC2=C(C=C(C=C2)N2C(=O)C3=C(C=C(C=C3)C(C3=CC4=C(C=C3)C(=O)N(*)C4=O)(C(F)(F)F)C(F)(F)F)C2=O)C(F)(F)F)C=CC2=C1C=CC=C2,1.5658478186735176,msa,train
FC(F)(F)C1=CC(*)=CC=C1OC1=CC=C(C=C1)C1(C2=C(C=CC=C2)C2=C1C=CC=C2)C1=CC=C(OC2=CC=C(C=C2C(F)(F)F)N2C(=O)C3=C(C=C(C=C3)C(C3=CC=C4C(=O)N(*)C(=O)C4=C3)(C(F)(F)F)C(F)(F)F)C2=O)C=C1,2.1793219449137773,msa,test
FC(F)(F)C1=CC(=CC(=C1)C1=CC(O*)=CC=C1OC1=CC=C(C=C1)C(=O)C1=CC=C(*)C=C1)C(F)(F)F,1.3222192947339193,msa,test
FC(F)(F)C1=CC(=CC(=C1)C1=CC(O*)=CC=C1OC1=CC=CC(*)=C1C#N)C(F)(F)F,1.5440680443502757,msa,test
FC(F)(F)C1=CC(=CC=C1)C1=CC(O*)=CC=C1OC1=CC=C(C=C1)C(=O)C1=CC=C(*)C=C1,0.7075701760979364,msa,train
FC(F)(F)C1=CC(=CC=C1)C1=CC(O*)=CC=C1OC1=CC=CC(*)=C1C#N,0.9684829485539352,msa,train
FC(F)(F)C1CC(CCC1OC1=CC=C(C=C1)C1(C2=CC=CC=C2C2=C1C=CC=C2)C1=CC=C(*)C=C1)C1=CC(=CN=C1)C1=CC(=C(O*)C=C1)C(F)(F)F,1.6354837468149122,msa,train
FC(F)(F)C1CC(CCC1OC1=CC=C(C=C1)C1(C2=CC=CC=C2C2=C1C=CC=C2)C1=CC=C(*)C=C1)C1=CC=C(S1)C1=CC(=C(O*)C=C1)C(F)(F)F,1.740362689494244,msa,train
FC(F)(F)COP(*)(OCC(F)(F)F)=N*,1.9849771264154936,msa,train
FC1=C(F)C(COC(C2CCCC(C2)C(OCC2=C(F)C(F)=C(OC3=CC=C(C=C3)C(C3=CC=C(O*)C=C3)(C(F)(F)F)C(F)(F)F)C(F)=C2F)(C(F)(F)F)C(F)(F)F)(C(F)(F)F)C(F)(F)F)=C(F)C(F)=C1*,1.4471580313422192,msa,train
FC1=C(F)C(COC(C2CCCC(C2)C(OCC2=C(F)C(F)=C(OC3=CC=C(C=C3)C3=CC=C(O*)C=C3)C(F)=C2F)(C(F)(F)F)C(F)(F)F)(C(F)(F)F)C(F)(F)F)=C(F)C(F)=C1*,1.3010299956639813,msa,train
FC1=C(F)C(COC(C2CCCC(C2)C(OCC2=C(F)C(F)=C(OC3=CC=C(C=C3)N3C(=O)CCC33CCC(=O)N3C3=CC=C(O*)C=C3)C(F)=C2F)(C(F)(F)F)C(F)(F)F)(C(F)(F)F)C(F)(F)F)=C(F)C(F)=C1*,1.3222192947339193,msa,train
FC1=C(F)C(COC(C2CCCC(C2)C(OCC2=C(F)C(F)=C(OC3=CC=C(CC4=CC=C(O*)C=C4)C=C3)C(F)=C2F)(C(F)(F)F)C(F)(F)F)(C(F)(F)F)C(F)(F)F)=C(F)C(F)=C1*,1.255272505103306,msa,train
FCC1CC2CC1C(*)C2*,2.220108088040055,msa,train
O=C1C2C(CC(C=*)C2C(=O)N1C12CC3CC(CC(C3)C1)C2)C=*,1.1072099696478683,msa,train
O=C1C2C(CC(C=*)C2C(=O)N1C1=CC=CC=C1)C=*,1.0413926851582251,msa,train
O=C1C2C(CC(C=*)C2C(=O)N1C1CCCCC1)C=*,1.2068258760318498,msa,train
OC(=O)C1=C(C=CC=C1)C(C1=CC=C(O*)C=C1)C1=CC=C(OC2=CC=C(C=C2)S(=O)(=O)C2=CC=C(*)C=C2)C=C1,0.8585371975696391,msa,train
OC(=O)C1C=CC=CC1C(C1=CC=C(O*)C=C1)C1=CC=C(OC2=CC=C(C=C2)C(=O)C2=CC=C(*)C=C2)C=C1,0.8609366207000937,msa,train
OC(C*)CO*,-1.6420651529995465,msa,train
OC1=CC=C(C=C1*)C(C1=CC(N2C(=O)C3=C(C=C(C=C3)C(C3=CC4=C(C=C3)C(=O)N(*)C4=O)(C(F)(F)F)C(F)(F)F)C2=O)=C(O)C=C1)(C(F)(F)F)C(F)(F)F,1.5440680443502757,msa,train
OC1=CC=C2C=C(C=CC2=C1C1=C(O)C=CC2=CC(*)=CC=C12)N1C(=O)C2=C(C=C(C=C2)C(=O)C2=CC3=C(C=C2)C(=O)N(*)C3=O)C1=O,0.6551384348113821,msa,test
OC1=CC=C2C=C(C=CC2=C1C1=C(O)C=CC2=CC(*)=CC=C12)N1C(=O)C2=C(C=C(C=C2)C(C2=CC3=C(C=C2)C(=O)N(*)C3=O)(C(F)(F)F)C(F)(F)F)C1=O,0.7745169657285496,msa,train
OC1=CC=C2C=C(C=CC2=C1C1=C(O)C=CC2=CC(*)=CC=C12)N1C(=O)C2=C(C=C(OC3=CC4=C(C=C3)C(=O)N(*)C4=O)C=C2)C1=O,0.4345689040341987,msa,train
OC1C(O*)C(O[N+]([O-])=O)OC(OC2C(O)C(O[N+]([O-])=O)C(O*)OC2CO[N+]([O-])=O)C1O[N+]([O-])=O,0.3010299956639812,msa,test
[H]C([H])(C1=CC=C(O*)C=C1)C1=CC=C(OC2=CC=C(C=C2)S(=O)(=O)C2=CC=C(*)C=C2)C=C1,1.0170333392987805,msa,train
[H]C1=C([H])C2([H])C3C(C(=O)N(*)C3=O)C1([H])C1C2C(=O)N(C1=O)C1=CC2=C(C=C1O)C1(CC(C)(C)C3=C1C=C(O)C(*)=C3)CC2(C)C,2.3138672203691533,msa,train
[H]C1=CC(=CC(=C1)C(=O)OC1=C(Br)C=C(C=C1Br)C(C1=CC(Br)=C(O*)C(Br)=C1)(C(F)(F)F)C(F)(F)F)C(*)=O,1.8129133566428557,msa,train
[H]C1=CC(=CC(=C1)C(=O)OC1=C(Br)C=C(C=C1Br)C1(C2C=CC=CC2C2C=CC=CC12)C1=CC(Br)=C(O*)C(Br)=C1)C(*)=O,1.7283537820212285,msa,test
[H]C1=CC(=CC(=C1)C(=O)OC1=C(Br)C=C(C=C1Br)C1(OC(=O)C2C=CC=CC12)C1=CC(Br)=C(O*)C(Br)=C1)C(*)=O,1.4456042032735976,msa,train
[H]C1=CC(=CC(=C1)C(=O)OC1=C(C)C=C(C=C1Br)C(C)(C)C1=CC(Br)=C(O*)C(C)=C1)C(*)=O,1.3673559210260189,msa,train
[H]C1=CC(=CC(=C1)C(=O)OC1=C(C)C=C(C=C1C)C(C)(C)C1=CC(C)=C(O*)C(C)=C1)C(*)=O,1.586587304671755,msa,train
[H]C1=CC(=CC(=C1)C(=O)OC1=C(C)C=C(C=C1[H])C(C)(C)C1=CC([H])=C(O*)C(C)=C1)C(*)=O,0.8915374576725644,msa,train
[H]C1=CC(=CC(=C1)C(=O)OC1=C(C=C(C=C1[H])C(C)(C)C1=CC([H])=C(O*)C(=C1)C(C)C)C(C)C)C(*)=O,1.276461804173244,msa,train
[H]C1=CC(=CC(=C1)C(=O)OC1=C([H])C=C(C=C1[H])C1(OC(=O)C2=C1C=CC=C2)C1=CC([H])=C(O*)C([H])=C1)C(*)=O,1.167317334748176,msa,test
[H]C1=CC(=CC(C(C)C)=C1OC(=O)C1=CC(=CC(=C1)C(*)=O)C(C)(C)C)C(C)(C)C1=CC([H])=C(O*)C(=C1)C(C)C,1.6170003411208989,msa,train
[H]C1=CC(=CC(C)=C1OC(=O)C1=CC(=CC(=C1)C(*)=O)C(C)(C)C)C(C)(C)C1=CC([H])=C(O*)C(C)=C1,1.4329692908744058,msa,train
[H]C1=CC(=CC([H])=C1O*)C(C)(C)C1=CC([H])=C(OC(=O)C2=CC(=CC(=C2)C(*)=O)C(C)(C)C)C([H])=C1,1.6222140229662954,msa,test
[H]C1=CC(=CC([H])=C1O*)C(C1=CC([H])=C(OC(=O)C2=CC(=CC(=C2)C(*)=O)C(C)(C)C)C([H])=C1)(C(F)(F)F)C(F)(F)F,1.9380190974762104,msa,train
[H]C1=CC(=CC([H])=C1O*)C(C1=CC([H])=C(OC(=O)C2=CC=CC(=C2)C(*)=O)C([H])=C1)(C(F)(F)F)C(F)(F)F,1.5717088318086876,msa,test
[H]C1=CC(=CC([H])=C1O*)C1(C2C=CC=CC2C2C=CC=CC12)C1=CC([H])=C(OC(=O)C2=CC(=CC(=C2)C(*)=O)C(C)(C)C)C([H])=C1,1.8000293592441343,msa,train
[H]C1=CC(=CC([H])=C1O*)C1(C2C=CC=CC2C2C=CC=CC12)C1=CC([H])=C(OC(=O)C2=CC=CC(=C2)C(*)=O)C([H])=C1,1.416640507338281,msa,train
[H]C1=CC(=CC([H])=C1O*)C1(OC(=O)C2=C1C=CC=C2)C1=CC([H])=C(OC(=O)C2=CC(=CC(=C2)C(*)=O)C(C)(C)C)C([H])=C1,1.615950051656401,msa,train
[H]C1=CC2=C(C=C1)C1=CC=C(C=C1C2(C)C)C(*)=C(*)C1=CC(F)=C(F)C=C1,4.041392685158225,msa,test
[H]C1=CC2=C(C=C1)C1=CC=C(C=C1C2(C)C)C(*)=C(*)C1=CC(F)=CC(F)=C1,3.6989700043360183,msa,train
[H]C1=CC2=C(C=C1)C1=CC=C(C=C1C2(C)C)C(*)=C(*)C1=CC(F)=CC=C1,3.99563519459755,msa,test
[H]C1=CC2=C(C=C1)C1=CC=C(C=C1C2(C)C)C(*)=C(*)C1=CC=C(Br)C=C1,3.9395192526186182,msa,test
[H]C1=CC2=C(C=C1)C1=CC=C(C=C1C2(C)C)C(*)=C(*)C1=CC=C(C=C1)C(C)(C)C,3.7993405494535817,msa,train
[H]C1=CC2=C(C=C1)C1=CC=C(C=C1C2(C)C)C(*)=C(*)C1=CC=C(C=C1)[Si](C)(C)C,3.041392685158225,msa,train
[H]C1=CC2=C(C=C1)C1=CC=C(C=C1C2(C)C)C(*)=C(*)C1=CC=C(F)C=C1,4.041392685158225,msa,train
[H]C1=CC2=C(C=C1)C1=CC=C(C=C1C2(C)C)C(*)=C(*)C1=CC=CC=C1,3.90848501887865,msa,train
[H]C1=CC2=C(C=C1C(C)(C)C)C1(C3=C2C=C(O*)C(O*)=C3)C2=C(C=C3OC4=C(OC3=C2)C(C#N)=C(*)C(*)=C4C#N)C2=C1C=C(C([H])=C2)C(C)(C)C,3.711807229041191,msa,test
[H]C1=CC2=C(C=C1C)C1(C3=C(C=C([H])C(C)=C3)C3=C1C=C1OC4=C(OC1=C3)C(C#N)=C(*)C(*)=C4C#N)C1=C2C=C(O*)C(O*)=C1,3.6464037262230695,msa,train
[H]C1=CC2=C(C=C1[H])C1(C3=C(C=C(C)C(C)=C3)C3=C1C=C(O*)C(O*)=C3)C1=C2C=C2OC3=C(OC2=C1)C(C#N)=C(*)C(*)=C3C#N,3.6449307079135873,msa,train
[H]C1=CC2=C(C=C1[H])C1(C3=C(C=C([H])C([H])=C3)C3=C1C=C1OC4=C(OC1=C3)C(C#N)=C(*)C(*)=C4C#N)C1=C2C=C(O*)C(O*)=C1,3.513217600067939,msa,test
[H]C1=CC=C(C=C1)C1=C(C2=CC=C([H])C=C2)C(C2=CC=C3OC4=C(OC3=C2)C(C#N)=C(*)C(*)=C4C#N)=C(C2=CC=C([H])C=C2)C(C2=CC=C([H])C=C2)=C1C1=CC=C(O*)C(O*)=C1,3.0,msa,test
[H]C1CC(*)CC1\C=C\*,1.3222192947339193,msa,train
[H]N(*)C(=O)C1=CC=C(C=C1)C(C1=CC=C(C=C1)C(=O)N([H])C1=C(C)C2=C(C=C1C)C1C3=C(C=CC=C3)C2C2=C1C=C(C)C(*)=C2C)(C(F)(F)F)C(F)(F)F,2.3263358609287517,msa,train
[H]N1C2C=CC(*)=CC2C2=C1C=CC(=C2)N1C(=O)C2=CC=C(C=C2C1=O)C(C1=CC2=C(C=C1)C(=O)N(*)C2=O)(C(F)(F)F)C(F)(F)F,1.7641761323903309,msa,train
[O-]S(=O)(=O)C1=CC=C(C=C1)C(*)C*,1.0354297381845483,msa,train
