SMILES,N2_msa_log10,source,split
*=CC1CCC(C1)C=*,0.1760912590556812,msa,train
*C(=C(*)C1=CC2=C(C=C1)C1=C(C2)C=CC=C1)C1=CC=CC=C1,3.113943352306837,msa,train
*C(=C(*)C1=CC2=C(C=C1)C1=C(C=CC=C1)C=C2)C1=CC=CC=C1,2.8129133566428557,msa,test
*C(=C(*)C1=CC=C(C=C1)C1=CC=CC=C1)C1=CC=CC=C1,1.8129133566428557,msa,train
*C(=C(*)C1=CC=C(C=C1)[Si](C1=CC=CC=C1)(C1=CC=CC=C1)C1=CC=CC=C1)C1=CC=CC=C1,0.4440447959180762,msa,train
*C(=C(*)C1=CC=C2C3=C(C=CC=C3)C3(CC3)C2=C1)C1=CC=CC=C1,2.6020599913279625,msa,train
*C(=C(*)C1=CC=C2CCCC2=C1)C1=CC=CC=C1,1.4771212547196624,msa,train
*C(=C(*)C1=CC=CC=C1)C1=CC=CC=C1,3.4345689040341987,msa,test
*C(=O)C1=CC=C(C=C1)C1(OC(=O)C2=C1C=CC=C2)C1=CC=C(C=C1)C(=O)C1=CC=C(OC2=CC=C(C=C2)C(=O)C2=CC=C(C=C2)C(=O)C2=CC=C(OC3=CC=C(*)C=C3)C=C2)C=C1,-1.1372724716820253,msa,train
*C(=O)C1=CC=C(C=C1)C1(OC(=O)C2=C1C=CC=C2)C1=CC=C(C=C1)C(=O)C1=CC=C(OC2=CC=C(C=C2)C(=O)C2=CC=C(OC3=CC=C(*)C=C3)C=C2)C=C1,-1.0061230850587888,msa,train
*C(=O)C1=CC=C(C=C1)C1(OC(=O)C2=C1C=CC=C2)C1=CC=C(C=C1)C(=O)C1=CC=C(OC2=CC=C(C=C2)C(=O)C2=CC=CC(=C2)C(=O)C2=CC=C(OC3=CC=C(*)C=C3)C=C2)C=C1,-1.5086383061657274,msa,test
*C(=O)N1C(*)=NC2=C1C=C1N3C(=NC1=C2)C1=CC=C(*)C2=C1C(=CC=C2*)C3=O,-2.586700235918748,msa,train
*C1=CC(C(=O)C2=CC=CC=C2)=C(*)C=C1,-0.3979400086720376,msa,train
*C1=CC2=C(C=C1)C1=NC3=C(C=C(OC4=CC5=C(C=C4)N4C(=O)C6=C(C=C(*)C=C6)C4=N5)C=C3)N1C2=O,-1.6382721639824072,msa,train
*C1=CC2=C(OC3=CC(=CC=C3O2)C2(C3=C(C=CC=C3)C3=C2C=CC=C3)C2=CC3=C(OC4=C(O3)C=CC(*)=C4)C=C2)C=C1,0.0170333392987803,msa,train
*C1=CC2C(C=C1)C(=O)N(C2=O)C1=CC=C(OC2=CC=C(C=C2)N2C(=O)C3=CC=C(*)C=C3C2=O)C=C1,-1.0457574905606752,msa,train
*C1=CC=C(C=C1)C1(C2=C(C=CC=C2)C2=C1C=CC=C2)C1=CC=C(*)C=C1,0.1335389083702175,msa,train
*C1=CC=C(C=C1)C1(OC(=O)C2=CC=CC=C12)C1=CC=C(*)C=C1,0.3785795761157748,msa,train
*C1=CC=C(OC2=CC=C(C=C2)C(C2=CC=CC=C2)(C2=CC=CC=C2)C2=CC=C(OC3=CC=C(*)C=C3)C=C2)C=C1,-0.3279021420642826,msa,train
*C1=CC=C(OC2=CC=C(C=C2)C2(C3C=CC=CC3C3C=CC=CC23)C2=CC=C(OC3=CC=C(*)C=C3)C=C2)C=C1,-0.1804560644581313,msa,train
*C1=CC=C(OC2=CC=C(C=C2)S(=O)(=O)C2=CC=C(OC3=CC=C(C=C3)S(*)(=O)=O)C=C2)C=C1,-0.8860566476931633,msa,train
*C1=CC=C(OC2=CC=C(OC3=CC=C(*)C=C3)C3=C2C2C4=C(C=CC=C4)C3C3=C2C=CC=C3)C=C1,-0.2365720064370627,msa,train
*C1=CC=C2C(=O)N(C(=O)C2=C1)C1=CC=C(OC2=CC=C(C=C2)N2C(=O)C3=C(C=C(C=C3)C3=NC4=C(C=C(CC5=CC=C6N=C(*)OC(=O)C6=C5)C=C4)C(=O)O3)C2=O)C=C1,-2.275724130399211,msa,train
*C1=NC2=C(N1)C=CC(=C2)C1=CC2=C(NC(=N2)C2=CC=CC(*)=C2)C=C1,-2.318758762624413,msa,test
*C1=NN=C(N1C1=CC=CC=C1)C1=CC(*)=CC=C1,-1.0457574905606752,msa,train
*C1=NN=C(N1C1=CC=CC=C1)C1=CC=CC(=C1)C1=NN=C(N1C1=CC=CC=C1)C1=CC=C(*)C=C1,-0.8538719643217619,msa,train
*C1C(*)C2=NC3=C(C=CC(OC4=CC5=C(C=C4)N=C4N5C(=O)C5=C4C=CC(*)=C5)=C3)N2C1=O,-1.8860566476931633,msa,train
*CC(*)C#N,-3.795880017344075,msa,train
*CC(*)C1=CC=CC=C1,-0.2757241303992109,msa,train
*CC(*)C1=CC=NC=C1,-0.8860566476931633,msa,test
*CC(*)OC(=C)C1CCCCC1,-0.3496924768680635,msa,test
*CC(*)OC1C2CC3CC(C2)CC1C3,0.2278867046136735,msa,test
*CC(*)OC1CC2CC1C1CCCC21,0.0791812460476248,msa,train
*CC(*)OC1CC2CCC1C2,-0.0177287669604316,msa,test
*CC(*)OC1CCCCC1,-0.00436480540245,msa,train
*CC(*)OCC1=CC=CC=C1,-0.1023729087095585,msa,train
*CC(*)OCC1CC2CC1C1CCCC21,-0.8860566476931633,msa,train
*CC(*)OCC1CCCCC1,-0.3979400086720376,msa,train
*CC*,-0.6243363860391147,msa,train
*CC1=CC=C(C*)C=C1,-1.3279021420642825,msa,test
*CC1CC(*)OCO1,-1.744727494896694,msa,train
*CCCC*,0.6020599913279624,msa,train
*CCCC=C*,2.0,msa,train
*CCCCO*,0.9469432706978256,msa,train
*CCO*,0.1222158782728266,msa,train
*CCOC(=O)C1=CC=C(C=C1)C(=O)O*,-1.8860566476931633,msa,train
*CN1CN(*)CC2=CC3=C(C=C12)C1C2=CC=CC=C2C3C2=C1C=C(*)C(*)=C2,2.611723308007342,msa,train
*CN1CN(*)CC2=CC3=CC4C5CC(C4C=C3C=C12)C1=CC2=C(C=C51)C=C1N(C*)CN(*)CC1=C2,1.864511081058392,msa,train
*CO*,-1.619788758288394,msa,train
*C\C=C/C*,1.1975562131535369,msa,test
*N1C(=O)C2=C(C=C(C(OC3=CC=CC=C3)=C2)C2=C(OC3=CC=CC=C3)C=C3C(=O)N(C(=O)C3=C2)C2=CC=C(CC3=CC=C(*)C=C3)C=C2)C1=O,-0.1366771398795441,msa,train
*N1C(=O)C2=C(C=C(C(OC3=CC=CC=C3)=C2)C2=C(OC3=CC=CC=C3)C=C3C(=O)N(C(=O)C3=C2)C2=CC=C(OC3=CC=C(*)C=C3)C=C2)C1=O,-0.0809219076239261,msa,train
*N1C(=O)C2=C(C=C(C=C2)C(=O)C2=CC=C3C(=O)N(C(=O)C3=C2)C2=CC(*)=CC=C2)C1=O,-1.7958800173440752,msa,train
*N1C(=O)C2=C(C=C(C=C2)C(=O)C2=CC=C3C(=O)N(C(=O)C3=C2)C2=CC=C(CC3=CC=C(*)C=C3)C=C2)C1=O,-1.6989700043360187,msa,train
*N1C(=O)C2=C(C=C(C=C2)C(=O)C2=CC=C3C(=O)N(C(=O)C3=C2)C2=CC=C(OC3=CC=C(*)C=C3)C=C2)C1=O,-1.9208187539523751,msa,test
*N1C(=O)C2=C(C=C(C=C2)C2=CC=C3C(=O)N(C(=O)C3=C2)C2=CC=C(C=C2)S(=O)(=O)C2=CC=C(*)C=C2)C1=O,-1.30189945437661,msa,train
*N1C(=O)C2=C(C=C(C=C2)C2=CC=C3C(=O)N(C(=O)C3=C2)C2=CC=C(CC3=CC=C(*)C=C3)C=C2)C1=O,-1.6556077263148894,msa,train
*N1C(=O)C2=C(C=C(C=C2)C2=CC=C3C(=O)N(C(=O)C3=C2)C2=CC=C(OC3=CC=C(*)C=C3)C=C2)C1=O,-1.6675615400843946,msa,train
*N1C(=O)C2=C(C=C(C=C2)C2=CC=C3C(=O)N(C(=O)C3=C2)C2=CC=C(OC3=CC=C(C=C3)S(=O)(=O)C3=CC=C(OC4=CC=C(*)C=C4)C=C3)C=C2)C1=O,-1.26440110030182,msa,train
*N1C(=O)C2=C(C=C(C=C2)C2=CC=C3C(=O)N(C(=O)C3=C2)C2=CC=C(OC3=CC=C(OC4=CC=C(OC5=CC=C(*)C=C5)C=C4)C=C3)C=C2)C1=O,-1.4067139329795428,msa,train
*N1C(=O)C2=C(C=C(C=C2)C2=CC=C3C(=O)N(C(=O)C3=C2)C2=CC=C(SC3=CC=C(*)C=C3)C=C2)C1=O,-1.6575773191777938,msa,train
*N1C(=O)C2=C(C=C(C=C2)S(=O)(=O)C2=CC=C3C(=O)N(C(=O)C3=C2)C2=CC=C(CC3=CC=C(*)C=C3)C=C2)C1=O,-1.494850021680094,msa,train
*N1C(=O)C2=C(C=C(C=C2)S(=O)(=O)C2=CC=C3C(=O)N(C(=O)C3=C2)C2=CC=C(OC3=CC=C(*)C=C3)C=C2)C1=O,-1.5686362358410126,msa,train
*N1C(=O)C2=C(C=C(OC3=CC=C(OC4=CC=C5C(=O)N(C(=O)C5=C4)C4=CC=C(CC5=CC=C(*)C=C5)C=C4)C=C3)C=C2)C1=O,-1.4436974992327127,msa,test
*N1C(=O)C2=C(C=C(OC3=CC=C(OC4=CC=C5C(=O)N(C(=O)C5=C4)C4=CC=C(OC5=CC=C(*)C=C5)C=C4)C=C3)C=C2)C1=O,-1.4685210829577449,msa,train
*N1C(=O)C2=C(C=C(OC3=CC=C4C(=O)N(C(=O)C4=C3)C3=CC(*)=CC=C3)C=C2)C1=O,-1.9208187539523751,msa,test
*N1C(=O)C2=C(C=C(OC3=CC=C4C(=O)N(C(=O)C4=C3)C3=CC=C(CC4=CC=C(*)C=C4)C=C3)C=C2)C1=O,-1.5528419686577808,msa,test
*N1C(=O)C2=C(C=C(OC3=CC=C4C(=O)N(C(=O)C4=C3)C3=CC=C(OC4=CC=C(*)C=C4)C=C3)C=C2)C1=O,-1.585026652029182,msa,test
*N1C(=O)C2=C(C=C(SC3=CC=C4C(=O)N(C(=O)C4=C3)C3=CC=C(CC4=CC=C(*)C=C4)C=C3)C=C2)C1=O,-1.5686362358410126,msa,train
*N1C(=O)C2=C(C=C(SC3=CC=C4C(=O)N(C(=O)C4=C3)C3=CC=C(OC4=CC=C(*)C=C4)C=C3)C=C2)C1=O,-1.6777807052660807,msa,train
*N1C(=O)C2=C(C=C3C(=C2)S(=O)(=O)C2=C(C=C4C(=O)N(C(=O)C4=C2)C2=CC=C(OC4=CC=C(*)C=C4)C=C2)S3(=O)=O)C1=O,-0.5686362358410126,msa,train
*N1C(=O)C2=C(C=C3C(=O)N(C(=O)C3=C2)C2=CC=C(CC3=CC=C(*)C=C3)C=C2)C1=O,-1.1611509092627446,msa,train
*N1C(=O)C2=C(C=C3C(=O)N(C(=O)C3=C2)C2=CC=C(OC3=CC=C(*)C=C3)C=C2)C1=O,-1.2680085509810706,msa,test
*N1C(=O)C2=C(C=C3C(=O)N(C(=O)C3=C2)C2=CC=CC(OC3=CC(*)=CC=C3)=C2)C1=O,-1.7423214251308154,msa,train
*N1C(=O)C2=C(C=C3SC4=C(SC3=C2)C=C2C(=O)N(C(=O)C2=C4)C2=CC=C(OC3=CC=C(*)C=C3)C=C2)C1=O,-0.958607314841775,msa,train
*N1C(=O)C2=CC3=C(C=C2C1=O)C(=O)N(C3=O)C1=CC=C(OC2=CC=C(*)C=C2)C=C1,-0.8386319977650252,msa,train
*N1C(=O)C2=CC3=C(C=C2C1=O)C(=O)N(C3=O)C1=CC=CC(OC2=CC=C(*)C=C2)=C1,-1.342944147142896,msa,test
*N1C(=O)C2=CC=C(C=C2C1=O)C(=O)C1=CC=C2C(=O)N(C(=O)C2=C1)C1=CC=C(OC2=CC=C(*)C=C2)C=C1,-1.6270879970298937,msa,test
*N1C(=O)C2=CC=C(OC3=CC=C(OC4=CC5=C(C=C4)C(=O)N(C5=O)C4=CC=C(CC5=CC=C(*)C=C5)C=C4)C=C3)C=C2C1=O,-1.449771646944906,msa,test
*N1C(=O)C2=CC=C(OC3=CC=C(OC4=CC5=C(C=C4)C(=O)N(C5=O)C4=CC=CC(*)=C4)C=C3)C=C2C1=O,-1.7958800173440752,msa,train
*N1C(=O)C2C=C3C(=O)N(C(=O)C3=CC2C1=O)C1=CC(OC2=CC(*)=CC=C2)=CC=C1,-1.744727494896694,msa,train
*N1C(=O)C2C=CC(=CC2C1=O)C(=O)C1=CC=C2C(=O)N(C(=O)C2=C1)C1=CC=C(C=C1)N(C1=CC=CC=C1)C1=CC=C(*)C=C1,-0.8416375079047503,msa,test
*N1C(=O)C2C=CC(=CC2C1=O)C1=CC=C2C(=O)N(C(=O)C2=C1)C1=CC=C(C=C1)N(C1=CC=CC=C1)C1=CC=C(*)C=C1,-0.707743928643524,msa,train
*N1C(=O)C2C=CC(=CC2C1=O)C1=CC=C2C(=O)N(C(=O)C2=C1)C1=CC=C(C=C1)S(=O)(=O)C1=CC=C(*)C=C1,-1.1611509092627446,msa,train
*N1C(=O)C2C=CC(OC3=CC=C4C(=O)N(C(=O)C4=C3)C3=CC=C(C=C3)N(C3=CC=CC=C3)C3=CC=C(*)C=C3)=CC2C1=O,-0.9318141382538384,msa,test
*N=P(*)(OC1=CC=CC=C1)OC1=CC=CC=C1,0.1139433523068367,msa,train
*NC(=O)C1=CC(=CC=C1)C(=O)NC1=CC=C(C=C1)C1(C2C=CC=CC2C2C=CC=CC12)C1=CC=C(*)C=C1,-0.7055337738384071,msa,test
*NC(=O)C1=CC=C(C=C1)C(=O)NC1=CC=C(C=C1)C1(C2C=CC=CC2C2C=CC=CC12)C1=CC=C(*)C=C1,-0.2865094569060575,msa,train
*NC1=CC=C(*)C=C1,-1.7825160557860935,msa,train
*NC1=CC=C(C=C1)C1(C2C=CC=CC2C2C=CC=CC12)C1=CC=C(NC(=O)CN2C(=O)C3=CC=C(C=C3C2=O)C(*)=O)C=C1,-1.193820026016113,msa,train
*NC1=CC=C(C=C1)S(=O)(=O)C1=CC=C(NC(=O)C2=CC(=CC(=C2)C2=CC=CC=C2)C(*)=O)C=C1,-0.8860566476931633,msa,train
*NC1=CC=C(C=C1)S(=O)(=O)C1=CC=C(NC(=O)C2=CC(=CC=C2)C(*)=O)C=C1,-1.5086383061657274,msa,train
*NC1=CC=C(CC2=CC=C(NC(=O)CN3C(=O)C4=CC=C(C=C4C3=O)C(*)=O)C=C2)C=C1,-1.769551078621726,msa,train
*NC1=CC=C(OC2=CC=C(OC3=CC=C(NC(=O)CN4C(=O)C5=CC=C(C=C5C4=O)C(*)=O)C=C3)C=C2)C=C1,-1.6989700043360187,msa,train
*OC(=O)OC1=CC=C(C=C1)C1(C2=C(C=CC=C2)C2=C1C=CC=C2)C1=CC=C(*)C=C1,-0.2276782932770802,msa,train
*OC(=O)OC1=CC=C(C=C1)C1(CC2CCC1C2)C1=CC=C(*)C=C1,-0.3279021420642826,msa,train
*OC(=O)OC1=CC=C(C=C1)C1(CCCCC1)C1=CC=C(*)C=C1,-0.978810700930062,msa,test
*OC1=C(C=C(*)C=C1C1=CC=CC=C1)C1=CC=CC=C1,0.1760912590556812,msa,test
*OC1=C2C=CC=C(OC3=CC=C(C=C3)S(=O)(=O)C3=CC=C(*)C=C3)C2=CC=C1,-1.2441251443275083,msa,train
*OC1=CC2=C(C=C1)C(=O)N1C3=C(C=C(OC4=CC5=C(C=C4)N=C4N5C(=O)C5=C4C=CC(*)=C5)C=C3)N=C21,-1.585026652029182,msa,train
*OC1=CC2=C(C=C1)N=C(C1=CC=CC=C1)C(=N2)C1=CC=C(C=C1)C1=NC2=C(C=CC(*)=C2)N=C1C1=CC=CC=C1,0.5365584425715301,msa,train
*OC1=CC2=C(C=C1O*)C1(C3=C2C=CC=C3)C2=C(C=CC=C2)C2=C1C=C1OC3=C(OC1=C2)C(C#N)=C(*)C(*)=C3C#N,2.8260748027008264,msa,test
*OC1=CC=C(C(=O)C2=CC=C(OC3=CC=C(C=C3)C3(C4C=CC=CC4C4C=CC=CC34)C3=CC=C(*)C=C3)C=C2)C2=C1C=CC=C2,-0.6536470255493614,msa,train
*OC1=CC=C(C=C1)C(=O)C1=CC(=CC=C1)C1=CC(=CC=C1)C(=O)C1=CC=C(OC2=CC=C(C=C2)C2(C3C=CC=CC3C3C=CC=CC23)C2=CC=C(*)C=C2)C=C1,-1.1944991418415998,msa,train
*OC1=CC=C(C=C1)C(=O)C1=CC=C(C=C1)C1=CC=C(C=C1)C(=O)C1=CC=C(OC2=CC=C(C=C2)S(=O)(=O)C2=CC=C(*)C=C2)C=C1,-0.958607314841775,msa,train
*OC1=CC=C(C=C1)C1(C2=C(C=CC=C2)C2=C1C=CC=C2)C1=CC=C(OC(=O)C2=CC=CC(=C2)C(*)=O)C=C1,-0.1938200260161128,msa,train
*OC1=CC=C(C=C1)C1(C2C=CC=CC2C2C=CC=CC12)C1=CC=C(OC2=CC=C(C=C2)S(=O)(=O)C2=CC=C(*)C=C2)C=C1,-0.3151546383555875,msa,train
*OC1=CC=C(C=C1)C1(C2CC3CC(C2)CC1C3)C1=CC=C(OC2=CC=C(C=C2)S(=O)(=O)C2=CC=C(*)C=C2)C=C1,-0.4788619162959637,msa,train
*OC1=CC=C(C=C1)C1(NC(=O)C2C=CC=CC12)C1=CC=C(OC2=CC=C(C=C2)C(=O)C2=CC=C(*)C=C2)C=C1,-1.035740369803151,msa,train
*OC1=CC=C(C=C1)C1(OC(=O)C2=C1C=CC=C2)C1=CC=C(OC(=O)C2=CC=CC(=C2)C(*)=O)C=C1,-0.4659738939438649,msa,test
*OC1=CC=C(C=C1)C1(OC(=O)C2=C1C=CC=C2)C1=CC=C(OC2=CC=C(C=C2)S(=O)(=O)C2=CC=C(*)C=C2)C=C1,-0.7695510786217261,msa,test
*OC1=CC=C(C=C1)C1(OC(=O)C2=CC=CC=C12)C1=CC=C(OC(=C)C2=CC=C(C=C2)C2=CC=C(C=C2)C(*)=O)C=C1,-0.549750891680639,msa,train
*OC1=CC=C(C=C1)C1(OC(=O)C2C=CC=CC12)C1=CC=C(OC2=CC=C(C=C2)C(=O)C2=CC=C(*)C=C2)C=C1,-0.8153085691824012,msa,train
*OC1=CC=C(C=C1)C1(OC(=O)C2C=CC=CC12)C1=CC=C(OC2=CC=C(C=C2)C(=O)C2=CC=C(C=C2)C(=O)C2=CC=C(*)C=C2)C=C1,-1.1378686206869628,msa,train
*OC1=CC=C(C=C1)C12CC3CC(C1)CC(C3)(C2)C1=CC=C(OC2=CC=C(C=C2)S(=O)(=O)C2=CC=C(*)C=C2)C=C1,-0.3419886033428876,msa,train
*OC1=CC=C(C=C1)C1=CC=C(OC2=CC=C(C=C2)S(=O)(=O)C2=CC=C(*)C=C2)C=C1,-0.619788758288394,msa,train
*OC1=CC=C(C=C1)C1=NN(C(=O)C2C=CC=CC12)C1=CC=C(C=C1)C(=O)C1=CC=C(*)C=C1,-0.958607314841775,msa,train
*OC1=CC=C(C=C1)C1=NN(C2=CC=C(C=C2)S(=O)(=O)C2=CC=C(*)C=C2)C(=O)C2=C1C=CC=C2,-1.5686362358410126,msa,train
*OC1=CC=C(C=C1)S(=O)(=O)C1=CC=C(OC2=CC3=CC(*)=CC=C3C=C2)C=C1,-1.133712660915805,msa,test
*OC1=CC=C(C=C1)S(=O)(=O)C1=CC=C(OC2=CC3=CC=C(*)C=C3C=C2)C=C1,-1.294992040666664,msa,train
*OC1=CC=C(C=C1)S(=O)(=O)C1=CC=C(OC2=CC=C(C=C2)C2(C3=C(C=CC=C3)C3=C2C=CC=C3)C2=CC=C(*)C=C2)C=C1,-0.3151546383555875,msa,test
*OC1=CC=C(C=C1)S(=O)(=O)C1=CC=C(OC2=CC=C(C=C2)C2=CC=C(*)C=C2)C=C1,-0.6270879970298935,msa,train
*OC1=CC=C(C=C1)S(=O)(=O)C1=CC=C(OC2=CC=C(OC3=CC=C(*)C=C3)C=C2)C=C1,-0.707743928643524,msa,train
*OC1=CC=C(C=C1)S(=O)(=O)C1=CC=C(OC2=CC=CC3=C(*)C=CC=C23)C=C1,-1.2456516642889812,msa,train
*OC1=CC=C(C=C1O*)C1=C(C2=CC=C(C=C2)C#N)C(C2=CC=C(C=C2)C#N)=C(C2=CC=C3OC4=C(OC3=C2)C(C#N)=C(*)C(*)=C4C#N)C(C2=CC=C(C=C2)C#N)=C1C1=CC=C(C=C1)C#N,1.7160033436347992,msa,train
*OC1=CC=C(OC2=CC3=C(C=C2)C(=O)N2C4=C(C=C(OC5=CC6=C(C=C5)N=C5N6C(=O)C6=C5C=CC(*)=C6)C=C4)N=C32)C=C1,-1.4436974992327127,msa,train
*OC1=CC=C(OC2=CC=C(C=C2)C(=O)C2=CC=C(*)C=C2)C=C1,-1.400116927926312,msa,train
*OC1=CC=C(OC2=CC=C(OC3=CC=C(C=C3)S(=O)(=O)C3=CC=C(*)C=C3)C=C2)C=C1,-0.707743928643524,msa,train
*OCCCCCC(*)=O,-0.2291479883578558,msa,train
*SC1=CC=C(*)C=C1,-1.337242168318426,msa,train
BrC1=CC(*)=CC=C1CC1=C(Br)C=C(C=C1)N1C(=O)C2=CC=C(C=C2C1=O)C1=CC2=C(C=C1)C(=O)N(*)C2=O,-1.987162775294828,msa,train
BrC1=CC(=CC(Br)=C1O*)C1(C2C=CC=CC2C2C=CC=CC12)C1=CC(Br)=C(OC(=O)C2=CC=CC(=C2)C(*)=O)C(Br)=C1,-0.1524273408578878,msa,train
BrC1=CC(=CC(Br)=C1O*)C1(OC(=O)C2=C1C=CC=C2)C1=CC(Br)=C(OC(=O)C2=CC=CC(=C2)C(*)=O)C(Br)=C1,-0.549750891680639,msa,train
BrC1=CC(C*)=CC=C1C*,-3.214670164989233,msa,train
BrC1=CC=C(C=C1)C(*)C*,-0.494850021680094,msa,train
BrC1=CC=C(C=C1)C1=C(C2=CC=C(Br)C=C2)C(C2=CC=C3OC4=C(OC3=C2)C(C#N)=C(*)C(*)=C4C#N)=C(C2=CC=C(Br)C=C2)C(C2=CC=C(Br)C=C2)=C1C1=CC=C(O*)C(O*)=C1,1.7323937598229686,msa,train
BrC1=CC=C(OP(*)(OC2=CC=C(Br)C=C2)=N*)C=C1,-0.744727494896694,msa,train
CC(*)(C*)C(=O)OCC(F)(F)C(F)(F)C(F)(F)C(F)(F)C(F)(F)C(F)(F)C(F)(F)F,1.1760912590556811,msa,test
CC(*)(C*)C1=CC=CC=C1,-0.8239087409443188,msa,train
CC(*)=C(*)C1=CC=CC=C1,1.0881360887005511,msa,test
CC(*)=C(*)[Si](C)(C)C,3.7520484478194382,msa,train
CC(*)C*,-0.3010299956639812,msa,train
CC(=O)OC(*)CC(C*)(C#N)C#N,-1.8601209135987635,msa,train
CC(=O)OC1=CC=C(C=C1)C(*)C*,-0.1938200260161128,msa,train
CC(=O)OC1=CC=C2C=C(C=CC2=C1C1=C(OC(C)=O)C=CC2=CC(*)=CC=C12)N1C(=O)C2=C(C=C(C=C2)C(=O)C2=CC3=C(C=C2)C(=O)N(*)C3=O)C1=O,-0.8239087409443188,msa,train
CC(=O)OC1=CC=C2C=C(C=CC2=C1C1=C(OC(C)=O)C=CC2=CC(*)=CC=C12)N1C(=O)C2=C(C=C(C=C2)C(C2=CC3=C(C=C2)C(=O)N(*)C3=O)(C(F)(F)F)C(F)(F)F)C1=O,-0.6382721639824072,msa,train
CC(=O)OC1=CC=C2C=C(C=CC2=C1C1=C(OC(C)=O)C=CC2=CC(*)=CC=C12)N1C(=O)C2=C(C=C(OC3=CC4=C(C=C3)C(=O)N(*)C4=O)C=C2)C1=O,-1.0,msa,train
CC(=O)OC1C(*)C(COC(=O)NC(C)(C)C)OC(O*)C1OC(C)=O,-0.0087739243075051,msa,train
CC(=O)OC1OC(O*)C(OC(C)=O)C(O)C1*,-0.8538719643217619,msa,train
CC(=O)OC1OC(O*)C(OC(C)=O)C(OC(C)=O)C1*,-0.6382721639824072,msa,train
CC(C)(*)C*,-0.1191864077192086,msa,train
CC(C)(C)C1=CC(*)=CC(=C1)C1=NC2=C(N1)C=CC(=C2)C1=CC2=C(NC(*)=N2)C=C1,-1.2218487496163564,msa,train
CC(C)(C)C1=CC(=CC(=C1)C(*)=O)C(=O)NC1=CC=C(C=C1)C(=O)C1=CC=C(N*)C=C1,-0.6382721639824072,msa,train
CC(C)(C)C1=CC(=CC(=C1)C(=O)NC1=CC=C(C=C1)C1(C2C=CC=CC2C2C=CC=CC12)C1=CC=C(*)C=C1)C(=O)N*,0.1473671077937864,msa,train
CC(C)(C)C1=CC(=CC(=C1)C(=O)OC1=C(Br)C=C(C=C1Br)C(C)(C)C1=CC(Br)=C(O*)C(Br)=C1)C(*)=O,-0.0506099933550872,msa,train
CC(C)(C)C1=CC(=CC(=C1)C(=O)OC1=C(Br)C=C(C=C1Br)C(C1=CC(Br)=C(O*)C(Br)=C1)(C(F)(F)F)C(F)(F)F)C(*)=O,0.6503075231319364,msa,test
CC(C)(C)C1=CC(=CC(=C1)C(=O)OC1=C(Br)C=C(C=C1Br)C1(C2C=CC=CC2C2C=CC=CC12)C1=CC(Br)=C(O*)C(Br)=C1)C(*)=O,0.461648568063455,msa,train
CC(C)(C)C1=CC(=CC(=C1)C(=O)OC1=C(Br)C=C(C=C1Br)C1(OC(=O)C2=C1C=CC=C2)C1=CC(Br)=C(O*)C(Br)=C1)C(*)=O,0.0755469613925307,msa,train
CC(C)(C)C1=CC(=CC(=C1)C(=O)OC1=C(Br)C=C(C=C1Br)C1(OC(=O)C2C=CC=CC12)C1=CC(Br)=C(O*)C(Br)=C1)C(*)=O,0.1072099696478683,msa,train
CC(C)(C)C1=CC(=CC(OP(Cl)(*)=NP(OC2=CC(=CC(=C2)C(C)(C)C)C(C)(C)C)(OC2=CC(=CC(=C2)C(C)(C)C)C(C)(C)C)=N*)=C1)C(C)(C)C,0.4771212547196624,msa,train
CC(C)(C)C1=CC(OC2=CC=C(C=C2)C(=O)C2=CC=C(*)C=C2)=CC=C1O*,-0.6635402661514705,msa,train
CC(C)(C)C1=CC(OC2=CC=C(C=C2)C(=O)NC2=CC=C(C=C2)C(C)(C)C2=CC=C(N*)C=C2)=C(C=C1OC1=CC=C(C=C1)C(*)=O)C(C)(C)C,-0.3372421683184259,msa,train
CC(C)(C)C1=CC(OC2=CC=C(C=C2)C(=O)NC2=CC=C(C=C2)C(C2=CC=C(N*)C=C2)(C(F)(F)F)C(F)(F)F)=C(C=C1OC1=CC=C(C=C1)C(*)=O)C(C)(C)C,0.1789769472931694,msa,train
CC(C)(C)C1=CC2=C(C=C1)C1=C(C=C(C=C1)C(C)(C)C)C2(C1=CC=C(*)C=C1)C1=CC=C(C=C1)N1C(=O)C2=C(C=C(C=C2)C(C2=CC3=C(C=C2)C(=O)N(*)C3=O)(C(F)(F)F)C(F)(F)F)C1=O,1.14921911265538,msa,train
CC(C)(C)C1=CC=C(C=C1)C(*)=C(*)C1=CC=C(C=C1)S(O)(=O)=O,1.0413926851582251,msa,train
CC(C)(C)C1=CC=C(C=C1)C(*)=C(*)C1=CC=C(O)C=C1,1.3617278360175928,msa,train
CC(C)(C)C1=CC=C(C=C1)C(*)=C(*)C1=CC=C(O[Si](C)(C)C(C)(C)C)C=C1,2.322219294733919,msa,train
CC(C)(C)C1=CC=C(C=C1)C(*)=C(*)C1=CC=CC(O)=C1,2.322219294733919,msa,train
CC(C)(C)C1=CC=C(C=C1)C(*)=C(*)C1=CC=CC(O[Si](C)(C)C(C)(C)C)=C1,3.113943352306837,msa,test
CC(C)(C)C1=CC=C(C=C1)C(*)=C(*)C1=CC=CC=C1,2.9684829485539352,msa,train
CC(C)(C)C1=CC=C(C=C1)C(*)C*,0.9242792860618816,msa,train
CC(C)(C)C1=CC=C(C=C1)C1=CC=C(C=C1)C(*)=C(*)C1=CC=C(C=C1)[Si](C)(C)C,2.3979400086720375,msa,train
CC(C)(C)C1=CC=C(C=C1)C1=CC=C(C=C1)C(*)=C(*)C1=CC=CC=C1,1.8481891169913989,msa,train
CC(C)(C)C1=CC=C(OC2=CC3=C(C=C2C2=C(OC4=CC=C(C=C4)C(C)(C)C)C=C4C(=O)N(C(=O)C4=C2)C2=CC=C(OC4=CC=C(*)C=C4)C=C2)C(=O)N(*)C3=O)C=C1,0.469822015978163,msa,train
CC(C)(C)C1=CC=C(OP(*)(OC2=CC=C(C=C2)C(C)(C)C)=N*)C=C1,0.380211241711606,msa,test
CC(C)(C)COP(*)(OCC(C)(C)C)=N*,0.5390760987927766,msa,train
CC(C)(C)OC(=O)C(*)C(*)C(=O)OC1CCCCC1,0.6989700043360189,msa,train
CC(C)(C)OC(=O)C(C)(*)C*,-0.114638779968488,msa,train
CC(C)(C)[Si](C)(C)C1=CC(*)=CC=C1\C=C\*,0.1760912590556812,msa,train
CC(C)(C)[Si](C)(C)OC1=CC(=CC=C1)C(*)=C(*)C1=CC=C(C=C1)[Si](C)(C)C,2.633468455579586,msa,train
CC(C)(C)[Si](C)(C)OC1=CC=C(C=C1)C(*)=C(*)C1=CC=C(C=C1)[Si](C)(C)C,2.591064607026499,msa,train
CC(C)(C)[Si](C)(C)OC1=CC=C(C=C1)C(*)=C(*)C1=CC=C(F)C=C1,1.740362689494244,msa,train
CC(C)(C)[Si](C)(C)OC1=CC=CC(=C1)C(*)=C*,0.8808135922807914,msa,train
CC(C)(C1=CC(=C(OC2=CC=C(C=C2)S(=O)(=O)C2=CC=C(O*)C=C2)C=C1)C(O)(C(F)(F)F)C(F)(F)F)C1=CC=C(*)C(=C1)C(O)(C(F)(F)F)C(F)(F)F,-0.6575773191777937,msa,train
CC(C)(C1=CC(Br)=C(*)C(Br)=C1)C1=CC(Br)=C(OC(=O)O*)C(Br)=C1,-0.7189666327522725,msa,train
CC(C)(C1=CC(Br)=C(O*)C(Br)=C1)C1=CC(Br)=C(OC(=O)C2=CC=CC(=C2)C(*)=O)C(Br)=C1,-0.7471469690201069,msa,train
CC(C)(C1=CC(Cl)=C(*)C(Cl)=C1)C1=CC(Cl)=C(OC(=O)O*)C(Cl)=C1,-0.4436974992327127,msa,train
CC(C)(C1=CC2C(C=C1)C(=O)N(C2=O)C1=CC=C(O*)C=C1)C1=CC=C2C(=C)N(C(=C)C2=C1)C1=CC=C(OC2=CC=C(C=C2)C(=O)C2=CC=C3C(=C2)C(C)(C)CC3(C)C2=CC=C(C=C2)C(=O)C2=CC=C(*)C=C2)C=C1,-0.4814860601221125,msa,train
CC(C)(C1=CC2N=C(*)OC2C=C1)C1=CC=C2OC(=NC2=C1)C1=CC=C(C=C1)C(=O)C1=CC=C(*)C=C1,-0.9208187539523752,msa,train
CC(C)(C1=CC=C(*)C=C1)C1=CC(=CC=C1)N1C(=O)C2=CC=C(C=C2C1=O)C(C1=CC=C2C(=O)N(*)C(=O)C2=C1)(C(F)(F)F)C(F)(F)F,-0.3251388592621884,msa,train
CC(C)(C1=CC=C(*)C=C1)C1=CC(CN)=C(OC2=CC=C(C=C2)S(=O)(=O)C2=CC=C(O*)C=C2)C=C1,-0.958607314841775,msa,train
CC(C)(C1=CC=C(*)C=C1)C1=CC(CN2C(=O)C3=C(C=CC=C3)C2=O)=C(OC2=CC=C(C=C2)S(=O)(=O)C2=CC=C(O*)C=C2)C=C1,-1.0969100130080565,msa,train
CC(C)(C1=CC=C(*)C=C1)C1=CC(N)=C(OC2=CC=C(C=C2)S(=O)(=O)C2=CC=C(O*)C=C2)C=C1,-0.9208187539523752,msa,test
CC(C)(C1=CC=C(*)C=C1)C1=CC=C(C=C1)C1=NC2=C(N1)C=CC(=C2)C1=CC2=C(NC(*)=N2)C=C1,-0.8860566476931633,msa,train
CC(C)(C1=CC=C(*)C=C1)C1=CC=C(C=C1)N1C(=O)C2=C(C=C(C=C2)C(C2=CC=C3C(=O)N(*)C(=O)C3=C2)(C(F)(F)F)C(F)(F)F)C1=O,0.1271047983648076,msa,train
CC(C)(C1=CC=C(*)C=C1)C1=CC=C(C=C1)N1C(=O)C2=C(C=C(OC3=CC=C(OC4=CC=C5C(=O)N(*)C(=O)C5=C4)C=C3)C=C2)C1=O,-0.9829666607012196,msa,train
CC(C)(C1=CC=C(*)C=C1)C1=CC=C(C=C1)N1C(=O)C2=CC3=C(C=C2C1=O)C(=O)N(*)C3=O,0.1760912590556812,msa,train
CC(C)(C1=CC=C(*)C=C1)C1=CC=C(OC2=CC=C(C=C2)C(=O)C2=CC=C(C=C2)C2=CC=C(C=C2)C(=O)C2=CC=C(O*)C=C2)C=C1,-0.8877302315827293,msa,train
CC(C)(C1=CC=C(*)C=C1)C1=CC=C(OC2=CC=C(C=C2)S(=O)(=O)C2=CC=C(C=C2)C2=CC=C(C=C2)S(=O)(=O)C2=CC=C(O*)C=C2)C=C1,-0.3283644033978703,msa,test
CC(C)(C1=CC=C(*)C=C1)C1=CC=C(OC2=CC=C(C=C2)S(=O)(=O)C2=CC=C(O*)C=C2)C=C1,-0.6038006529042637,msa,test
CC(C)(C1=CC=C(C=C1)C(=O)C1=CC=C(*)C=C1)C1=CC=C(C=C1)C(=O)C1=CC=C(OC2=CC=C(C=C2)C(C2=CC=C(O*)C=C2)(C(F)(F)F)C(F)(F)F)C=C1,-0.3565473235138126,msa,train
CC(C)(C1=CC=C(O*)C=C1)C1=CC(=CC=C1)C(C)(C)C1=CC=C(OC2=CC=C(C=C2)S(=O)(=O)C2=CC=C(*)C=C2)C=C1,-0.958607314841775,msa,train
CC(C)(C1=CC=C(O*)C=C1)C1=CC=C(C=C1)C(C)(C)C1=CC=C(OC2=CC=C(C=C2)S(=O)(=O)C2=CC=C(*)C=C2)C=C1,-0.4941719661451638,msa,train
CC(C)(C1=CC=C(O*)C=C1)C1=CC=C(OC(*)=O)C=C1,-0.5228787452803376,msa,train
CC(C)(C1=CC=C(O*)C=C1)C1=CC=C(OC(=O)C2=CC=C(C=C2)C(*)=O)C=C1,-0.2041199826559248,msa,test
CC(C)(C1=CC=C(O*)C=C1)C1=CC=C(OC(=O)C2=CC=C(C=C2)C(=O)OC2=CC(C3=CC(*)=CC4=C3C=CC=C4)=C3C=CC=CC3=C2)C=C1,-0.438898616350944,msa,train
CC(C)(C1=CC=C(O*)C=C1)C1=CC=C(OC(=O)C2=CC=CC(=C2)C(*)=O)C=C1,-0.5654310959658013,msa,train
CC(C)(C1=CC=C(O*)C=C1)C1=CC=C(OC(=O)C2=CC=CC(=C2)C(=O)OC2=CC(C3=CC(*)=CC4=C3C=CC=C4)=C3C=CC=CC3=C2)C=C1,-0.8569851997459049,msa,train
CC(C)(C1=CC=C(O*)C=C1)C1=CC=C(OC2=C(F)C(F)=C(COC(C3CCCC(C3)C(OCC3=C(F)C(F)=C(*)C(F)=C3F)(C(F)(F)F)C(F)(F)F)(C(F)(F)F)C(F)(F)F)C(F)=C2F)C=C1,-0.3187587626244128,msa,test
CC(C)(C1=CC=C(O*)C=C1)C1=CC=C(OC2=CC3=C(C=C2)C(=O)N(C3=O)C2=CC=C(C=C2)N2C(=O)C3=C(C=C(*)C=C3)C2=O)C=C1,-0.2757241303992109,msa,test
CC(C)(C1=CC=C(O*)C=C1)C1=CC=C(OC2=CC3=C(C=C2)C(=O)N(C3=O)C2=CC=CC(=C2)N2C(=O)C3=C(C=C(*)C=C3)C2=O)C=C1,-1.279014255846261,msa,test
CC(C)(C1=CC=C(O*)C=C1)C1=CC=C(OC2=CC=C(C=C2)C(=O)C2=CC=C(*)C=C2)C=C1,-0.7958800173440752,msa,test
CC(C)(C1=CC=C(O*)C=C1)C1=CC=C(OC2=CC=C(C=C2)C(=O)C2=CC=C(C=C2)C(=O)C2=CC=C(*)C=C2)C=C1,-1.0604807473813815,msa,train
CC(C)(C1=CC=C(O*)C=C1)C1=CC=C(OC2=CC=C(C=C2)C(=O)C2=CC=C(C=C2)C(C)(C)C2=CC=C(C=C2)C(=O)C2=CC=C(*)C=C2)C=C1,-0.6777807052660807,msa,train
CC(C)(C1=CC=C(O*)C=C1)C1=CC=C(OC2=CC=C(C=C2)S(=O)(=O)C2=C3C=CC=CC3=C(*)C=C2)C=C1,-0.8239087409443188,msa,train
CC(C)(C1=CC=C(O*)C=C1)C1=CC=C(OC2=CC=C(C=C2)S(=O)(=O)C2=CC=C(*)C=C2)C=C1,-0.6020599913279624,msa,test
CC(C)(C1=CC=C(O*)C=C1)C1=CC=C(OCCC(O)*)C=C1,-1.7212463990471711,msa,train
CC(C)(C1=CC=C(OC2=CC3=C(C=C2)C(=O)N(C3=O)C2=CC=C(C=C2)C2=CC(=C(OC3=CC4=C(C=C3)C(C)(C)CC43CC(C)(C)C4=C3C=C(OC3=CC=C(C=C3C(F)(F)F)C3=CC=C(*)C=C3)C=C4)C=C2)C(F)(F)F)C=C1)C1=CC=C(OC2=CC=C3C(=O)N(*)C(=O)C3=C2)C=C1,0.0086001717619175,msa,train
CC(C)(C1=CC=C(OC2=CC3=C(C=C2)C(O)N(*)C3O)C=C1)C1=CC=C(OC2=CC3=C(C=C2)C(=O)N(C3=O)C2=CC=C(C=C2)C2=CC=C(OC3=CC=C(C=C3)C3(C)CC(C)(C)C4=C3C=C(OC3=CC=C(C=C3C(F)(F)F)C3=CC=C(*)C=C3)C=C4)C(=C2)C(F)(F)F)C=C1,0.3180633349627615,msa,test
CC(C)(C1=CC=C(OC2=CC3C(C=C2)C(=O)N(*)C3=O)C=C1)C1=CC=C(OC2=CC3=C(C=C2)C(=O)N(C3=O)C2=CC=CC(*)=C2)C=C1,-1.490797477668897,msa,train
CC(C)(C1=CC=C(OC2=CC3C(C=C2)C(=O)N(*)C3=O)C=C1)C1=CC=C(OC2=CC=C3C(=O)N(C(=O)C3=C2)C2=CC=C(C=C2)C2=CC=C(OC3=CC=C(C=C3)C3(C4=C(C=CC=C4)C4=C3C=CC=C4)C3=CC=C(OC4=CC=C(C=C4C(F)(F)F)C4=CC=C(*)C=C4)C=C3)C(=C2)C(F)(F)F)C=C1,0.0755469613925307,msa,train
CC(C)(C1=CC=C(OC2=CC=C(*)C=C2)C=C1)C1=CC=C(OC2=CC=C(C=C2)N2C(=O)C3=CC=C(C=C3C2=O)C(=O)C2=CC3=C(C=C2)C(=O)N(*)C3=O)C=C1,-0.958607314841775,msa,train
CC(C)(C1=CC=C(OC2=CC=C(*)C=C2)C=C1)C1=CC=C(OC2=CC=C(C=C2)N2C(=O)C3=CC=C(C=C3C2=O)C2=CC3=C(C=C2)C(=O)N(*)C3=O)C=C1,-1.0277971616209356,msa,train
CC(C)(C1=CC=C(OC2=CC=C(*)C=C2)C=C1)C1=CC=C(OC2=CC=C(C=C2)N2C(=O)C3=CC=C(OC4=CC5=C(C=C4)C(=O)N(*)C5=O)C=C3C2=O)C=C1,-1.154901959985743,msa,train
CC(C)(C1=CC=C(OC2=CC=C(C=C2)S(=O)(=O)C2=CC=C(*)C=C2)C=C1)C1=CC=CC(O*)=C1,-1.1804560644581312,msa,train
CC(C)(C1=CC=C(OC2=CC=C(C=C2)S(=O)(=O)C2=CC=C(O*)C=C2)C=C1)C1=CC(*)=CC=C1,-1.1797985405143598,msa,train
CC(C)(C1=CC=C(OC2=CC=C(N*)C=C2)C=C1)C1=CC=C(OC2=CC=C(NC(=O)C3=CC4C(C=C3)C(C)(CC4(C)C)C3=CC=C(C=C3)C(*)=O)C=C2)C=C1,-0.5086383061657274,msa,train
CC(C)(C1=CC=C(OC2=CC=C3C(=O)N(*)C(=O)C3=C2)C=C1)C1=CC=C(OC2=CC=C3C(=O)N(C(=O)C3=C2)C2=CC=C(C=C2)C2=CC(=C(OC3=CC=C(C=C3)C3(N(C(=O)C4=C3C=CC=C4)C3=CC=CC=C3)C3=CC=C(OC4=CC=C(C=C4C(F)(F)F)C4=CC=C(*)C=C4)C=C3)C=C2)C(F)(F)F)C=C1,-0.0222763947111522,msa,train
CC(C)C(*)=C(C)*,3.096910013008056,msa,train
CC(C)C12C3=C(C=CC=C3)C(C(C)C)(C3=C1C=C(*)C(*)=C3)C1=C2C=C2OC3=C(OC2=C1)C=C1C(=O)N(C(=O)C1=C3)C1=C(C)C(C)=C(N2C(=O)C3=C(C=C(O*)C(O*)=C3)C2=O)C(C)=C1C,1.9416108021536336,msa,train
CC(C)C12C3=C(C=CC=C3)C(C(C)C)(C3=C1C=C(*)C(*)=C3)C1=C2C=C2OC3=C(OC2=C1)C=C1N=C(*)C(*)=NC1=C3,0.8506462351830666,msa,train
CC(C)C12C3=C(C=CC=C3)C(C(C)C)(C3=C1C=C1N(*)CN(C*)C1=C3)C1=C2C=C(*)C(*)=C1,2.274734984872738,msa,test
CC(C)C12C3=C(C=CC=C3)C(C(C)C)(C3=C1C=C1OC4=C(OC1=C3)C=C1C(=O)N(*)C(=O)C1=C4)C1=C2C=C2OC3=C(OC2=C1)C=C1C(=O)N(C(=O)C1=C3)C1=C(C)C2=C(C=C1C)C1C3=C(C=CC=C3)C2C2=C1C=C(C)C(*)=C2C,2.48572142648158,msa,train
CC(C)C12C3=CC4=C(C=C3C(C(C)C)(C3=C1C=CC=C3)C1=C2C=C2C(=O)N(C(=O)C2=C1)C1=C2C=CC=CC2=C(C=C1C)C1=CC(C)=C(*)C2=C1C=CC=C2)C(=O)N(*)C4=O,2.161368002234975,msa,train
CC(C)C1=C(O*)C=CC(=C1)C(C1C=CC=CC1C(O)=O)C1=CC(C(C)C)=C(OC2=CC=C(C=C2)C(=O)C2=CC=C(*)C=C2)C=C1,0.0718820073061253,msa,train
CC(C)C1=CC(=C(C)C=C1O*)C1(OC(=O)C2=C1C=CC=C2)C1=CC(C(C)C)=C(OC2=CC=C(C=C2)S(=O)(=O)C2=CC=C(*)C=C2)C=C1C,-0.1555228242543186,msa,test
CC(C)C1=CC(=C(C)C=C1O*)C1(OC(=O)C2C=CC=CC12)C1=C(C)C=C(OC2=CC=C(C=C2)C(=O)C2=CC=C(*)C=C2)C(=C1)C(C)C,-0.0301183562535,msa,train
CC(C)C1=CC(C(C2=CC(C(C)C)=C(OC3=CC=C(C=C3)S(=O)(=O)C3=CC=C(*)C=C3)C=C2C)C2=C(C=CC=C2)C(O)=O)=C(C)C=C1O*,-0.1209041204999272,msa,train
CC(C)C1=CC(CC2=CC(C(C)C)=C(NC(=O)C3=CC=C(OC4=C(C=C(OC5=CC=C(C=C5)C(*)=O)C(=C4)C(C)(C)C)C(C)(C)C)C=C3)C(C)=C2)=CC(C)=C1N*,0.0718820073061253,msa,train
CC(C)C1=CC=C(C=C1)C(*)=C(*)C1=CC=CC=C1,2.1760912590556813,msa,train
CC(C)CC(*)=C(C)*,1.9684829485539352,msa,train
CC(C)CC(C)OC(=O)C(*)C(*)C(=O)OC(C)(C)C,1.2041199826559248,msa,train
CC(C)CC(C)OC(=O)C(*)C(*)C(=O)OC(C)C,1.146128035678238,msa,train
CC(C)CCC(*)=C(C)*,1.7075701760979365,msa,train
CC(C)COP(*)(OCC(C)C)=N*,1.5010592622177514,msa,test
CC(C)OC(=O)C(*)C(*)C(=O)OC(C)(C)C,0.9542425094393248,msa,train
CC(C)OC(=O)C(*)C(*)C(=O)OC1CCCCC1,0.4771212547196624,msa,train
CC(C)O[Si](C)(C)C(C*)=CC*,0.1760912590556812,msa,train
CC(C)O[Si](C)(OC(C)C)C(C*)=CC*,1.404833716619938,msa,train
CC(C)O[Si](OC(C)C)(OC(C)C)C(C*)=CC*,2.037426497940624,msa,train
CC(C)[Si](C(C)C)(C(C)C)C1=CC=C(C=C1)C(*)=C(*)C1=CC=CC=C1,2.1156105116742996,msa,test
CC(C)[Si](C)(C)C(\*)=C(\C)*,2.230448921378274,msa,train
CC(C*)C(=O)OC(C)C(*)=O,-1.3979400086720375,msa,train
CC(C*)C(=O)OCCOC(=O)C(C)C*,0.2041199826559248,msa,train
CC(C*)O*,1.0413926851582251,msa,test
CC(C1=CC=CC=C1)(C1=CC=C(*)C=C1)C1=CC=C(OC2=CC=C(C=C2)S(=O)(=O)C2=CC=C(O*)C=C2)C=C1,-0.5559552040819237,msa,train
CC(C1=CC=CC=C1)(C1=CC=C(O*)C=C1)C1=CC=C(OC(=O)C2=CC=CC(=C2)C(*)=O)C=C1,-0.2676062401770315,msa,train
CC(C1=CC=CC=C1)(C1=CC=C(O*)C=C1)C1=CC=C(OC2=CC=C(C=C2)S(=O)(=O)C2=CC=C(*)C=C2)C=C1,-0.5559552040819237,msa,train
CC(C1=CC=CC=C1)(C1=CC=CC=C1)C1=CC=C(OC(=O)O*)C=C1,-0.4424927980943421,msa,train
CC(CCNC(=O)C1=CC=C(C=C1)C(*)=O)CC(C)(C)CN*,-1.7958800173440752,msa,train
CC1(C)C2=CC(=CC=C2C2=C1C=C(Br)C=C2)C(*)=C(*)C1=CC=CC=C1,3.041392685158225,msa,test
CC1(C)C2=CC(=CC=C2C2=C1C=C(C=C2)[Si](C)(C)C)C(*)=C(*)C1=CC=CC=C1,3.5314789170422554,msa,train
CC1(C)C2=CC(=CC=C2C2=C1C=CC=C2)C(*)=C(*)C1=CC=C(C=C1)[Si](C)(C)C,2.278753600952829,msa,train
CC1(C)C2=CC(=CC=C2C2=C1C=CC=C2)C(*)=C(*)C1=CC=CC=C1,3.5185139398778875,msa,train
CC1(C)C2=CC=C(C=C2C(C)(C)C1(C)C)C(*)=C(*)C1=CC=CC=C1,4.008600171761918,msa,train
CC1(C)CC(C)(C)C2=CC(=CC=C12)C(*)=C(*)C1=CC(F)=C(F)C=C1,4.220108088040055,msa,test
CC1(C)CC(C)(C)C2=CC(=CC=C12)C(*)=C(*)C1=CC(F)=CC(F)=C1,4.117271295655764,msa,test
CC1(C)CC(C)(C)C2=CC(=CC=C12)C(*)=C(*)C1=CC(F)=CC=C1,4.079181246047625,msa,train
CC1(C)CC(C)(C)C2=CC(=CC=C12)C(*)=C(*)C1=CC=C(Br)C=C1,3.963787827345555,msa,train
CC1(C)CC(C)(C)C2=CC(=CC=C12)C(*)=C(*)C1=CC=C(Cl)C=C1,3.963787827345555,msa,train
CC1(C)CC(C)(C)C2=CC(=CC=C12)C(*)=C(*)C1=CC=C(F)C=C1,4.193124598354462,msa,train
CC1(C)CC(C)(C)C2=CC(=CC=C12)C(*)=C(*)C1=CC=CC=C1,4.064457989226918,msa,train
CC1(C)CC(C)(C2=C1C=C(*)C(*)=C2)C1=CC=C(C=C1)N1C(=O)C2=CC=C(C=C2C1=O)C(=O)C1=CC2C(C=C1)C(=O)N(*)C2=O,-0.5686362358410126,msa,train
CC1(C)CC(C)(C2=C1C=C(Br)C(*)=C2)C1=CC=C(C=C1)N1C(=O)C2=CC=C(C=C2C1=O)C(=O)C1=CC2C(C=C1)C(=O)N(*)C2=O,-0.2596373105057561,msa,train
CC1(C)CC(C)(C2=C1C=CC(OC1=CC=C(C=C1C(F)(F)F)C1=CC=C(*)C=C1)=C2)C1=CC=C(OC2=CC=C(C=C2C(F)(F)F)C2=CC=C(C=C2)N2C(=O)C3=C(C=C(C=C3)C(=O)C3=CC4=C(C=C3)C(O)N(*)C4O)C2=O)C=C1,0.1205739312058498,msa,train
CC1(C)CC(C)(C2=C1C=CC(OC1=CC=C(C=C1C(F)(F)F)C1=CC=C(*)C=C1)=C2)C1=CC=C(OC2=CC=C(C=C2C(F)(F)F)C2=CC=C(C=C2)N2C(=O)C3=C(C=C(C=C3)C(C3=CC4=C(C=C3)C(O)N(*)C4O)(C(F)(F)F)C(F)(F)F)C2=O)C=C1,0.3873898263387294,msa,train
CC1(C)CC(C)(C2=C1C=CC(OC1=CC=C(C=C1C(F)(F)F)C1=CC=C(*)C=C1)=C2)C1=CC=C(OC2=CC=C(C=C2C(F)(F)F)C2=CC=C(C=C2)N2C(=O)C3=C(C=C(OC4=CC5=C(C=C4)C(O)N(*)C5O)C=C3)C2=O)C=C1,0.1522883443830564,msa,train
CC1(C)CC(C)(C2=C1C=CC(OC1=CC=C(C=C1C(F)(F)F)C1=CC=C(*)C=C1)=C2)C1=CC=C(OC2=CC=C(C=C2C(F)(F)F)C2=CC=C(C=C2)N2C(=O)C3=C(C=C4C(=O)N(*)C(=O)C4=C3)C2=O)C=C1,0.3729120029701065,msa,train
CC1(C)CC(C)(C2=CC=C(C=C12)C(=O)C1=CC=C(OC2=CC=C(C=C2)N2C(=C)C3=CC=C(C=C3C2=C)C(=O)C2=CC3C(C=C2)C(=O)N(C3=O)C2=CC=C(O*)C=C2)C=C1)C1=CC=C(C=C1)C(=O)C1=CC=C(*)C=C1,-0.7958800173440752,msa,train
CC1(C)CC(C)(C2=CC=C(C=C12)C(=O)C1=CC=C(OC2=CC=C(C=C2)N2C(=C)C3=CC=C(C=C3C2=C)C(C2=CC3C(C=C2)C(=O)N(C3=O)C2=CC=C(O*)C=C2)(C(F)(F)F)C(F)(F)F)C=C1)C1=CC=C(C=C1)C(=O)C1=CC=C(*)C=C1,-0.494850021680094,msa,train
CC1(C)CC(C)(C2=CC=C(C=C12)C(=O)C1=CC=C(OC2=CC=C(C=C2)N2C(=C)C3=CC=C(C=C3C2=C)C2(CCCCC2)C2=CC3C(C=C2)C(=O)N(C3=O)C2=CC=C(O*)C=C2)C=C1)C1=CC=C(C=C1)C(=O)C1=CC=C(*)C=C1,-0.5376020021010439,msa,train
CC1(C)CC(C)(C2=CC=C(C=C12)C(=O)C1=CC=C(OC2=CC=C(C=C2)N2C(=C)C3=CC=C(C=C3C2=C)C2=CC3C(C=C2)C(=O)N(C3=O)C2=CC=C(O*)C=C2)C=C1)C1=CC=C(C=C1)C(=O)C1=CC=C(*)C=C1,-0.3767507096020995,msa,test
CC1(C)CC(C)(C2=CC=C(C=C12)C(=O)C1=CC=C(OC2=CC=C(C=C2)N2C(=C)C3=CC=C(C=C3C2=C)S(=O)(=O)C2=CC3C(C=C2)C(=O)N(C3=O)C2=CC=C(O*)C=C2)C=C1)C1=CC=C(C=C1)C(=O)C1=CC=C(*)C=C1,-0.6382721639824072,msa,train
CC1(C)CC(C)(C2=CC=C(C=C12)C(=O)C1=CC=C(OC2=CC=C(C=C2)N2C(=C)C3=CC=C(OC4=CC5C(C=C4)C(=O)N(C5=O)C4=CC=C(O*)C=C4)C=C3C2=C)C=C1)C1=CC=C(C=C1)C(=O)C1=CC=C(*)C=C1,-0.6777807052660807,msa,train
CC1(C)CC(C)(C2=CC=C(C=C12)C(=O)C1=CC=C(OC2=CC=C(C=C2)N2C(=C)C3=CC=C(SC4=CC5C(C=C4)C(=O)N(C5=O)C4=CC=C(O*)C=C4)C=C3C2=C)C=C1)C1=CC=C(C=C1)C(=O)C1=CC=C(*)C=C1,-0.6989700043360187,msa,train
CC1(C)CC(C)(C2C=C(*)C=CC12)C1=CC=C(C=C1)C1=NN=C(*)O1,0.5185139398778875,msa,test
CC1(C)CC(C)(C2C=CC(=CC12)C(=O)NC1=C2C=CC=C(N*)C2=CC=C1)C1=CC=C(C=C1)C(*)=O,-0.9208187539523752,msa,train
CC1(C)CC(C)(C2C=CC(=CC12)C(=O)NC1=CC=C(C2=C(C=C(N*)C=C2)C(F)(F)F)C(=C1)C(F)(F)F)C1=CC=C(C=C1)C(*)=O,0.1139433523068367,msa,train
CC1(C)CC(C)(C2C=CC(=CC12)C(=O)NC1=CC=C(N*)C=C1)C1=CC=C(C=C1)C(*)=O,-0.6020599913279624,msa,train
CC1(C)CC(C)(C2C=CC(=CC12)C(=O)NC1=CC=C(OC2=CC=C(N*)C=C2)C=C1)C1=CC=C(C=C1)C(*)=O,-0.619788758288394,msa,train
CC1(C)CC(C)(C2C=CC(=CC12)C(=O)NC1=CC=CC(=C1)C(C1=CC=CC(N*)=C1)(C(F)(F)F)C(F)(F)F)C1=CC=C(C=C1)C(*)=O,0.1335389083702175,msa,train
CC1(C)CC(C)(C2C=CC(=CC12)C(=O)NC1=CC=CC(=C1)S(=O)(=O)C1=CC=CC(N*)=C1)C1=CC=C(C=C1)C(*)=O,-1.2218487496163564,msa,train
CC1(C)CC(C)(C2C=CC(=CC12)C(=O)NC1=CC=CC(N*)=C1)C1=CC=C(C=C1)C(*)=O,-0.8239087409443188,msa,test
CC1(C)CC2(CC(C)(C)C3=C(O2)C=C2OC4=C(OC2=C3)C(C#N)=C(*)C(*)=C4C#N)OC2=C1C=C(O*)C(O*)=C2,1.7888751157754168,msa,train
CC1(C)CC2(CC(C)(C)C3=C2C=C(O)C(=C3)N2C(=O)C3C(C2=O)C2(Br)C4C(C(=O)N(*)C4=O)C3(Br)C(Br)=C2Br)C2=C1C=C(*)C(O)=C2,0.724275869600789,msa,train
CC1(C)CC2(CC(C)(C)C3=C2C=C(O)C(=C3)N2C(=O)C3C=CC(=CC3C2=O)C(C2=CC=C3C(=O)N(*)C(=O)C3=C2)(C(F)(F)F)C(F)(F)F)C2=C1C=C(*)C(O)=C2,0.7403626894942439,msa,train
CC1(C)CC2(CC(C)(C)C3=C2C=C(O*)C=C3)C2C=C(OC3=CC=C4C(=O)N(C(=O)C4=C3)C3=CC=CC(=C3)N3C(=O)C4=C(C=C(*)C=C4)C3=O)C=CC12,-0.7055337738384071,msa,train
CC1(C)CC2(CC(C)(C)C3=C2C=C(OC(=O)C2=CC=C(C=C2)C(*)=O)C=C3)C2=C1C=CC(O*)=C2,0.4742162640762553,msa,train
CC1(C)CC2(CC(C)(C)C3=C2C=C(OC(=O)C2=CC=CC(=C2)C(*)=O)C=C3)C2=C1C=CC(O*)=C2,0.0,msa,train
CC1(C)CC2(CC(C)(C)C3=C2C=C(OC2=C(C=C(C=C2)C2=CC=C(C=C2)N2C(=O)C4=C(C=C(C=C4)C(C4=CC=C5C(=O)N(*)C(=O)C5=C4)(C(F)(F)F)C(F)(F)F)C2=O)C(F)(F)F)C=C3)C2=C1C=CC(OC1=CC=C(C=C1C(F)(F)F)C1=CC=C(*)C=C1)=C2,0.5250448070368452,msa,train
CC1(C)CC2(CC(C)(C)C3=C2C=C(OC2=C(C=C(C=C2)C2=CC=C(C=C2)N2C(=O)C4=C(C=C(OC5=CC=C6C(=O)N(*)C(=O)C6=C5)C=C4)C2=O)C(F)(F)F)C=C3)C2=C1C=CC(OC1=CC=C(C=C1C(F)(F)F)C1=CC=C(*)C=C1)=C2,0.0492180226701816,msa,train
CC1(C)CC2(CC(C)(C)C3=C2C=C(OC2=CC4=C(C=C2)C(=O)N(C4=O)C2=CC=CC(=C2)N2C(=O)C4=C(C=C(*)C=C4)C2=O)C=C3)C2=C1C=CC(O*)=C2,-0.6925039620867871,msa,train
CC1(C)CC2(CC(C)(C)C3=C2C=C2C(=O)N(C(=O)C2=C3)C2=CC3=C(C=C2)C(C)(C)CC32CC(C)(C)C3=C2C=C(*)C=C3)C2=CC3=C(C=C12)C(=O)N(*)C3=O,1.8129133566428557,msa,test
CC1(C)CC2(CC(C)(C)C3=C2C=C2N=C4C=C(*)C(*)=CC4=NC2=C3)C2=CC3=C(C=C12)N=C1C=C2OC4=CC5=C(C=C4OC2=CC1=N3)C1(CC(C)(C)C2=C1C=C(O*)C(O*)=C2)CC5(C)C,1.6232492903979006,msa,train
CC1(C)CC2(CC(C)(C)C3=C2C=C2OC4=C(OC2=C3)C(=C(*)C(*)=C4S(=O)(=O)C2=CC=CC=C2)C(F)(F)F)C2=CC(O*)=C(O*)C=C12,2.0663259253620376,msa,train
CC1(C)CC2(CC(C)(C)C3=C2C=C2OC4=C(OC2=C3)C(C#N)=C(*)C(*)=C4C#N)C2=C1C=C(O*)C(O*)=C2,2.401400540781544,msa,train
CC1(C)CC2(CC(C)(C)C3=C2C=C2OC4=C(OC2=C3)C(C#N)=C(*)C(*)=C4C#N)C2=CC(O*)=C(O*)C=C12,2.414973347970818,msa,test
CC1(C)CC2(CC(C)(C)C3=C2C=C2OC4=C(OC2=C3)C(C(O)=O)=C(*)C(*)=C4C#N)C2=CC(O*)=C(O*)C=C12,2.2095150145426308,msa,train
CC1(C)CC2(CC(C)(C)C3=C2C=C2OC4=C(OC2=C3)C(CN)=C(*)C(*)=C4CN)C2=C1C=C(O*)C(O*)=C2,2.24551266781415,msa,train
CC1(C)CC2(CC(C)(C)C3=C2C=C2OC4=C(OC2=C3)C=C2C(=O)N(C(=O)C2=C4)C(N2C(=O)C3=C(C=C(*)C(*)=C3)C2=O)(C(F)(F)F)C(F)(F)F)C2=C1C=C(O*)C(O*)=C2,2.204119982655925,msa,test
CC1(C)CC2(CC(C)(C)C3=C2C=C2OC4=C(OC2=C3)C=C2C(=O)N(C(=O)C2=C4)C2=CC(=C(C=C2)C2=CC=C(*)C=C2C(F)(F)F)C(F)(F)F)C2=C1C=C1OC3=C(OC1=C2)C=C1C(=O)N(*)C(=O)C1=C3,1.2041199826559248,msa,train
CC1(C)CC2(CC(C)(C)C3=C2C=C2OC4=C(OC2=C3)C=C2C(=O)N(C(=O)C2=C4)C2=CC(=C(C=C2)C2=CC=C(*)C=C2C(F)(F)F)C(F)(F)F)C2=CC3=C(OC4=CC5=C(C=C4O3)C(=O)N(*)C5=O)C=C12,1.2041199826559248,msa,train
CC1(C)CC2(CC(C)(C)C3=C2C=C2OC4=C(OC2=C3)C=C2C(=O)N(C(=O)C2=C4)C2=CC=C(C=C2)C(C2=CC=C(*)C=C2)(C(F)(F)F)C(F)(F)F)C2=CC3=C(OC4=CC5=C(C=C4O3)C(=O)N(*)C5=O)C=C12,1.3617278360175928,msa,train
CC1(C)CC2(CC(C)(C)C3=C2C=C2OC4=C(OC2=C3)C=C2C(=O)N(C(=O)C2=C4)C2=CC=CC3=C2C=CC=C3*)C2=C1C=C1OC3=C(OC1=C2)C=C1C(=O)N(*)C(=O)C1=C3,1.2787536009528289,msa,train
CC1(C)CC2(CC(C)(C)C3=C2C=C2OC4=C(OC2=C3)C=C2C(=O)N(C(=O)C2=C4)C2=CC=CC3=C2C=CC=C3*)C2=CC3=C(OC4=CC5=C(C=C4O3)C(=O)N(*)C5=O)C=C12,1.2787536009528289,msa,test
CC1(C)CC2(CC(C)(C)C3=CC4=NC5=C(C=C(*)C(*)=C5)N=C4C=C23)C2C=C3N=C4C=C5OC6=C(OC5=CC4=NC3=CC12)C=C1C(=C6)C2(CC1(C)C)CC(C)(C)C1=C2C=C(O*)C(O*)=C1,1.6232492903979006,msa,train
CC1(C)CC2(CC(C)(C)C3=CC4=NC5=C(C=C6OC7=C(OC6=C5)C=CC(=C7)C5(C6C=CC=CC6C6C=CC=CC56)C5=CC=C(O*)C(O*)=C5)N=C4C=C23)C2=CC3=NC4=C(C=C(*)C(*)=C4)N=C3C=C12,1.1139433523068367,msa,train
CC1(C)CC2(CC(C)(C)C3=CC=C(OC(=O)O*)C=C23)C2C=C(*)C=CC12,0.1376705372367551,msa,train
CC1(C)CCC(C)(C)C2=CC(=CC=C12)C(*)=C(*)C1=CC=CC=C1,3.4313637641589874,msa,train
CC12C3=CC4=C(C=C3C(C)(C3=C1C=CC=C3)C1=C2C=C2C(=O)N(C(=O)C2=C1)C1=C(O)C=CC(=C1)C(C1=CC=C(O)C(*)=C1)(C(F)(F)F)C(F)(F)F)C(=O)N(*)C4=O,0.0791812460476248,msa,train
CC12CCC(C)(C3=C1C=C1N(*)CN(C*)C1=C3)C1=C2C=C(*)C(*)=C1,2.270911639410481,msa,train
CC1=C(*)C(*)=CC(=C1)C1(C2CC3CC(C2)CC1C3)C1=CC2=C(C=C1)N(C*)CN(*)C2,1.5185139398778875,msa,train
CC1=C(*)C(C)=C(C(O)=O)C(C)=C1N1C(=O)C2=C(C=C(C=C2)C(C2=CC3=C(C=C2)C(=O)N(*)C3=O)(C(F)(F)F)C(F)(F)F)C1=O,0.7419390777291989,msa,train
CC1=C(*)C(C)=C(N2C(=O)C3=CC=C(C=C3C2=O)C(C2=CC3=C(C=C2)C(=O)N(*)C3=O)(C(F)(F)F)C(F)(F)F)C2=C1CCC2(C)C,1.7678976160180906,msa,test
CC1=C(*)C(C)=C(N2C(=O)C3=CC=C(C=C3C2=O)C2=CC3=C(C=C2)C(=O)N(*)C3=O)C2=C1CCC2(C)C,1.3424226808222062,msa,train
CC1=C(*)C(C)=C(N2C(=O)C3=CC=C(OC4=CC5=C(C=C4)C(=O)N(*)C5=O)C=C3C2=O)C2=C1CCC2(C)C,1.0128372247051722,msa,train
CC1=C(*)C=C(C=C1)C(C1=CC(N2C(=O)C3=CC4=C(OC5=CC6=C(C=C5O4)C(C)(C)CC64CC(C)(C)C5=C4C=C4OC6=C(OC4=C5)C=C4C(=O)N(*)C(=O)C4=C6)C=C3C2=O)=C(C)C=C1)(C(F)(F)F)C(F)(F)F,0.9542425094393248,msa,test
CC1=C(*)C=C(C=C1)C(C1=CC(N2C(=O)C3=CC4=C(OC5=CC6=C(C=C5O4)C(C)(C)CC64CC(C)(C)C5=CC6=C(OC7=CC8=C(C=C7O6)C(=O)N(*)C8=O)C=C45)C=C3C2=O)=C(C)C=C1)(C(F)(F)F)C(F)(F)F,0.9542425094393248,msa,train
CC1=C(*)C=CC2=C1N1CN(C2)C2=C(C)C(=CC=C2C1)N1C(=O)C2=C(C=C(C=C2)C(C2=CC3=C(C=C2)C(=O)N(*)C3=O)(C(F)(F)F)C(F)(F)F)C1=O,1.0,msa,train
CC1=C(C)C(N2C(=O)C3=C(C=C(*)C(*)=C3)C2=O)=C(C)C(C)=C1N1C(=O)C2=CC3=C(OC4=CC5=C(C=C4O3)C(C)(C)CC53CC(C)(C)C4=C3C=C(O*)C(O*)=C4)C=C2C1=O,1.3617278360175928,msa,test
CC1=C(C)C(N2C(=O)C3=C(C=C(C=C3)C(=O)C3=CC=C4C(=O)N(*)C(=O)C4=C3)C2=O)=C(C)C(C)=C1*,0.4199557484897578,msa,train
CC1=C(C)C(N2C(=O)C3=C(C=C(C=C3)C(C3=CC=C4C(=O)N(*)C(=O)C4=C3)(C(F)(F)F)C(F)(F)F)C2=O)=C(C)C(C)=C1*,1.3010299956639813,msa,train
CC1=C(C)C(N2C(=O)C3=C(C=C(OC4=C(OC5=CC=C6C(=O)N(*)C(=O)C6=C5)C=CC(=C4)C(C)(C)C)C=C3)C2=O)=C(C)C(*)=C1,0.3424226808222063,msa,test
CC1=C(C)C(N2C(=O)C3=C(C=C(OC4=C(OC5=CC=C6C(=O)N(*)C(=O)C6=C5)C=CC(=C4)C(C)(C)C)C=C3)C2=O)=C(C)C(C)=C1*,0.4065401804339551,msa,train
CC1=C(C)C(N2C(=O)C3=C(C=C(OC4=CC(C)=C(OC5=CC=C6C(=O)N(*)C(=O)C6=C5)C(C)=C4C)C=C3)C2=O)=C(C)C(*)=C1,0.5797835966168101,msa,train
CC1=C(C)C(N2C(=O)C3=CC4=C(C=C3C2=O)C2(CC(C)(C)C3=CC5=C(C=C23)C(=O)N(*)C5=O)CC4(C)C)=C(C)C(C)=C1*,2.4099331233312946,msa,test
CC1=C(C)C(N2C(=O)C3=CC4=C(OC5=CC6=C(C=C5O4)C(C)(C)CC64CC(C)(C)C5=CC6=C(OC7=CC8=C(C=C7O6)C(=O)N(*)C8=O)C=C45)C=C3C2=O)=C(C)C(C)=C1*,1.6720978579357175,msa,test
CC1=C(C)C(N2C(=O)C3=CC=C(C=C3C2=O)C(C2=CC3=C(C=C2)C(=O)N(*)C3=O)(C(F)(F)F)C(F)(F)F)=C(C)C(C)=C1*,1.7442929831226763,msa,train
CC1=C(C)C(N2C(=O)C3=CC=C(C=C3C2=O)C(C2=CC3C(C=C2)C(=O)N(*)C3=O)(C(F)(F)F)C(F)(F)F)=C(C)C(C)=C1*,1.5384480517102173,msa,test
CC1=C(C=C(*)C=C1)N1C(=O)C2=CC=C(C=C2C1=O)C(C1=CC2C(C=C1)C(=O)N(*)C2=O)(C(F)(F)F)C(F)(F)F,0.1172712956557642,msa,train
CC1=C(C=CC=C1*)N1C(=O)C2=CC=C(C=C2C1=O)C(C1=CC2=C(C=C1)C(=O)N(*)C2=O)(C(F)(F)F)C(F)(F)F,0.2764618041732441,msa,train
CC1=C(C=CC=C1*)N1C(=O)C2=CC=C(C=C2C1=O)C(C1=CC2C(C=C1)C(=O)N(*)C2=O)(C(F)(F)F)C(F)(F)F,0.3502480183341628,msa,train
CC1=C(O*)C(Br)=CC(=C1)C(C)(C)C1=CC(C)=C(OC(=O)C2=CC(=CC(=C2)C(*)=O)C(C)(C)C)C(Br)=C1,0.0253058652647702,msa,train
CC1=C(O*)C(Br)=CC(=C1)C1(C2C=CC=CC2C2C=CC=CC12)C1=CC(C)=C(OC(=O)C2=CC(=CC(=C2)C(*)=O)C(C)(C)C)C(Br)=C1,0.4440447959180762,msa,train
CC1=C(O*)C(C)=C(C(*)=C1)[N+]([O-])=O,0.380211241711606,msa,test
CC1=C(O*)C=CC(=C1)C(C)(C)C1=CC(C)=C(OC2=CC=C(C=C2)S(=O)(=O)C2=CC=C(*)C=C2)C=C1,-1.0409586076789064,msa,train
CC1=C(OC2=CC=C3C(=O)N(*)C(=O)C3=C2)C(C)=C(C)C(OC2=CC3=C(C=C2)C(=O)N(C3=O)C2=C(C)C(C)=C(*)C(C)=C2C)=C1,0.9084850188786496,msa,test
CC1=C(OC2=CC=C3C(=O)N(*)C(=O)C3=C2)C(C)=C(C)C(OC2=CC3=C(C=C2)C(=O)N(C3=O)C2=CC=C(C=C2)C(C2=CC=C(*)C=C2)(C(F)(F)F)C(F)(F)F)=C1,0.2787536009528289,msa,train
CC1=C2C(=CC(*)=C1)S(=O)(=O)C1=CC(=CC(C)=C21)N1C(=O)C2=CC=C(C=C2C1=O)C1=CC=C2C(=O)N(*)C(=O)C2=C1,-0.3018994543766101,msa,train
CC1=CC(*)=C(C(=O)C2=CC=C(Br)C=C2)C(C)=C1O*,0.3283796034387377,msa,train
CC1=CC(*)=C(C(=O)C2=CC=C(C=C2)[N+]([O-])=O)C(C)=C1O*,0.1038037209559568,msa,train
CC1=CC(*)=C(C(=O)C2=CC=C(Cl)C=C2)C(C)=C1O*,0.255272505103306,msa,test
CC1=CC(*)=C(C(=O)C2=CC=CC=C2)C(C)=C1O*,0.2013971243204514,msa,train
CC1=CC(*)=C(C)C=C1N1C(=O)C2=CC=C(C=C2C1=O)C(C1=CC2C(C=C1)C(=O)N(*)C2=O)(C(F)(F)F)C(F)(F)F,0.4265112613645752,msa,train
CC1=CC(*)=CC(C)=C1N1C(=O)C2=CC=C(C=C2C1=O)C(C1=CC2=C(C=C1)C(=O)N(*)C2=O)(C(F)(F)F)C(F)(F)F,-0.3018994543766101,msa,train
CC1=CC(*)=CC(C)=C1O*,0.5440680443502757,msa,train
CC1=CC(*)=CC=C1OC1=C(C2=C(C=CC=C2)C=C1)C1=C(OC2=C(C)C=C(C=C2)N2C(=O)C3=C(C=C(C=C3)C(C3=CC4=C(C=C3)C(=O)N(*)C4=O)(C(F)(F)F)C(F)(F)F)C2=O)C=CC2=C1C=CC=C2,-0.2757241303992109,msa,test
CC1=CC(=C(C)C(C)=C1*)C1=C(C)C(C)=C(OC2=CC=C(C=C2)S(=O)(=O)C2=CC=C(O*)C=C2)C(C)=C1,0.0791812460476248,msa,train
CC1=CC(=C(C)C(C)=C1OC1=CC=C(C=C1)S(=O)(=O)C1=CC=C(*)C=C1)C1=CC(C)=C(O*)C(C)=C1C,0.0791812460476248,msa,train
CC1=CC(=C(C)C=C1C1=C(C)C(*)=CC=C1)C1=C(C)C(*)=CC=C1,0.8633228601204559,msa,train
CC1=CC(=C(C)C=C1C1=C(C)C=C(*)C=C1)C1=C(C)C=C(*)C=C1,0.1461280356782379,msa,train
CC1=CC(=C(C)C=C1C1=C(C)C=CC(*)=C1)C1=C(C)C=CC(*)=C1,0.380211241711606,msa,train
CC1=CC(=C(C)C=C1C1=CC(C)=C(*)C=C1)C1=CC(C)=C(*)C=C1,0.2041199826559248,msa,train
CC1=CC(=C(C)C=C1O*)C1(OC(=O)C2=C1C=CC=C2)C1=CC(C)=C(OC2=CC=C(C=C2)S(=O)(=O)C2=CC=C(*)C=C2)C=C1C,-0.6777807052660807,msa,train
CC1=CC(=C(C)C=C1O*)C1(OC(=O)C2C=CC=CC12)C1=C(C)C=C(OC2=CC=C(C=C2)C(=O)C2=CC=C(*)C=C2)C(C)=C1,-0.721246399047171,msa,train
CC1=CC(=C2C=CC=CC2=C1*)C1=C2C=CC=CC2=C(N2C(=O)C3=C(C=C4C(=C3)C3(C)CCC4(C)C4=C3C=C3C(=O)N(*)C(=O)C3=C4)C2=O)C(C)=C1,2.2174839442139063,msa,test
CC1=CC(=C2C=CC=CC2=C1*)C1=C2C=CC=CC2=C(N2C(=O)C3=CC4=C(OC5=C(O4)C=C4C(=C5)C5(C)CCC4(C)C4=C5C=C5OC6=C(OC5=C4)C=C4C(=O)N(*)C(=O)C4=C6)C=C3C2=O)C(C)=C1,2.14921911265538,msa,train
CC1=CC(=CC(C)=C1)C1=CC(O*)=CC=C1OC1=CC=C(C=C1)C(=O)C1=CC=C(*)C=C1,-1.275724130399211,msa,test
CC1=CC(=CC(C)=C1)C1=CC(O*)=CC=C1OC1=CC=CC(*)=C1C#N,-0.7695510786217261,msa,train
CC1=CC(=CC(C)=C1*)C(C)(C)C1=CC(C)=C(OC(=O)O*)C(C)=C1,0.0293837776852096,msa,train
CC1=CC(=CC(C)=C1*)C(C)(C)C1=CC(C)=C(OC2=CC(=C(C=C2)S(=O)(=O)C2=CC=C(O*)C=C2C(O)(C(F)(F)F)C(F)(F)F)C(O)(C(F)(F)F)C(F)(F)F)C(C)=C1,0.1760912590556812,msa,train
CC1=CC(=CC(C)=C1*)C(C)(C)C1=CC(C)=C(OC2=CC=C(C=C2)S(=O)(=O)C2=CC=C(O*)C=C2)C(C)=C1,0.0240749873074262,msa,train
CC1=CC(=CC(C)=C1*)C(C1=CC(C)=C(OC2=CC(=C(C=C2)S(=O)(=O)C2=CC=C(O*)C=C2C(O)(C(F)(F)F)C(F)(F)F)C(O)(C(F)(F)F)C(F)(F)F)C(C)=C1)(C(F)(F)F)C(F)(F)F,0.7723217067229198,msa,train
CC1=CC(=CC(C)=C1*)C(C1=CC(C)=C(OC2=CC=C(C=C2)S(=O)(=O)C2=CC=C(O*)C=C2)C(C)=C1)(C(F)(F)F)C(F)(F)F,0.6020599913279624,msa,train
CC1=CC(=CC(C)=C1*)C1=CC(C)=C(C=C1C)C1=CC(C)=C(*)C(C)=C1,1.2174839442139065,msa,train
CC1=CC(=CC(C)=C1*)C1=CC(C)=C(C=C1C)C1=CC(C)=C(N2C(=O)C3=C(C=C(C=C3)C(C)(C)C3=CC4C(C=C3)C(=O)N(*)C4=O)C2=O)C(C)=C1,1.1271047983648077,msa,train
CC1=CC(=CC(C)=C1*)C1=CC(C)=C(N2C(=O)C3=C(C=C(OC4=CC(=C(OC5=CC=C6C(=O)N(*)C(=O)C6=C5)C=C4C(C)(C)C)C(C)(C)C)C=C3)C2=O)C(C)=C1,0.6901960800285137,msa,train
CC1=CC(=CC(C)=C1*)C1=CC(C)=C(N2C(=O)C3=C(C=C(OC4=CC(C)=C(OC5=CC=C6C(=O)N(*)C(=O)C6=C5)C(C)=C4C)C=C3)C2=O)C(C)=C1,0.0791812460476248,msa,train
CC1=CC(=CC(C)=C1*)C1=CC(C)=C(N2C(=O)C3=CC4=C(C=C3C2=O)S(=O)(=O)C2=CC3=C(C=C2S4(=O)=O)C(=O)N(*)C3=O)C(C)=C1,0.1238516409670858,msa,train
CC1=CC(=CC(C)=C1*)C1=CC(C)=C(N2C(=O)C3=CC=C(C=C3C2=O)C(=O)OC2=CC=C(C=C2)C(C2=CC=C(OC(=O)C3=CC4=C(C=C3)C(=O)N(*)C4=O)C=C2)(C(F)(F)F)C(F)(F)F)C(C)=C1,-0.260427655549908,msa,train
CC1=CC(=CC(C)=C1*)C1=CC(C)=C(OC2=CC=C(C=C2)C(=O)C2=CC=C(O*)C=C2)C(C)=C1,-0.0127807700919951,msa,train
CC1=CC(=CC(C)=C1*)C1=CC(C)=C(OC2=CC=C(C=C2)C(=O)C2=CC=CC=C2C2=C(C=CC=C2)C(=O)C2=CC=C(O*)C=C2)C(C)=C1,-0.5361070110140927,msa,train
CC1=CC(=CC(C)=C1*)C1=CC(C)=C(OC2=CC=C(C=C2)S(=O)(=O)C2=CC=C(O*)C=C2)C(C)=C1,0.082066934285113,msa,test
CC1=CC(=CC(C)=C1N*)C(C)(C)C1=CC(C)=C(NC(=O)C2=CC=C(OC3=C(C=C(OC4=CC=C(C=C4)C(*)=O)C(=C3)C(C)(C)C)C(C)(C)C)C=C2)C(C)=C1,0.2380461031287954,msa,train
CC1=CC(=CC(C)=C1O*)C(C)(C)C1=CC(=CC=C1)C(C)(C)C1=CC(C)=C(OC2=CC=C(C=C2)S(=O)(=O)C2=CC=C(*)C=C2)C(C)=C1,-0.5520671344078197,msa,train
CC1=CC(=CC(C)=C1O*)C(C)(C)C1=CC(C)=C(OC(*)=O)C(C)=C1,0.041392685158225,msa,train
CC1=CC(=CC(C)=C1O*)C(C)(C)C1=CC(C)=C(OC(=O)C2=CC(=CC(=C2)C(*)=O)C(C)(C)C)C(C)=C1,0.414973347970818,msa,train
CC1=CC(=CC(C)=C1O*)C(C)(C)C1=CC(C)=C(OC(=O)C2=CC(=CC=C2)C(=O)O*)C(C)=C1,-0.1674910872937636,msa,train
CC1=CC(=CC(C)=C1O*)C(C)(C)C1=CC(C)=C(OC(=O)C2=CC=C(C=C2)C(=O)O*)C(C)=C1,0.1553360374650617,msa,train
CC1=CC(=CC(C)=C1O*)C(C)(C)C1=CC(C)=C(OC2=CC=C(C=C2)C(=O)C2=CC=C(*)C=C2)C(C)=C1,0.041392685158225,msa,train
CC1=CC(=CC(C)=C1O*)C(C)(C)C1=CC(C)=C(OC2=CC=C(C=C2)S(=O)(=O)C2=CC=C(*)C=C2)C(C)=C1,0.0253058652647702,msa,train
CC1=CC(=CC(C)=C1O*)C(C)(C)C1=CC=C(C=C1)C(C)(C)C1=CC(C)=C(OC2=CC=C(C=C2)S(=O)(=O)C2=CC=C(*)C=C2)C(C)=C1,-0.2437443512457665,msa,train
CC1=CC(=CC(C)=C1O*)C(C1=CC(C)=C(OC(*)=O)C(C)=C1)(C(F)(F)F)C(F)(F)F,0.6766936096248666,msa,train
CC1=CC(=CC(C)=C1O*)C(C1=CC(C)=C(OC2=CC=C(C=C2)S(=O)(=O)C2=CC=C(*)C=C2)C(C)=C1)(C(F)(F)F)C(F)(F)F,0.6020599913279624,msa,train
CC1=CC(=CC(C)=C1O*)C1(C2C=CC=CC2C2C=CC=CC12)C1=CC(C)=C(OC(=O)C2=CC(=CC(=C2)C(*)=O)C(C)(C)C)C(C)=C1,0.7781512503836436,msa,test
CC1=CC(=CC(C)=C1O*)C1=CC(C)=C(OC2=CC=C(C=C2)S(=O)(=O)C2=CC=C(*)C=C2)C(C)=C1,-0.0409586076789063,msa,train
CC1=CC(=CC(OC2=CC3=C(C=C2)C(=O)N(C3=O)C2=C(C)C(C)=C(*)C(C)=C2C)=C1OC1=CC=C2C(=O)N(*)C(=O)C2=C1)C(C)(C)C,0.3979400086720376,msa,train
CC1=CC(=CC=C1)C(=O)OC(*)C*,-1.0579919469776868,msa,train
CC1=CC(=CC=C1)C1=CC(O*)=CC=C1OC1=CC=C(C=C1)C(=O)C1=CC=C(*)C=C1,-1.537602002101044,msa,train
CC1=CC(=CC=C1)C1=CC(O*)=CC=C1OC1=CC=CC(*)=C1C#N,-1.154901959985743,msa,train
CC1=CC(=CC=C1*)C(C)(C)C1=CC(C)=C(OC2=CC=C(C=C2)S(=O)(=O)C2=CC=C(O*)C=C2)C=C1,-1.0390538042661686,msa,train
CC1=CC(=CC=C1*)C1(CCCCC1)C1=CC(C)=C(OC2=CC=C(C=C2)S(=O)(=O)C2=CC=C(O*)C=C2)C=C1,-1.2448877336049289,msa,train
CC1=CC(=CC=C1*)C1=CC=C(N2C(=O)C3=CC=C(C=C3C2=O)[Si](C)(C)C2=CC=C3C(=O)N(*)C(=O)C3=C2)C(C)=C1,-1.0268721464003014,msa,train
CC1=CC(=CC=C1NC(=O)C1=CC=C(OC2=C(C=C(OC3=CC=C(C=C3)C(*)=O)C(=C2)C(C)(C)C)C(C)(C)C)C=C1)C(C)(C)C1=CC(C)=C(N*)C=C1,-0.0915149811213502,msa,train
CC1=CC(=CC=C1O*)C1(OC(=O)C2=C1C=CC=C2)C1=CC(C)=C(OC2=CC=C(C=C2)S(=O)(=O)C2=CC=C(*)C=C2)C=C1,-0.958607314841775,msa,train
CC1=CC(=CC=C1O*)C1(OC(=O)C2C=CC=CC12)C1=CC=C(OC2=CC=C(C=C2)C(=O)C2=CC=C(*)C=C2)C(C)=C1,-1.0096611452123985,msa,test
CC1=CC(=CC=C1OC(=O)C1=CC=C(C=C1)C(=O)O*)C1(OC(=O)C2=C1C=CC=C2)C1=CC(C)=C(O*)C=C1,-0.8239087409443188,msa,train
CC1=CC(C)=C(*)C(C)=C1N1C(=O)C2=CC=C(C=C2C1=O)C(C1=CC2C(C=C1)C(=O)N(*)C2=O)(C(F)(F)F)C(F)(F)F,1.4756711883244296,msa,train
CC1=CC(C)=C(*)C(C)=C1N1C(=O)C2=CC=C(C=C2C1=O)C1=CC2=C(C=C1)C(=O)N(*)C2=O,0.8750612633917001,msa,train
CC1=CC(C)=C(N2C(=O)C3=C(C=C(C=C3)C(=O)C3=CC=C4C(=O)N(*)C(=O)C4=C3)C2=O)C(C)=C1*,0.0,msa,train
CC1=CC(C)=C(N2C(=O)C3=C(C=C(C=C3)C(C3=CC4=C(C=C3)C(=O)N(*)C4=O)(C(F)(F)F)C(F)(F)F)C2=O)C(C)=C1*,1.45408227073109,msa,train
CC1=CC(C)=C(N2C(=O)C3=C(C=C(C=C3)C(C3=CC=C4C(=O)N(*)C(=O)C4=C3)(C(F)(F)F)C(F)(F)F)C2=O)C(C)=C1*,1.3374592612906562,msa,train
CC1=CC(C)=C(N2C(=O)C3=C(C=C(C=C3)S(=O)(=O)C3=CC=C4C(=O)N(*)C(=O)C4=C3)C2=O)C(C)=C1*,0.0086001717619175,msa,test
CC1=CC(C)=C(N2C(=O)C3=C(C=C(OC4=CC=C(OC5=CC=C6C(=O)N(*)C(=O)C6=C5)C=C4)C=C3)C2=O)C(C)=C1*,-0.1354889189416081,msa,train
CC1=CC(C)=C(N2C(=O)C3=C(C=C(SC4=CC=C5C(=O)N(*)C(=O)C5=C4)C=C3)C2=O)C(C)=C1*,0.2095150145426309,msa,train
CC1=CC(C)=C(N2C(=O)C3=C(C=C4C(=O)N(*)C(=O)C4=C3)C2=O)C(C)=C1*,0.926342446625655,msa,train
CC1=CC(C)=C(N2C(=O)C3=CC=C(C=C3C2=O)C(=O)C2=CC3C(C=C2)C(=O)N(*)C3=O)C(C)=C1*,0.1903316981702915,msa,train
CC1=CC(C)=C(N2C(=O)C3=CC=C(C=C3C2=O)C(C2=CC3=C(C=C2)C(=O)N(*)C3=O)(C(F)(F)F)C(F)(F)F)C(C)=C1*,1.4785664955938431,msa,test
CC1=CC(C)=C(N2C(=O)C3=CC=C(C=C3C2=O)C(C2=CC=C3C(=O)N(*)C(=O)C3=C2)(C(F)(F)F)C(F)(F)F)C(C)=C1*,1.230448921378274,msa,train
CC1=CC(C)=C(N2C(=O)C3=CC=C(C=C3C2=O)C2=CC3C(C=C2)C(=O)N(*)C3=O)C(C)=C1*,0.9253120914996495,msa,train
CC1=CC(C*)=CC=C1C*,-1.8041003475907664,msa,test
CC1=CC(C2=CC(C)=C(*)C3=C2C=CC=C3)=C2C=CC=CC2=C1N1C(=O)C2=C(C=C(C=C2)C(C)(C)C2=CC3C(C=C2)C(=O)N(*)C3=O)C1=O,1.569373909615046,msa,train
CC1=CC(C2=CC(C)=C(*)C3=C2C=CC=C3)=C2C=CC=CC2=C1N1C(=O)C2=CC3=C(C=C2C1=O)C1(C)C2=CC4=C(C=C2C3(C)C2=C1C=CC=C2)C(=O)N(*)C4=O,2.198657086954422,msa,test
CC1=CC(C2=CC(C)=C(*)C3=C2C=CC=C3)=C2C=CC=CC2=C1N1C(=O)C2=CC3=C(C=C2C1=O)C1(CC(C)(C)C2=CC4=C(C=C12)C(=O)N(*)C4=O)CC3(C)C,2.3263358609287517,msa,train
CC1=CC(C2=CC(C)=C(*)C3=C2C=CC=C3)=C2C=CC=CC2=C1N1C(=O)C2=CC3=C(OC4=CC5=C(C=C4O3)C(C)(C)CC53CC(C)(C)C4=CC5=C(OC6=CC7=C(C=C6O5)C(=O)N(*)C7=O)C=C34)C=C2C1=O,2.113943352306837,msa,test
CC1=CC(C2=CC(C)=C(N3C(=O)C4=CC5=C(C=C4C3=O)C3(C)CCC5(C)C4=CC5=C(C=C34)C(=O)N(*)C5=O)C3=C2C=CC=C3)=C2C=CC=CC2=C1*,2.3979400086720375,msa,train
CC1=CC(CC2=CC(C)=C(C=C2)N2C(=O)C3=CC=C(C=C3C2=O)C(C2=CC3=C(C=C2)C(=O)N(*)C3=O)(C(F)(F)F)C(F)(F)F)=CC=C1*,-0.3914739664228058,msa,train
CC1=CC(CC2=CC(C)=C(C=C2)N2C(=O)C3=CC=C(C=C3C2=O)C2=CC3=C(C=C2)C(=O)N(*)C3=O)=CC=C1*,-1.316052869248488,msa,train
CC1=CC(CC2=CC(C)=C(N3C(=O)C4=CC5=C(C=C4C3=O)C(=O)N(*)C5=O)C(C)=C2)=CC(C)=C1*,0.850033257689769,msa,train
CC1=CC(CC2=CC(C)=C(N3C(=O)C4=CC=C(C=C4C3=O)C(C3=CC4=C(C=C3)C(=O)N(*)C4=O)(C(F)(F)F)C(F)(F)F)C(C)=C2)=CC(C)=C1*,0.3283796034387377,msa,train
CC1=CC(CC2=CC(C)=C(N3C(=O)C4=CC=C(C=C4C3=O)C3=CC4=C(C=C3)C(=O)N(*)C4=O)C(C)=C2)=CC(C)=C1*,-0.039529222465701,msa,train
CC1=CC(CC2=CC(C)=C(OC3=CC=C(C=C3)S(=O)(=O)C3=CC=C(O*)C=C3)C(C)=C2)=CC(C)=C1*,-0.2139587897574457,msa,train
CC1=CC(OC2=CC3=C(C=C2)C(=O)N(C3=O)C2=C(C)C(*)=CC(C)=C2C)=C(OC2=CC=C3C(=O)N(*)C(=O)C3=C2)C=C1,-0.1870866433571444,msa,test
CC1=CC(OC2=CC3=C(C=C2)C(=O)N(C3=O)C2=C(C)C(C)=C(*)C(C)=C2C)=C(OC2=CC=C3C(=O)N(*)C(=O)C3=C2)C=C1,-0.2291479883578558,msa,train
CC1=CC(OC2=CC=C(C=C2)C2(C3=C(C=CC=C3)C3=C2C=CC=C3)C2=CC=C(OC3=CC=C(N4C(=O)C5=C(C=C(C=C5)C(C5=CC=C6C(=O)N(*)C(=O)C6=C5)(C(F)(F)F)C(F)(F)F)C4=O)C(C)=C3)C=C2)=CC=C1*,-0.1366771398795441,msa,test
CC1=CC(OC2=CC=C(C=C2)C2(OC(=O)C3=CC=CC=C23)C2=CC=C(OC3=CC=C(N4C(=O)C5=C(C=C(C=C5)C(C5=CC6=C(C=C5)C(=O)N(*)C6=O)(C(F)(F)F)C(F)(F)F)C4=O)C(C)=C3)C=C2)=CC=C1*,0.041392685158225,msa,train
CC1=CC2=C(C3C4=C(C=CC=C4)C2C2=C3C(C)=C(N3C(=O)C4=C(C=C(C=C4)C(C4=CC=C5C(=O)N(*)C(=O)C5=C4)(C(F)(F)F)C(F)(F)F)C3=O)C(C)=C2)C(C)=C1*,2.05307844348342,msa,train
CC1=CC2=C(C3C4=C(C=CC=C4)C2C2=C3C(C)=C(N3C(=O)C4=C(C=C5C(=O)N(*)C(=O)C5=C4)C3=O)C(C)=C2)C(C)=C1*,2.255272505103306,msa,train
CC1=CC2=C(C3C4=C(C=CC=C4)C2C2=C3C(C)=C(N3C(=O)C4=CC=C5C(=O)N(*)C(=O)C6=C5C4=C(C=C6)C3=O)C(C)=C2)C(C)=C1*,1.9867717342662448,msa,train
CC1=CC2=C(C3C4=C(C=CC=C4)C2C2=C3C(C)=C(N3C(=O)C4C(C5C=CC4C4C5C(=O)N(*)C4=O)C3=O)C(C)=C2)C(C)=C1*,1.8512583487190752,msa,test
CC1=CC2=C(C=C1*)S(=O)(=O)C1=CC(N3C(=O)C4=CC5=C(C=C4C3=O)S(=O)(=O)C3=CC4=C(C=C3S5(=O)=O)C(=O)N(*)C4=O)=C(C)C=C21,-0.1549019599857432,msa,train
CC1=CC2=C(C=C1*)S(=O)(=O)C1=CC(N3C(=O)C4=CC=C(C=C4C3=O)C(C3=CC4=C(C=C3)C(=O)N(*)C4=O)(C(F)(F)F)C(F)(F)F)=C(C)C=C21,0.5138831856110927,msa,train
CC1=CC2=C(C=C1*)S(=O)(=O)C1=CC(N3C(=O)C4=CC=C(C=C4C3=O)C3=CC4=C(C=C3)C(=O)N(*)C4=O)=C(C)C=C21,-1.1174754620451195,msa,train
CC1=CC2=C(C=C1*)S(=O)(=O)C1=CC(N3C(=O)C4=CC=C(C=C4C3=O)S(=O)(=O)C3=CC4=C(C=C3)C(=O)N(*)C4=O)=C(C)C=C21,-0.431798275933005,msa,train
CC1=CC2=C(C=C1C)C1(C3=C(C=C(C)C(C)=C3)C3=C1C=C1OC4=C(OC1=C3)C(C#N)=C(*)C(*)=C4C#N)C1=C2C=C(O*)C(O*)=C1,2.8182258936139557,msa,test
CC1=CC2=C(C=C1OC1=CC=C(*)C=C1)C(C)(C)CC1(CC(C)(C)C3=CC(OC4=CC=C(*)C=C4)=C(C)C=C3O1)O2,0.1238516409670858,msa,test
CC1=CC2C(C=C1*)S(=O)(=O)C1=C2C=C(C)C(=C1)N1C(=O)C2=CC=C(C=C2C1=O)C(C1=CC2=C(C=C1)C(=O)N(*)C2=O)(C(F)(F)F)C(F)(F)F,0.7109631189952758,msa,train
CC1=CC=C(C)C(OC2=CC=C3C(=O)N(*)C(=O)C3=C2)=C1OC1=CC2=C(C=C1)C(=O)N(C2=O)C1=C(C)C(C)=C(*)C(C)=C1C,0.3117538610557542,msa,train
CC1=CC=C(C=C1)C(*)=C(*)C1=CC=C2C(=C1)C(C)(C)CC2(C)C,3.612783856719735,msa,test
CC1=CC=C(C=C1)C(*)C*,0.1760912590556812,msa,train
CC1=CC=C(C=C1)C(=O)C1=C(*)C=C(C)C(O*)=C1C,0.3838153659804312,msa,train
CC1=CC=C(C=C1)C(=O)OC(*)C*,-0.4698003017969178,msa,test
CC1=CC=C(C=C1)C1=C(C2=CC=C(C)C=C2)C(C2=CC=C3OC4=C(OC3=C2)C(C#N)=C(*)C(*)=C4C#N)=C(C2=CC=C(C)C=C2)C(C2=CC=C(C)C=C2)=C1C1=CC=C(O*)C(O*)=C1,1.7781512503836436,msa,train
CC1=CC=C(C=C1)S(=O)(=O)OCC1CC(CC1C=*)C=*,-1.2218487496163564,msa,train
CC1=CC=C(OC2=CC3=C(C=C2C2=C(OC4=CC=C(C)C=C4)C=C4C(=O)N(C(=O)C4=C2)C2=CC=C(OC4=CC=C(*)C=C4)C=C2)C(=O)N(*)C3=O)C=C1,0.0969100130080564,msa,train
CC1=CC=CC(OC2=CC=C3C(=O)N(*)C(=O)C3=C2)=C1OC1=CC2=C(C=C1)C(=O)N(C2=O)C1=C(C)C(C)=C(*)C(C)=C1C,-0.0809219076239261,msa,train
CC1=CC=CC=C1C(=O)OC(*)C*,-1.0660068361687576,msa,train
CC1CC(*)C(C(C)C1O*)S(O)(=O)=O,-0.7958800173440752,msa,train
CC1CC(C)(C)CC(C1)(C1=CC2C(C=C1)C(=O)N(C2=O)C1=CC=C(O*)C=C1)C1=CC=C2C(=C)N(C(=C)C2=C1)C1=CC=C(OC2=CC=C(C=C2)C(=O)C2=CC=C3C(=C2)C(C)(C)CC3(C)C2=CC=C(C=C2)C(=O)C2=CC=C(*)C=C2)C=C1,-0.1938200260161128,msa,train
CCC(C)OC(=O)C(*)C(*)C(=O)OC(C)(C)C,1.1139433523068367,msa,train
CCC(C)OC(=O)C(*)C(*)C(=O)OC(C)C,0.6989700043360189,msa,train
CCC(C)OP(*)(OC(C)CC)=N*,1.1271047983648077,msa,train
CCC1(C)CC2(C(C)C(C)(CC)C3=CC4=C(OC5=C(O4)C(C#N)=C(*)C(*)=C5C#N)C=C23)C2=CC(O*)=C(O*)C=C12,2.505149978319906,msa,test
CCC1=CC(C*)=CC=C1C*,-1.0438315695246367,msa,train
CCC1=CC(CC)=C(N2COC3=C(C2)C=CC=C3)C(C)=C1N1COC2=C(C1)C=CC=C2,0.0492180226701816,msa,train
CCCC(*)=C(C)*,1.0791812460476249,msa,test
CCCCC1=CC=C(C=C1)C(*)=C(*)C1=CC=CC=C1,1.0413926851582251,msa,train
CCCCCC(*)=C(C)*,1.3222192947339193,msa,train
CCCCCCC(*)=C(C)*,1.3617278360175928,msa,train
CCCCCCCC(*)=C(C)*,1.462397997898956,msa,train
CCCCCCCCCCCCC1=C(*)SC(*)=C1,0.9731278535996988,msa,train
CCCCCCCCCCCCCCCCCC[Si](C)(C)C1=CC(*)=CC=C1\C=C\*,0.6532125137753437,msa,train
CCCCCCCCCCCCCCOC(=O)C(*)C*,1.3443922736851108,msa,train
CCCCCCCCCCOC(=O)C(*)C*,1.2787536009528289,msa,test
CCCCCCCCCCSC#CC,1.2041199826559248,msa,train
CCCCCCCCSC#CC,1.2787536009528289,msa,train
CCCCCCCC[Si](C)(*)O*,1.9459607035775688,msa,train
CCCCCCCC[Si](C)(C)C(\*)=C(\C)*,1.2787536009528289,msa,train
CCCCCCCC[Si](C)(C)C1=CC(*)=CC=C1\C=C\*,0.5910646070264992,msa,test
CCCCCCCC[Si](C)(C)C1=CC=C(C=C1)C(*)=C(*)C1=CC=C(C=C1)C(C)(C)C,0.8750612633917001,msa,test
CCCCCCCC[Si](C)(C)C1=CC=C(C=C1)C(*)=C(*)C1=CC=C(C=C1)C(C)C,0.9590413923210936,msa,train
CCCCCCCC[Si](C)(C)C1=CC=C(C=C1)C(*)=C(*)C1=CC=C(CCCC)C=C1,0.8976270912904415,msa,train
CCCCCCSC#CC,1.146128035678238,msa,test
CCCCCC[Si](C)(*)O*,2.012837224705172,msa,train
CCCCOP(*)(OCCCC)=N*,1.7474118078864234,msa,train
CCCCSC#CC,1.255272505103306,msa,train
CCCC[Si](C)(C)C(\*)=C(\C)*,0.9030899869919436,msa,train
CCCC[Si](C)(C)C1=CC(*)=CC=C1\C=C\*,0.041392685158225,msa,train
CCC[Si](C)(*)O*,2.2600713879850747,msa,train
CCC[Si](C)(C)C(\*)=C(\C)*,1.3222192947339193,msa,train
CCN1C2C=CC(*)=CC2C2=C1C=CC(=C2)N1C(=O)C2=CC=C(C=C2C1=O)C(C1=CC2=C(C=C1)C(=O)N(*)C2=O)(C(F)(F)F)C(F)(F)F,0.2430380486862944,msa,test
CCOC(=O)C(*)C*,0.8102325179950841,msa,train
CCOC(=O)C(C)(*)C*,-0.5590909179347823,msa,train
CCOC1=C(N*)C=CC(*)=C1,-0.9706162223147904,msa,train
CCOC1C(*)C(COC(=O)NC(C)(C)C)OC(O*)C1OCC,0.6334684555795865,msa,train
CCOCC1OC(CO*)C(OCC)C(OCC)C1*,0.5024271199844327,msa,train
CCOCC1OC(O*)C(OCC)C(OCC)C1*,0.6334684555795865,msa,train
CCOCCOC(=O)C(C)(*)C*,-0.4145392704914993,msa,train
CCOCCOCCOC(=O)C(C)(*)C*,0.5563025007672873,msa,train
CCOCCOCCOCCOC(=O)C(C)(*)C*,0.3010299956639812,msa,train
CCSC#CC,0.9542425094393248,msa,train
CC[Si](C)(*)O*,2.204119982655925,msa,train
CC[Si](C)(C)C(\*)=C(\C)*,2.690196080028514,msa,train
CC[Si](CC)(CC)C1=CC(*)=CC=C1\C=C\*,0.255272505103306,msa,train
CN1C(*)=CC=C1*,-0.4814860601221125,msa,train
COC(=O)C(*)C*,-0.6706021206389573,msa,train
COC(=O)C(C)(*)C*,-1.9450041384708625,msa,train
COC(C1=CC(=CC=C1*)C(C)(C)C1=CC(=C(OC2=CC=C(C=C2)S(=O)(=O)C2=CC=C(O*)C=C2)C=C1)C(OC)(C(F)(F)F)C(F)(F)F)(C(F)(F)F)C(F)(F)F,-0.585026652029182,msa,train
COC1=C(N*)C=CC(*)=C1,-1.3279021420642825,msa,train
COC1=CC(=CC=C1*)C1=CC=C(N2C(=O)C3=CC=C(C=C3C2=O)[Si](C)(C)C2=CC=C3C(=O)N(*)C(=O)C3=C2)C(OC)=C1,-1.0177287669604316,msa,train
COC1=CC(=CC=C1N1C(=O)C2=C(C=C(OC3=C(OC4=CC=C5C(=O)N(*)C(=O)C5=C4)C=CC(=C3)C(C)(C)C)C=C2)C1=O)C1=CC(OC)=C(*)C=C1,-0.6777807052660807,msa,train
COC1=CC=C(C=C1)C(*)C*,-0.2146701649892329,msa,test
COC1=CC=C(C=C1)N(C1=CC=C(*)C=C1)C1=CC=C(C=C1)N1C(=O)C2=C(C=C(C=C2)C(C2=CC=C3C(=O)N(*)C(=O)C3=C2)(C(F)(F)F)C(F)(F)F)C1=O,-0.0506099933550872,msa,train
COC1=CC=C(C=C1)N(C1=CC=C(OC)C=C1)C1=CC=C(C=C1)N(C1=CC=C(*)C=C1)C1=CC=C(C=C1)N1C(=O)C2=C(C=C(C=C2)C(C2=CC=C3C(=O)N(*)C(=O)C3=C2)(C(F)(F)F)C(F)(F)F)C1=O,-0.2291479883578558,msa,train
COCCOCCOP(*)(OCCOCCOC)=N*,0.6020599913279624,msa,train
CP(*)(=N*)C1=CC=CC=C1,-0.2218487496163563,msa,train
CP(C)(*)=N*,0.1038037209559568,msa,train
C[Ge](C)(C)C1CCCCC1C(*)=C*,1.5965970956264603,msa,test
C[Si](*)(CCC(F)(F)F)O*,1.9459607035775688,msa,train
C[Si](*)(O*)C1=CC=CC=C1,0.9339931638312424,msa,train
C[Si](C)(*)C*,1.579211780231499,msa,train
C[Si](C)(*)C1=CC(=CC=C1)[Si](C)(C)*,1.5037906830571812,msa,train
C[Si](C)(*)C1=CC=C(C=C1)[Si](C)(C)*,0.5301996982030822,msa,test
C[Si](C)(*)C1=CC=C(C=C1)[Si](C)(C)CC*,-0.5900668766687055,msa,test
C[Si](C)(*)C=C[Si](C)(C)O*,2.2695129442179165,msa,train
C[Si](C)(*)CCC*,0.4771212547196624,msa,train
C[Si](C)(*)CCCCCCCC[Si](C)(C)*,1.8819549713396004,msa,train
C[Si](C)(*)CCCCCC[Si](C)(C)*,1.9084850188786495,msa,train
C[Si](C)(*)O*,2.5453071164658243,msa,train
C[Si](C)(C(*)C*)C1=CC=CC=C1,-0.3467874862246563,msa,train
C[Si](C)(C)C(*)C*,1.0413926851582251,msa,test
C[Si](C)(C)C(C1=CC=C(C=C1)C(*)C*)[Si](C)(C)C,1.0043213737826426,msa,test
C[Si](C)(C)C1=CC(=CC=C1)C(*)=C(*)C1=CC=CC=C1,2.785329835010767,msa,test
C[Si](C)(C)C1=CC=C(C=C1)C(*)=C(*)C1=CC2=C(C=C1)C1=C(C2)C=CC=C1,2.9777236052888476,msa,test
C[Si](C)(C)C1=CC=C(C=C1)C(*)=C(*)C1=CC2=C(C=C1)C1=C(C=CC=C1)C=C2,2.278753600952829,msa,train
C[Si](C)(C)C1=CC=C(C=C1)C(*)=C(*)C1=CC=C2C3=C(C=CC=C3)C3(CC3)C2=C1,2.7323937598229686,msa,train
C[Si](C)(C)C1=CC=C(C=C1)C(*)=C(*)C1=CC=C2CCCC2=C1,2.230448921378274,msa,train
C[Si](C)(C)C1=CC=C(C=C1)C(*)=C(*)C1=CC=CC=C1,2.7403626894942437,msa,train
C[Si](C)(C)C1=CC=C(C=C1)C(*)C*,1.2041199826559248,msa,train
C[Si](C)(C)C1=CC=C(C=C1)C1=CC=C(C=C1)C(*)=C(*)C1=CC=CC=C1,2.204119982655925,msa,train
C[Si](C)(C)C1=CC=C(OP(*)(OC2=CC=CC=C2)=NP(OC2=CC=C(Br)C=C2)(OC2=CC=C(C=C2)[Si](C)(C)C)=N*)C=C1,0.9731278535996988,msa,train
C[Si](C)(C)C1C2C(C1[Si](C)(C)C)C1CC2C(*)C1*,3.093421685162235,msa,train
C[Si](C)(C)C1CC(*)CC1\C=C\*,0.8573324964312685,msa,test
C[Si](C)(C)C1CC2C1C1CC2C(*)C1*,2.591064607026499,msa,test
C[Si](C)(C)C1CC2CC1C(*)C2*,3.3979400086720375,msa,train
C[Si](C)(C)CC1=CC=C(C=C1)C(*)=C(*)C1=CC=CC=C1,1.6434526764861874,msa,train
C[Si](C)(C)CC1=CC=C(C=C1)C(*)C*,1.4116197059632305,msa,train
C[Si](C)(C)C[Si](C)(C)C1CC(*)CC1\C=C\*,0.568201724066995,msa,test
C[Si](C)(C)O[Si](O[Si](C)(C)C)(O[Si](C)(C)C)C1C2C(C1[Si](O[Si](C)(C)C)(O[Si](C)(C)C)O[Si](C)(C)C)C(C*)CC2C*,1.8750612633917,msa,train
C[Si](C)(C)O[Si](O[Si](C)(C)C)(O[Si](C)(C)C)C1C2C(C1[Si](O[Si](C)(C)C)(O[Si](C)(C)C)O[Si](C)(C)C)C(CC2C=*)C=*,2.0,msa,train
C[Si](C)(C1=CC2=C(C=C1)C(=O)N(*)C2=O)C1=CC=C2C(=O)N(C(=O)C2=C1)C1=CC=C(OC2=CC=C(*)C=C2)C=C1,-0.9829666607012196,msa,train
C[Si](C)(C1=CC=C(C=C1)C(*)=O)C1=CC=C(C=C1)C(*)=O,0.1367205671564068,msa,train
C[Si](C)(C1=CC=C2C(=O)N(*)C(=O)C2=C1)C1=CC=C2C(=O)N(C(=O)C2=C1)C1=CC=C(*)C=C1,-0.978810700930062,msa,train
C[Si](C)(C1=CC=C2C(=O)N(*)C(=O)C2=C1)C1=CC=C2C(=O)N(C(=O)C2=C1)C1=CC=C(C=C1)C1=CC=C(*)C=C1,-0.9625735020593764,msa,train
C[Si](C)(C1=CC=C2C(=O)N(*)C(=O)C2=C1)C1=CC=C2C(=O)N(C(=O)C2=C1)C1=CC=C(OC2=CC=C(*)C=C2)C=C1,-0.9829666607012196,msa,test
C[Si](C)(C1=CC=CC=C1)C1=CC=C(OP(*)(OC2=CC=CC=C2)=NP(OC2=CC=C(Br)C=C2)(OC2=CC=C(C=C2)[Si](C)(C)C2=CC=CC=C2)=N*)C=C1,0.3424226808222063,msa,train
C[Si](C)(CCCC(F)(F)F)C1=CC=C(C=C1)C(*)C*,1.0718820073061257,msa,train
C[Si](C1=CC=CC=C1)(C1=CC=CC=C1)C1=CC=C(OP(*)(OC2=CC=CC=C2)=NP(OC2=CC=C(Br)C=C2)(OC2=CC=C(C=C2)[Si](C)(C2=CC=CC=C2)C2=CC=CC=C2)=N*)C=C1,-0.5086383061657274,msa,train
C\C(*)=C(/*)C1=CC=C(C=C1)[Si](C)(C)C,2.0,msa,train
C\C(*)=C(/*)[Si](C)(C)C,3.8195439355418688,msa,train
C\C(*)=C(/*)[Si](C)(C)C1=CC=CC=C1,0.0791812460476248,msa,train
C\C(C*)=C(\C)C*,-0.3260580013659122,msa,train
C\C(C*)=C\C*,0.9420080530223132,msa,train
ClC(*)C*,-1.9625735020593764,msa,train
ClC(*)CCCC(*)S(Cl)(=O)=O,-0.0199966284162536,msa,train
ClC(Cl)(*)C*,-3.027334407733889,msa,train
ClC(Cl)=C(C1=CC=C(*)C=C1)C1=CC=C(OC(=O)O*)C=C1,-0.585026652029182,msa,train
ClC1=CC(*)=CC=C1CC1=C(Cl)C=C(C=C1)N1C(=O)C2=CC=C(C=C2C1=O)C1=CC2=C(C=C1)C(=O)N(*)C2=O,-1.9706162223147905,msa,test
ClC1=CC(C*)=C(Cl)C=C1C*,-1.5670307091255944,msa,test
ClC1=CC(C*)=CC=C1C*,-2.2218487496163566,msa,train
ClC1=CC(CC2=CC(Cl)=C(C=C2)N2C(=O)C3=CC=C(C=C3C2=O)C2=CC3=C(C=C2)C(=O)N(*)C3=O)=CC=C1*,-1.5128616245228137,msa,train
ClC1=CC=C(C=C1)C(*)C*,-0.6382721639824072,msa,train
ClCC(*)CO*,-0.619788758288394,msa,train
ClCC(C*)O*,-0.3565473235138126,msa,train
Cl\C(C*)=C\C*,0.3159703454569178,msa,train
FC(*)C*,-2.8096683018297086,msa,train
FC(F)(*)C(F)(Cl)CC*,-1.214670164989233,msa,test
FC(F)(*)C(F)(F)CC*,-0.7399286120149252,msa,train
FC(F)(*)C*,-1.6516951369518391,msa,test
FC(F)(*)C1(F)OC(F)(F)C(F)(F)C1(F)C(F)(F)*,0.6989700043360189,msa,train
FC(F)(F)C(*)(C1=CC2=C(C=C1)C(=O)N1C3=C(C=C(C=C3)C3=CC4=C(C=C3)N=C3N4C(=O)C4=C3C=CC(*)=C4)N=C21)C(F)(F)F,0.1583624920952496,msa,test
FC(F)(F)C(*)(C1=CC2=C(C=C1)C(=O)N1C3=C(C=C(OC4=CC5=C(C=C4)N=C4N5C(=O)C5=C4C=CC(*)=C5)C=C3)N=C21)C(F)(F)F,-0.0915149811213502,msa,train
FC(F)(F)C(*)(C1=CC=C(C=C1)C1=CC=C(*)C=C1)C(F)(F)F,1.6127838567197357,msa,train
FC(F)(F)C(*)(C1=CC=C(C=C1)C1=NC2=C(O1)C=CC(=C2)C(C1=CC=C2OC(=NC2=C1)C1=CC=C(C=C1)C(C1=CC=C2C3=NC4=C(C=CC(=C4)C4=CC5=C(C=C4)N=C4N5C(=O)C5=C4C=C(*)C=C5)N3C(=O)C2=C1)(C(F)(F)F)C(F)(F)F)(C(F)(F)F)C(F)(F)F)C(F)(F)F,1.9294189257142929,msa,train
FC(F)(F)C(*)(C1=CC=CC=C1)C1=CC=C(C=C1)C1=CC=C(*)C=C1,0.8195439355418687,msa,train
FC(F)(F)C(*)(C1=CC=CC=C1)C1=CC=C(C=C1)C1=CC=C(C=C1)C1=CC=C(*)C=C1,0.9542425094393248,msa,train
FC(F)(F)C(*)(C1=CC=CC=C1)C1=CC=C(OC2=CC=C(*)C=C2)C=C1,-0.1611509092627447,msa,train
FC(F)(F)C(*)(C1=CC=CC=C1)C1=CC=C(OC2=CC=C(C=C2)C(=O)C2=CC=C(OC3=CC=C(*)C=C3)C=C2)C=C1,-0.8239087409443188,msa,test
FC(F)(F)C(C1=CC(*)=C(C=C1)C(*)=O)(C1=CC=C2C3=NC4=CC5=C(C=C4N3C(=O)C2=C1)N(*)C(*)=N5)C(F)(F)F,0.4116197059632301,msa,train
FC(F)(F)C(C1=CC(*)=CC=C1)(C1=CC(=CC=C1)C1=NN=C(*)N1C1=CC=CC=C1)C(F)(F)F,0.7730546933642626,msa,test
FC(F)(F)C(C1=CC(*)=CC=C1)(C1=CC=CC(=C1)N1C(=O)C2=CC=C(C=C2C1=O)C(=O)C1=CC2C(C=C1)C(=O)N(*)C2=O)C(F)(F)F,-1.3279021420642825,msa,train
FC(F)(F)C(C1=CC(Br)=C(O*)C(Br)=C1)(C1=CC(Br)=C(OC(*)=O)C(Br)=C1)C(F)(F)F,0.255272505103306,msa,train
FC(F)(F)C(C1=CC2=C(C=C1)C(=O)N(*)C2=O)(C1=CC2=C(C=C1)C(=O)N(C2=O)C1=CC2=C(C=C1)C1C3=C(C=CC=C3)C2C2=C1C=C(*)C=C2)C(F)(F)F ,1.0293837776852095,msa,train
FC(F)(F)C(C1=CC2=C(C=C1)C(=O)N(*)C2=O)(C1=CC2=C(C=C1)C(=O)N(C2=O)C1=CC2=CC=C3OC4CC(C3=C2C=C1)C1=C(O4)C=CC2=C1C=CC(*)=C2)C(F)(F)F,0.041392685158225,msa,test
FC(F)(F)C(C1=CC2=C(C=C1)C(=O)N(*)C2=O)(C1=CC2=C(C=C1)C(=O)N(C2=O)C1=CC2=CC=C3OC4OC5=CC=C6C=C(*)C=CC6=C5C4C3=C2C=C1)C(F)(F)F,0.0791812460476248,msa,train
FC(F)(F)C(C1=CC2=C(C=C1)C(=O)N(*)C2=O)(C1=CC2=C(C=C1)C(=O)N(C2=O)C1=CC=C(C=C1)C1(C2=C(C=CC=C2)C2=C1C=CC=C2)C1=CC=C(*)C=C1)C(F)(F)F,0.5185139398778875,msa,train
FC(F)(F)C(C1=CC2=C(C=C1)C(=O)N(*)C2=O)(C1=CC2=C(C=C1)C(=O)N(C2=O)C1=CC=C(OC2=C(C3=C(C=CC=C3)C=C2)C2=C(OC3=CC=C(*)C=C3)C=CC3=C2C=CC=C3)C=C1)C(F)(F)F,-0.3979400086720376,msa,train
FC(F)(F)C(C1=CC2=C(C=C1)C(=O)N(*)C2=O)(C1=CC2=C(C=C1)C(=O)N(C2=O)C1=CC=CC=C1OC1=C(C2=C(C=CC=C2)C=C1)C1=C(OC2=C(*)C=CC=C2)C=CC2=C1C=CC=C2)C(F)(F)F,-0.8860566476931633,msa,train
FC(F)(F)C(C1=CC2=C(C=C1)C(=O)N(*)C2=O)(C1=CC=C2C(=O)N(C(=O)C2=C1)C1=C(Cl)C=C(CC2=CC=C(*)C(Cl)=C2)C=C1)C(F)(F)F,-0.570247719997592,msa,test
FC(F)(F)C(C1=CC2=C(C=C1)C(=O)N(*)C2=O)(C1=CC=C2C(=O)N(C(=O)C2=C1)C1=CC(*)=CC=C1)C(F)(F)F,-0.4621809049267259,msa,train
FC(F)(F)C(C1=CC2=C(C=C1)C(=O)N(*)C2=O)(C1=CC=C2C(=O)N(C(=O)C2=C1)C1=CC(=CC=C1)C(C1=CC=CC(*)=C1)(C(F)(F)F)C(F)(F)F)C(F)(F)F,-0.583359492661719,msa,train
FC(F)(F)C(C1=CC2=C(C=C1)C(=O)N(*)C2=O)(C1=CC=C2C(=O)N(C(=O)C2=C1)C1=CC2=C(C=C1)C1C3=C(C=CC=C3)C2C2=C1C=CC(*)=C2)C(F)(F)F,0.7259116322950482,msa,train
FC(F)(F)C(C1=CC2=C(C=C1)C(=O)N(*)C2=O)(C1=CC=C2C(=O)N(C(=O)C2=C1)C1=CC2=C(C=C1)C1C=CC(*)=CC1C2)C(F)(F)F,-0.0552706396967042,msa,train
FC(F)(F)C(C1=CC2=C(C=C1)C(=O)N(*)C2=O)(C1=CC=C2C(=O)N(C(=O)C2=C1)C1=CC2=C(C=C1)C1C=CC(*)=CC1C2=O)C(F)(F)F,-0.4698003017969178,msa,train
FC(F)(F)C(C1=CC2=C(C=C1)C(=O)N(*)C2=O)(C1=CC=C2C(=O)N(C(=O)C2=C1)C1=CC=C(C=C1)C1=NN=C(O1)C1=CC=C(*)C=C1)C(F)(F)F,-0.2146701649892329,msa,train
FC(F)(F)C(C1=CC2=C(C=C1)C(=O)N(*)C2=O)(C1=CC=C2C(=O)N(C(=O)C2=C1)C1=CC=C(CC2=CC=C(*)C=C2)C=C1)C(F)(F)F,-0.2494916051486538,msa,train
FC(F)(F)C(C1=CC2=C(C=C1)C(=O)N(*)C2=O)(C1=CC=C2C(=O)N(C(=O)C2=C1)C1=CC=C(OC2=CC=C(*)C=C2)C=C1)C(F)(F)F,-0.0822319975522437,msa,test
FC(F)(F)C(C1=CC2=C(C=C1)C(=O)N(*)C2=O)(C1=CC=C2C(=O)N(C(=O)C2=C1)C1=CC=C(SC2=CC=C(*)C=C2)C=C1)C(F)(F)F,-0.0604807473813814,msa,train
FC(F)(F)C(C1=CC2=C(C=C1)C(=O)N(*)C2=O)(C1=CC=C2C(=O)N(C(=O)C2=C1)C1=CC=C(SC2=CC=C(SC3=CC=C(*)C=C3)C=C2)C=C1)C(F)(F)F,-0.4685210829577448,msa,train
FC(F)(F)C(C1=CC2=C(C=C1)C(=O)N(*)C2=O)(C1=CC=C2C(=O)N(C(=O)C2=C1)C1=CC=C(SC2=CC=C(SC3=CC=C(SC4=CC=C(*)C=C4)C=C3)C=C2)C=C1)C(F)(F)F,-0.431798275933005,msa,train
FC(F)(F)C(C1=CC2=C(C=C1)C(=O)N(*)C2=O)(C1=CC=C2C(=O)N(C(=O)C2=C1)C1=CC=C(SC2=CC=C(SC3=CC=C(SC4=CC=C(SC5=CC=C(*)C=C5)C=C4)C=C3)C=C2)C=C1)C(F)(F)F,-0.5376020021010439,msa,train
FC(F)(F)C(C1=CC2=C(C=C1)C(=O)N(*)C2=O)(C1=CC=C2C(=O)N(C(=O)C2=C1)C1=CC=CC(*)=C1)C(F)(F)F,-0.3067128429943445,msa,train
FC(F)(F)C(C1=CC2=C(C=C1)C(=O)N(*)C2=O)(C1=CC=C2C(=O)N(C(=O)C2=C1)C1=CC=CC(OC2=CC(*)=CC=C2)=C1)C(F)(F)F,-1.0,msa,train
FC(F)(F)C(C1=CC2=C(C=C1)C(=O)N(*)\C2=N/*)(C1=CC=C2C(=C1)C(=O)N1C3=CC=CC(OC4=CC=C(*)C(*)=C4)=C3N=C21)C(F)(F)F,0.084576277934331,msa,train
FC(F)(F)C(C1=CC2=C(C=C1)C(=O)N(C2=O)C1=CC(=CC=C1)C(C1=CC(*)=CC=C1)(C(F)(F)F)C(F)(F)F)(C1=CC=C2C(=O)N(*)C(=O)C2=C1)C(F)(F)F,-0.583359492661719,msa,train
FC(F)(F)C(C1=CC2=C(C=C1)C(=O)N(C2=O)C1=CC=C(C=C1)N(C1=CC=C(*)C=C1)C1=CC=C(C=C1)N(C1=CC=CC=C1)C1=CC=CC=C1)(C1=CC=C2C(=O)N(*)C(=O)C2=C1)C(F)(F)F,-0.3467874862246563,msa,train
FC(F)(F)C(C1=CC2=C(C=C1)C(=O)N(C2=O)C1=CC=C(CC2=CC=C(*)C=C2)C=C1)(C1=CC=C2C(=O)N(*)C(=O)C2=C1)C(F)(F)F,-0.0915149811213502,msa,train
FC(F)(F)C(C1=CC2=C(C=C1)C(=O)N(C2=O)C1=CC=C(OC2=CC=C(*)C=C2)C=C1)(C1=CC=C2C(=O)N(*)C(=O)C2=C1)C(F)(F)F,-0.0809219076239261,msa,train
FC(F)(F)C(C1=CC2=C(C=C1)C(=O)N(C2=O)C1=CC=C(OC2=CC=C(C=C2)C2(C3=C(C=CC=C3)C3=C2C=CC=C3)C2=CC=C(OC3=CC=C(*)C=C3)C=C2)C=C1)(C1=CC=C2C(=O)N(*)C(=O)C2=C1)C(F)(F)F,0.1003705451175629,msa,train
FC(F)(F)C(C1=CC2C(C=C1)C(=O)N(*)C2=O)(C1=CC=C2C(=O)N(C(=O)C2=C1)C1=CC(*)=CC=C1)C(F)(F)F,-0.3496924768680635,msa,train
FC(F)(F)C(C1=CC2C(C=C1)C(=O)N(*)C2=O)(C1=CC=C2C(=O)N(C(=O)C2=C1)C1=CC(OC2=CC=CC(*)=C2)=CC=C1)C(F)(F)F,-1.0,msa,test
FC(F)(F)C(C1=CC2C(C=C1)C(=O)N(*)C2=O)(C1=CC=C2C(=O)N(C(=O)C2=C1)C1=CC=C(*)C=C1)C(F)(F)F,-0.229516190568892,msa,train
FC(F)(F)C(C1=CC2C(C=C1)C(=O)N(*)C2=O)(C1=CC=C2C(=O)N(C(=O)C2=C1)C1=CC=C(C=C1)N(C1=CC=CC=C1)C1=CC=C(*)C=C1)C(F)(F)F,0.093421685162235,msa,train
FC(F)(F)C(C1=CC2C(C=C1)C(=O)N(*)C2=O)(C1=CC=C2C(=O)N(C(=O)C2=C1)C1=CC=C(NC(=O)C(F)(F)C(F)(F)C(F)(F)C(F)(F)C(=O)NC2=CC=C(*)C=C2)C=C1)C(F)(F)F,-0.5686362358410126,msa,train
FC(F)(F)C(C1=CC2C(C=C1)C(=O)N(*)C2=O)(C1=CC=C2C(=O)N(C(=O)C2=C1)C1=CC=C(NC(=O)C(F)(F)C(F)(F)C(F)(F)C(F)(F)C(F)(F)C(F)(F)C(=O)NC2=CC=C(*)C=C2)C=C1)C(F)(F)F,-0.4089353929735008,msa,test
FC(F)(F)C(C1=CC2C(C=C1)C(=O)N(*)C2=O)(C1=CC=C2C(=O)N(C(=O)C2=C1)C1=CC=CC(*)=C1)C(F)(F)F,-0.4400933749638875,msa,train
FC(F)(F)C(C1=CC2C(C=C1)C(=O)N(*)C2=O)(C1=CC=C2C(=O)N(C(=O)C2=C1)C1=CC=CC(NC(=O)C(F)(F)C(F)(F)C(F)(F)C(F)(F)C(=O)NC2=CC=C(*)C=C2)=C1)C(F)(F)F,-1.0969100130080565,msa,test
FC(F)(F)C(C1=CC2C(C=C1)C(=O)N(*)C2=O)(C1=CC=C2C(=O)N(C(=O)C2=C1)C1=CC=CC(NC(=O)C(F)(F)C(F)(F)C(F)(F)C(F)(F)C(F)(F)C(F)(F)C(=O)NC2=CC=C(*)C=C2)=C1)C(F)(F)F,-0.6989700043360187,msa,train
FC(F)(F)C(C1=CC2N=C(*)OC2C=C1)(C1=CC=C2OC(=NC2=C1)C1=CC2=C(C=C1)C=C(*)C=C2)C(F)(F)F,-0.6777807052660807,msa,test
FC(F)(F)C(C1=CC2N=C(*)OC2C=C1)(C1=CC=C2OC(=NC2=C1)C1=CC=C(C=C1)C(=O)C1=CC=C(*)C=C1)C(F)(F)F,-0.2596373105057561,msa,train
FC(F)(F)C(C1=CC2N=C(OC2C=C1)C1=CC(*)=CC=C1)(C1=CC=C2OC(=NC2=C1)C1=CC=CC(*)=C1)C(F)(F)F,1.6812412373755872,msa,train
FC(F)(F)C(C1=CC=C(*)C=C1)(C1=CC=C(C=C1)C1=NC2=C(O1)C=CC(=C2)C(C1=CC2=C(OC(*)=N2)C=C1)(C(F)(F)F)C(F)(F)F)C(F)(F)F,2.5010592622177517,msa,train
FC(F)(F)C(C1=CC=C(*)C=C1)(C1=CC=C(C=C1)C1=NC2=C(O1)C=CC(=C2)C(C1=CC=C2OC(*)=NC2=C1)(C(F)(F)F)C(F)(F)F)C(F)(F)F,2.4533183400470375,msa,test
FC(F)(F)C(C1=CC=C(*)C=C1)(C1=CC=C(C=C1)C1=NC2=CC(=CC=C2O1)C(C1=CC2N=C(*)OC2C=C1)(C(F)(F)F)C(F)(F)F)C(F)(F)F,0.5314789170422551,msa,train
FC(F)(F)C(C1=CC=C(*)C=C1)(C1=CC=C(C=C1)C1=NN=C(*)O1)C(F)(F)F,0.785329835010767,msa,test
FC(F)(F)C(C1=CC=C(*)C=C1)(C1=CC=C(C=C1)N1C(=O)C2=C(C=C(C=C2)C(C2=CC=C3C(=O)N(*)C(=O)C3=C2)(C(F)(F)F)C(F)(F)F)C1=O)C(F)(F)F,0.5314789170422551,msa,test
FC(F)(F)C(C1=CC=C(*)C=C1)(C1=CC=C(C=C1)N1C(=O)C2=C(C=C3C(=O)N(*)C(=O)C3=C2)C1=O)C(F)(F)F,0.143014800254095,msa,train
FC(F)(F)C(C1=CC=C(*)C=C1)(C1=CC=C(C=C1)N1C(=O)C2=CC=C(C=C2C1=O)C(=O)C1=CC2=C(C=C1)C(=O)N(*)C2=O)C(F)(F)F,-0.5228787452803376,msa,test
FC(F)(F)C(C1=CC=C(*)C=C1)(C1=CC=C(C=C1)N1C(=O)C2=CC=C(C=C2C1=O)C(=O)C1=CC2C(C=C1)C(=O)N(*)C2=O)C(F)(F)F,-0.5086383061657274,msa,train
FC(F)(F)C(C1=CC=C(*)C=C1)(C1=CC=C(C=C1)N1C(=O)C2=CC=C(C=C2C1=O)C(=O)C1=CC=C2C(=O)N(*)C(=O)C2=C1)C(F)(F)F,-0.3467874862246563,msa,train
FC(F)(F)C(C1=CC=C(*)C=C1)(C1=CC=C(C=C1)N1C(=O)C2=CC=C(C=C2C1=O)C(C1=CC2=C(C=C1)C(=O)N(*)C2=O)(C(F)(F)F)C(F)(F)F)C(F)(F)F,0.5403294747908738,msa,test
FC(F)(F)C(C1=CC=C(*)C=C1)(C1=CC=C(C=C1)N1C(=O)C2=CC=C(C=C2C1=O)C(C1=CC=C2C(=O)N(*)C(=O)C2=C1)(C(F)(F)F)C(F)(F)F)C(F)(F)F,0.5078558716958309,msa,test
FC(F)(F)C(C1=CC=C(*)C=C1)(C1=CC=C(C=C1)N1C(=O)C2=CC=C(C=C2C1=O)C1=CC2=C(C=C1)C(=O)N(*)C2=O)C(F)(F)F,-0.00943917000598,msa,train
FC(F)(F)C(C1=CC=C(*)C=C1)(C1=CC=C(C=C1)N1C(=O)C2=CC=C(C=C2C1=O)C1=CC2C(C=C1)C(=O)N(*)C2=O)C(F)(F)F,0.08278537031645,msa,train
FC(F)(F)C(C1=CC=C(*)C=C1)(C1=CC=C(OC2=CC=C(C=C2)C(=O)C2=CC=C(O*)C3=C2C=CC=C3)C=C1)C(F)(F)F,-0.4881166390211256,msa,train
FC(F)(F)C(C1=CC=C(*)C=C1)(C1=CC=C(OC2=CC=C(C=C2)C(=O)C2=CC=CC(=C2)C2=CC=CC(=C2)C(=O)C2=CC=C(O*)C=C2)C=C1)C(F)(F)F,-1.1012748184105066,msa,train
FC(F)(F)C(C1=CC=C(*)C=C1)(C1=CC=C(OC2=CC=C(C=C2)C(=O)C2=CC=CC=C2C2=C(C=CC=C2)C(=O)C2=CC=C(O*)C=C2)C=C1)C(F)(F)F,-0.835647144215563,msa,train
FC(F)(F)C(C1=CC=C(*)C=C1)(C1=CC=C(OC2=CC=C(C=C2)S(=O)(=O)C2=CC=C(O*)C=C2)C=C1)C(F)(F)F,-0.3650191999487716,msa,train
FC(F)(F)C(C1=CC=C(C=C1)C(*)=O)(C1=CC=C(C=C1)C(=O)NC1=CC(N*)=CC=C1)C(F)(F)F,-0.3979400086720376,msa,train
FC(F)(F)C(C1=CC=C(N*)C=C1)(C1=CC=C(NC(=O)C2=CC(=CC(=C2)C2=CC=CC=C2)C(*)=O)C=C1)C(F)(F)F,0.0791812460476248,msa,train
FC(F)(F)C(C1=CC=C(N*)C=C1)(C1=CC=C(NC(=O)C2=CC(=CC=C2)C(*)=O)C=C1)C(F)(F)F,-0.3767507096020995,msa,test
FC(F)(F)C(C1=CC=C(O*)C=C1)(C1=CC=C(OC(*)=O)C=C1)C(F)(F)F,0.2304489213782739,msa,train
FC(F)(F)C(C1=CC=C(O*)C=C1)(C1=CC=C(OC(=O)C2=CC=C(C=C2)C(*)=O)C=C1)C(F)(F)F,0.469822015978163,msa,train
FC(F)(F)C(C1=CC=C(O*)C=C1)(C1=CC=C(OC(=O)C2=CC=CC(=C2)C(*)=O)C=C1)C(F)(F)F,-0.0506099933550872,msa,train
FC(F)(F)C(C1=CC=C(O*)C=C1)(C1=CC=C(OC2=CC=C(C=C2)C(=O)C2=CC=C(C=C2)C(C2=CC=C(C=C2)C(=O)C2=CC=C(*)C=C2)(C(F)(F)F)C(F)(F)F)C=C1)C(F)(F)F,-0.1191864077192086,msa,train
FC(F)(F)C(C1=CC=C(O*)C=C1)(C1=CC=C(OC2=CC=C(C=C2)S(=O)(=O)C2=CC=C(*)C=C2)C=C1)C(F)(F)F,-0.1739251972991735,msa,train
FC(F)(F)C(C1=CC=C(OC(=O)C2=CC3=C(C=C2)C(=O)N(*)C3=O)C=C1)(C1=CC=C(OC(=O)C2=CC=C3C(=O)N(C(=O)C3=C2)C2=CC=C(*)C=C2)C=C1)C(F)(F)F,-1.449771646944906,msa,test
FC(F)(F)C(C1=CC=C(OC(=O)C2=CC3=C(C=C2)C(=O)N(*)C3=O)C=C1)(C1=CC=C(OC(=O)C2=CC=C3C(=O)N(C(=O)C3=C2)C2=CC=C(C=C2)C2=CC=C(*)C=C2)C=C1)C(F)(F)F,-1.2865094569060576,msa,train
FC(F)(F)C(C1=CC=C(OC(=O)C2=CC3=C(C=C2)C(=O)N(*)C3=O)C=C1)(C1=CC=C(OC(=O)C2=CC=C3C(=O)N(C(=O)C3=C2)C2=CC=C(CC3=CC=C(*)C=C3)C=C2)C=C1)C(F)(F)F,-0.7851561519523022,msa,test
FC(F)(F)C(C1=CC=C(OC(=O)C2=CC3=C(C=C2)C(=O)N2C4=C(C=C(*)C=C4)N=C32)C=C1)(C1=CC=C(OC(=O)C2=CC=C3C4=NC5=C(C=C(*)C=C5)N4C(=O)C3=C2)C=C1)C(F)(F)F,-0.8096683018297085,msa,train
FC(F)(F)C(C1=CC=C(OC2=CC(*)=CC=C2)C=C1)(C1=CC=C(OC2=CC(=CC=C2)N2C(=O)C3=CC=C(C=C3C2=O)C(C2=CC3=C(C=C2)C(=O)N(*)C3=O)(C(F)(F)F)C(F)(F)F)C=C1)C(F)(F)F,-0.6179829574251317,msa,test
FC(F)(F)C(C1=CC=C(OC2=CC(=CC=C2)N2C(=O)C3=CC4C(C=C3C2=O)C(=O)N(*)C4=O)C=C1)(C1=CC=C(OC2=CC=CC(*)=C2)C=C1)C(F)(F)F,-0.5376020021010439,msa,train
FC(F)(F)C(C1=CC=C(OC2=CC3=C(C=C2)C(=O)N(*)C3=O)C=C1)(C1=CC=C(OC2=CC=C3C(=O)N(C(=O)C3=C2)C2=CC=C(CC3=CC=C(*)C=C3)C=C2)C=C1)C(F)(F)F,-1.1191864077192086,msa,train
FC(F)(F)C(C1=CC=C(OC2=CC3=C(C=C2)C(=O)N(*)C3=O)C=C1)(C1=CC=C(OC2=CC=C3C(=O)N(C(=O)C3=C2)C2=CC=C(OC3=CC=C(*)C=C3)C=C2)C=C1)C(F)(F)F,-1.0757207139381184,msa,train
FC(F)(F)C(C1=CC=C(OC2=CC=C(*)C=C2)C=C1)(C1=CC=C(OC2=CC=C(C=C2)N2C(=C)C3=CC=C4C(=C)N(*)C(=C)C5=C4C3=C(C=C5)C2=C)C=C1)C(F)(F)F,-0.1426675035687315,msa,train
FC(F)(F)C(C1=CC=C(OC2=CC=C(*)C=C2)C=C1)(C1=CC=C(OC2=CC=C(C=C2)N2C(=O)C3=C(C=C4C(=O)N(*)C(=O)C4=C3)C2=O)C=C1)C(F)(F)F,-0.0254883072626716,msa,train
FC(F)(F)C(C1=CC=C(OC2=CC=C(*)C=C2)C=C1)(C1=CC=C(OC2=CC=C(C=C2)N2C(=O)C3=CC4=C(C=C3C2=O)C(=O)N(*)C4=O)C=C1)C(F)(F)F,-0.1817741063860445,msa,train
FC(F)(F)C(C1=CC=C(OC2=CC=C(*)C=C2)C=C1)(C1=CC=C(OC2=CC=C(C=C2)N2C(=O)C3=CC4C(C=C3C2=O)C(=O)N(*)C4=O)C=C1)C(F)(F)F,-0.1804560644581313,msa,train
FC(F)(F)C(C1=CC=C(OC2=CC=C(*)C=C2)C=C1)(C1=CC=C(OC2=CC=C(C=C2)N2C(=O)C3=CC=C(C=C3C2=O)C(=O)C2=CC=C3C(=O)N(*)C(=O)C3=C2)C=C1)C(F)(F)F,-0.7099653886374819,msa,train
FC(F)(F)C(C1=CC=C(OC2=CC=C(*)C=C2)C=C1)(C1=CC=C(OC2=CC=C(C=C2)N2C(=O)C3=CC=C(C=C3C2=O)C(C2=CC3=C(C=C2)C(=O)N(*)C3=O)(C(F)(F)F)C(F)(F)F)C=C1)C(F)(F)F,-0.0078885122130503,msa,test
FC(F)(F)C(C1=CC=C(OC2=CC=C(*)C=C2)C=C1)(C1=CC=C(OC2=CC=C(C=C2)N2C(=O)C3=CC=C(C=C3C2=O)C(C2=CC=C3C(=O)N(*)C(=O)C3=C2)(C(F)(F)F)C(F)(F)F)C=C1)C(F)(F)F,-0.0083309926200514,msa,train
FC(F)(F)C(C1=CC=C(OC2=CC=C(*)C=C2)C=C1)(C1=CC=C(OC2=CC=C(C=C2)N2C(=O)C3=CC=C(C=C3C2=O)C2=CC3=C(C=C2)C(=O)N(*)C3=O)C=C1)C(F)(F)F,-0.5157001606532141,msa,train
FC(F)(F)C(C1=CC=C(OC2=CC=C(*)C=C2)C=C1)(C1=CC=C(OC2=CC=C(C=C2)N2C(=O)C3=CC=C(C=C3C2=O)C2=CC=C3C(=O)N(*)C(=O)C3=C2)C=C1)C(F)(F)F,-0.6108339156354675,msa,train
FC(F)(F)C(C1=CC=C(OC2=CC=C(*)C=C2)C=C1)(C1=CC=C(OC2=CC=C(C=C2)N2C(=O)C3C=CC(=CC3C2=O)C(C2=CC3C(C=C2)C(=O)N(*)C3=O)(C(F)(F)F)C(F)(F)F)C=C1)C(F)(F)F,-0.0087739243075051,msa,train
FC(F)(F)C(C1=CC=C(OC2=CC=CC(*)=C2)C=C1)(C1=CC=C(OC2=CC=CC(=C2)N2C(=O)C3=CC4=C(C=C3C2=O)C(=O)N(*)C4=O)C=C1)C(F)(F)F,-0.5346171485515817,msa,train
FC(F)(F)C(C1=CC=C(OC2=CC=CC(*)=C2)C=C1)(C1=CC=C(OC2=CC=CC(=C2)N2C(=O)C3=CC=C(C=C3C2=O)C(C2=CC3C(C=C2)C(=O)N(*)C3=O)(C(F)(F)F)C(F)(F)F)C=C1)C(F)(F)F,-0.619788758288394,msa,train
FC(F)(F)C(C1=CC=C2C(=O)N(*)C(=O)C2=C1)(C1=CC=C2C(=O)N(C(=O)C2=C1)C1=CC2=C(C=C1)C1=C(C2)C=C(*)C=C1)C(F)(F)F,0.1038037209559568,msa,train
FC(F)(F)C(C1=CC=C2C(=O)N(*)C(=O)C2=C1)(C1=CC=C2C(=O)N(C(=O)C2=C1)C1=CC=C(OC2=CC=C(*)C=C2)C=C1)C(F)(F)F,-0.134896025358872,msa,train
FC(F)(F)C(C1=CC=C2C(=O)N(*)C(=O)C2=C1)(C1=CC=C2C(=O)N(C(=O)C2=C1)C1=CC=CC(=C1)C(C1=CC(*)=CC=C1)(C(F)(F)F)C(F)(F)F)C(F)(F)F,-0.583359492661719,msa,train
FC(F)(F)C(C1=CC=C2C(=O)N(*)C(=O)C2=C1)(C1=CC=C2C(=O)N(C(=O)C2=C1)C1=CC=CC(=C1)S(=O)(=O)C1=CC=CC(*)=C1)C(F)(F)F,-1.0222763947111522,msa,train
FC(F)(F)C(C1=CC=C2C(=O)N(*)C(=O)C2=C1)(C1=CC=C2C(=O)N(C(=O)C2=C1)C1=CC=CC(OC2=CC=C(*)C=C2)=C1)C(F)(F)F,-0.5867002359187482,msa,test
FC(F)(F)C(C1=CC=C2C(=O)N(*)C(=O)C2=C1)(C1=CC=C2C3=NC4=C(C=CC(=C4)C4=CC5=C(C=C4)N=C4N5C(=O)C5=C4C=C(*)C=C5)N3C(=O)C2=C1)C(F)(F)F,1.1139433523068367,msa,train
FC(F)(F)C(C1=CC=C2C(=O)N(C(=O)C2=C1)C1=CC=C(*)C=C1)(C1=CC2=C(C=C1)C(=O)N(*)C2=O)C(F)(F)F,0.4099331233312945,msa,test
FC(F)(F)C(C1=CC=C2\C(=N\*)N(*)C(=O)C2=C1)(C1=CC=C2C(=O)N3C4=C(C=C(OC5=CC=C(*)C(*)=C5)C=C4)N=C3C2=C1)C(F)(F)F,0.0791812460476248,msa,test
FC(F)(F)C(C1=CC=CC(*)=C1)(C1=CC=CC(=C1)N1C(=O)C2=CC=C(C=C2C1=O)C(=O)C1=CC2=C(C=C1)C(=O)N(*)C2=O)C(F)(F)F,-0.3279021420642826,msa,train
FC(F)(F)C(C1CC=C(*)C=C1)(C1=CC=C(C=C1)C1=NN=C(*)O1)C(F)(F)F,0.6020599913279624,msa,test
FC(F)(F)C(F)(F)C(F)(F)C(F)(F)C(F)(F)C(F)(F)C(F)(F)COC(=O)C(*)C*,1.7323937598229686,msa,train
FC(F)(F)C(F)(F)C(F)(F)C(F)(F)C(F)(F)C(F)(F)CCOC(=O)C1=CC(=CC(*)=C1)N1C(=O)C2=CC=C(C=C2C1=O)C(=O)C1=CC2=C(C=C1)C(=O)N(*)C2=O,0.6522463410033232,msa,train
FC(F)(F)C(F)(F)C(F)(F)C(F)(F)C(F)(F)C(F)(F)CCOC(=O)C1=CC(=CC(*)=C1)N1C(=O)C2=CC=C(C=C2C1=O)C(C1=CC2=C(C=C1)C(=O)N(*)C2=O)(C(F)(F)F)C(F)(F)F,-0.1307682802690238,msa,test
FC(F)(F)C(F)(F)C(F)(F)C(F)(F)C(F)(F)C(F)(F)CCOC(=O)C1=CC(=CC(*)=C1)N1C(=O)C2=CC=C(OC3=CC4=C(C=C3)C(=O)N(*)C4=O)C=C2C1=O,-0.2518119729937995,msa,train
FC(F)(F)C1(C(CC(C=*)C1(F)F)C=*)C(F)(F)F,1.0293837776852095,msa,test
FC(F)(F)C1=C(OC2=CC=C(C=C2)C(C2=CC=C(OC3=C(C=C(C=C3)N3C(=O)C4=C(C=C5C(=O)N(*)C(=O)C5=C4)C3=O)C(F)(F)F)C=C2)(C(F)(F)F)C(F)(F)F)C=CC(*)=C1,0.1760912590556812,msa,train
FC(F)(F)C1=C(OC2=CC=C(C=C2)C(C2=CC=C(OC3=C(C=C(C=C3)N3C(=O)C4=CC=C(C=C4C3=O)C(=O)C3=CC=C4C(=O)N(*)C(=O)C4=C3)C(F)(F)F)C=C2)(C(F)(F)F)C(F)(F)F)C=CC(*)=C1,-0.431798275933005,msa,train
FC(F)(F)C1=C(OC2=CC=C(C=C2)C(C2=CC=C(OC3=C(C=C(C=C3)N3C(=O)C4=CC=C(C=C4C3=O)C(C3=CC=C4C(=O)N(*)C(=O)C4=C3)(C(F)(F)F)C(F)(F)F)C(F)(F)F)C=C2)(C(F)(F)F)C(F)(F)F)C=CC(*)=C1,0.1139433523068367,msa,test
FC(F)(F)C1=C(OC2=CC=C(C=C2)C(C2=CC=C(OC3=C(C=C(C=C3)N3C(=O)C4=CC=C(C=C4C3=O)C3=CC=C4C(=O)N(*)C(=O)C4=C3)C(F)(F)F)C=C2)(C(F)(F)F)C(F)(F)F)C=CC(*)=C1,-0.2494916051486538,msa,train
FC(F)(F)C1=CC(*)=CC(=C1)N1C(=O)C2=CC=C(C=C2C1=O)C(C1=CC2C(C=C1)C(=O)N(*)C2=O)(C(F)(F)F)C(F)(F)F,0.0681858617461616,msa,train
FC(F)(F)C1=CC(*)=CC=C1OC1=C(C2=C(C=CC=C2)C=C1)C1=C(OC2=C(C=C(C=C2)N2C(=O)C3=C(C=C(C=C3)C(C3=CC4=C(C=C3)C(=O)N(*)C4=O)(C(F)(F)F)C(F)(F)F)C2=O)C(F)(F)F)C=CC2=C1C=CC=C2,-0.1079053973095195,msa,train
FC(F)(F)C1=CC(*)=CC=C1OC1=CC=C(C=C1)C1(C2=C(C=CC=C2)C2=C1C=CC=C2)C1=CC=C(OC2=CC=C(C=C2C(F)(F)F)N2C(=O)C3=C(C=C(C=C3)C(C3=CC=C4C(=O)N(*)C(=O)C4=C3)(C(F)(F)F)C(F)(F)F)C2=O)C=C1,0.7160033436347992,msa,train
FC(F)(F)C1=CC(=CC(=C1)C1=CC(O*)=CC=C1OC1=CC=C(C=C1)C(=O)C1=CC=C(*)C=C1)C(F)(F)F,-0.2676062401770315,msa,train
FC(F)(F)C1=CC(=CC(=C1)C1=CC(O*)=CC=C1OC1=CC=CC(*)=C1C#N)C(F)(F)F,0.0492180226701816,msa,train
FC(F)(F)C1=CC(=CC=C1)C1=CC(O*)=CC=C1OC1=CC=C(C=C1)C(=O)C1=CC=C(*)C=C1,-1.2924298239020635,msa,train
FC(F)(F)C1=CC(=CC=C1)C1=CC(O*)=CC=C1OC1=CC=CC(*)=C1C#N,-0.8239087409443188,msa,train
FC(F)(F)C1=CC(=CC=C1OC1=CC=C(C=C1)C1(C2=C(C=CC=C2)C2=C1C=CC=C2)C1=CC=C(OC2=CC=C(C=C2C(F)(F)F)C2=CC=C(C=C2)N2C(=O)C3=CC=C(C=C3C2=O)C(=O)C2=CC3C(C=C2)C(=O)N(*)C3=O)C=C1)C1=CC=C(*)C=C1,-0.0222763947111522,msa,train
FC(F)(F)C1=CC(=CC=C1OC1=CC=C(C=C1)C1(C2=C(C=CC=C2)C2=C1C=CC=C2)C1=CC=C(OC2=CC=C(C=C2C(F)(F)F)C2=CC=C(C=C2)N2C(=O)C3=CC=C(C=C3C2=O)C(C2=CC3C(C=C2)C(=O)N(*)C3=O)(C(F)(F)F)C(F)(F)F)C=C1)C1=CC=C(*)C=C1,0.3138672203691534,msa,train
FC(F)(F)C1=CC(=CC=C1OC1=CC=C(C=C1)C1(C2=C(C=CC=C2)C2=C1C=CC=C2)C1=CC=C(OC2=CC=C(C=C2C(F)(F)F)C2=CC=C(C=C2)N2C(=O)C3=CC=C(OC4=CC5C(C=C4)C(=O)N(*)C5=O)C=C3C2=O)C=C1)C1=CC=C(*)C=C1,0.0863598306747482,msa,train
FC(F)(F)C1=CC(=CC=C1OC1=CC=C(C=C1)C1(N(C(=O)C2=C1C=CC=C2)C1=CC=CC=C1)C1=CC=C(OC2=C(C=C(C=C2)C2=CC=C(C=C2)N2C(=O)C3=CC4=C(C=C3C2=O)C(=O)N(*)C4=O)C(F)(F)F)C=C1)C1=CC=C(*)C=C1,0.0791812460476248,msa,train
FC(F)(F)C1=CC(=CC=C1OC1=CC=C(C=C1)C1(N(C(=O)C2=C1C=CC=C2)C1=CC=CC=C1)C1=CC=C(OC2=C(C=C(C=C2)C2=CC=C(C=C2)N2C(=O)C3=CC=C(C=C3C2=O)C(=O)C2=CC=C3C(=O)N(*)C(=O)C3=C2)C(F)(F)F)C=C1)C1=CC=C(*)C=C1,-0.0809219076239261,msa,train
FC(F)(F)C1=CC(=CC=C1OC1=CC=C(C=C1)C1(N(C(=O)C2=C1C=CC=C2)C1=CC=CC=C1)C1=CC=C(OC2=C(C=C(C=C2)C2=CC=C(C=C2)N2C(=O)C3=CC=C(C=C3C2=O)C(C2=CC=C3C(=O)N(*)C(=O)C3=C2)(C(F)(F)F)C(F)(F)F)C(F)(F)F)C=C1)C1=CC=C(*)C=C1,0.2329961103921538,msa,test
FC(F)(F)C1=CC(=CC=C1OC1=CC=C(C=C1)C1(N(C(=O)C2=C1C=CC=C2)C1=CC=CC=C1)C1=CC=C(OC2=C(C=C(C=C2)C2=CC=C(C=C2)N2C(=O)C3=CC=C(OC4=CC=C5C(=O)N(*)C(=O)C5=C4)C=C3C2=O)C(F)(F)F)C=C1)C1=CC=C(*)C=C1,-0.0177287669604316,msa,train
FC(F)(F)C1=CC(=CC=C1OC1=CC=C(C=C1)N1C(=O)C2=C(C=C(C=C2)C(C2=CC=C3C(=O)N(*)C(=O)C3=C2)(C(F)(F)F)C(F)(F)F)C1=O)C1=CC=C(C=C1)C1=CC(=C(OC2=CC=C(*)C=C2)C=C1)C(F)(F)F,0.4578818967339924,msa,test
FC(F)(F)C1=CC(=CC=C1OC1=CC=C(C=C1)N1C(=O)C2=C(C=C(C=C2)C(C2=CC=C3C(=O)N(*)C(=O)C3=C2)(C(F)(F)F)C(F)(F)F)C1=O)C1=CC=C(C=C1)C1=CC=C(C=C1)C1=CC(=C(OC2=CC=C(*)C=C2)C=C1)C(F)(F)F,0.4927603890268375,msa,train
FC(F)(F)C1=CC(=CC=C1OC1=CC=C(C=C1)N1C(=O)C2=C(C=C(C=C2)C(C2=CC=C3C(=O)N(*)C(=O)C3=C2)(C(F)(F)F)C(F)(F)F)C1=O)C1=CC=C(S1)C1=CC(=C(OC2=CC=C(*)C=C2)C=C1)C(F)(F)F,0.250420002308894,msa,train
FC(F)(F)C1=CC(=CC=C1OC1=CC=C(C=C1)N1C(=O)C2=C(C=C(C=C2)C(C2=CC=C3C(=O)N(*)C(=O)C3=C2)(C(F)(F)F)C(F)(F)F)C1=O)C1=CC=CC(=N1)C1=CC(=C(OC2=CC=C(*)C=C2)C=C1)C(F)(F)F,0.2810333672477275,msa,train
FC(F)(F)C1CC(CCC1OC1=CC=C(C=C1)C1(C2=CC=CC=C2C2=C1C=CC=C2)C1=CC=C(*)C=C1)C1=CC(=CN=C1)C1=CC(=C(O*)C=C1)C(F)(F)F,0.3138672203691534,msa,test
FC(F)(F)C1CC(CCC1OC1=CC=C(C=C1)C1(C2=CC=CC=C2C2=C1C=CC=C2)C1=CC=C(*)C=C1)C1=CC=C(S1)C1=CC(=C(O*)C=C1)C(F)(F)F,0.2988530764097066,msa,test
FC(F)(F)COP(*)(OC1=CC=CC=C1)=NP(OC1=CC=CC=C1)(OC1=CC=CC=C1)=NP(OC1=CC=CC=C1)(OC1=CC=CC=C1)=NP(OC1=CC=CC=C1)(OC1=CC=CC=C1)=NP(OC1=CC=CC=C1)(OC1=CC=CC=C1)=N*,0.5314789170422551,msa,test
FC(F)(F)COP(*)(OCC(F)(F)F)=N*,1.480868923687168,msa,train
FC1=C(F)C(COC(C2CCCC(C2)C(OCC2=C(F)C(F)=C(OC3=CC=C(C=C3)C(C3=CC=C(O*)C=C3)(C(F)(F)F)C(F)(F)F)C(F)=C2F)(C(F)(F)F)C(F)(F)F)(C(F)(F)F)C(F)(F)F)=C(F)C(F)=C1*,-0.0457574905606751,msa,train
FC1=C(F)C(COC(C2CCCC(C2)C(OCC2=C(F)C(F)=C(OC3=CC=C(C=C3)C3=CC=C(O*)C=C3)C(F)=C2F)(C(F)(F)F)C(F)(F)F)(C(F)(F)F)C(F)(F)F)=C(F)C(F)=C1*,-0.2146701649892329,msa,train
FC1=C(F)C(COC(C2CCCC(C2)C(OCC2=C(F)C(F)=C(OC3=CC=C(C=C3)N3C(=O)CCC33CCC(=O)N3C3=CC=C(O*)C=C3)C(F)=C2F)(C(F)(F)F)C(F)(F)F)(C(F)(F)F)C(F)(F)F)=C(F)C(F)=C1*,-0.3372421683184259,msa,train
FC1=C(F)C(COC(C2CCCC(C2)C(OCC2=C(F)C(F)=C(OC3=CC=C(CC4=CC=C(O*)C=C4)C=C3)C(F)=C2F)(C(F)(F)F)C(F)(F)F)(C(F)(F)F)C(F)(F)F)=C(F)C(F)=C1*,-0.2596373105057561,msa,train
FC1=C(F)C(OC2=CC=C(NC(=O)CN3C(=O)C4=CC=C(C=C4C3=O)C(*)=O)C=C2)=C(F)C(F)=C1OC1=CC=C(N*)C=C1,-1.1487416512809248,msa,train
FC1=CC(*)=CC=C1CC1=C(F)C=C(C=C1)N1C(=O)C2=CC=C(C=C2C1=O)C1=CC2=C(C=C1)C(=O)N(*)C2=O,-1.6925039620867872,msa,train
FC1=CC=C(C=C1)C(*)C*,-0.0809219076239261,msa,train
FCC1CC2CC1C(*)C2*,1.230448921378274,msa,test
NC1=C(*)C=CC(=C1)C1=CC(N)=C(C=C1)N1C(=O)C2=CC=C(C=C2C1=O)C(C1=CC=C2C(=O)N(*)C(=O)C2=C1)(C(F)(F)F)C(F)(F)F,0.7160033436347992,msa,train
NC1=CC(=CC=C1)N1C(=O)C2=CC=C(*C3=CC=C(C(*)=O)C(=C3)C(*)=O)C=C2C1=O,-2.2006594505464183,msa,train
NC1=CC(OC2=CC(NC(=O)C3=CC(=CC=C3C(O)=O)C(C3=CC=C(C(=O)N*)C(=C3)C(O)=O)(C(F)(F)F)C(F)(F)F)=C(N)C=C2)=CC=C1*,-0.7695510786217261,msa,train
O=C1C2C(CC(C=*)C2C(=O)N1C12CC3CC(CC(C3)C1)C2)C=*,-0.3010299956639812,msa,train
O=C1C2C(CC(C=*)C2C(=O)N1C1=CC=CC=C1)C=*,-0.5086383061657274,msa,train
O=C1C2C(CC(C=*)C2C(=O)N1C1CCCC1)C=*,-0.3467874862246563,msa,test
O=C1C2C(CC(C=*)C2C(=O)N1C1CCCCC1)C=*,-0.2839966563652008,msa,train
OC(=O)C1=C(C=CC=C1)C(C1=CC=C(O*)C=C1)C1=CC=C(OC2=CC=C(C=C2)S(=O)(=O)C2=CC=C(*)C=C2)C=C1,-1.359518563029578,msa,test
OC(=O)C1C=CC=CC1C(C1=CC=C(O*)C=C1)C1=CC=C(OC2=CC=C(C=C2)C(=O)C2=CC=C(*)C=C2)C=C1,-1.3142582613977365,msa,train
OC(C*)C*,-1.8239087409443189,msa,train
OC1=CC(=CC=C1*)C1=CC(O)=C(C=C1)N1C(=O)C2=CC=C(C=C2C1=O)C1=CC2=C(C=C1)C(=O)N(*)C2=O,-3.0,msa,train
OC1=CC(CC2=CC(O)=C(C=C2)N2C(=O)C3=CC=C(C=C3C2=O)C(C2=CC3=C(C=C2)C(=O)N(*)C3=O)(C(F)(F)F)C(F)(F)F)=CC=C1*,-0.7746907182741372,msa,train
OC1=CC=C(C=C1)C(*)C*,-1.8239087409443189,msa,train
OC1=CC=C(C=C1)N1C(*)=NN=C1C1=CC=C(C=C1)C(C1=CC=C(*)C=C1)(C(F)(F)F)C(F)(F)F,1.0086001717619175,msa,test
OC1=CC=C(C=C1)N1C(*)=NN=C1C1=CC=CC(=C1)C(C1=CC(*)=CC=C1)(C(F)(F)F)C(F)(F)F,0.3747483460101038,msa,train
OC1=CC=C(C=C1*)C(C1=CC(N2C(=O)C3=C(C=C(C=C3)C(C3=CC4=C(C=C3)C(=O)N(*)C4=O)(C(F)(F)F)C(F)(F)F)C2=O)=C(O)C=C1)(C(F)(F)F)C(F)(F)F,-0.3979400086720376,msa,train
OC1=CC=C(C=C1N1C(=O)C2=CC=C(C=C2C1=O)C(C1=CC=C2C3=NC4=C(C=CC(=C4)C4=CC5=C(C=C4)N=C4N5C(=O)C5=C4C=C(*)C=C5)N3C(=O)C2=C1)(C(F)(F)F)C(F)(F)F)C(C1=CC(N2C(=O)C3=CC=C(C=C3C2=O)C(*)(C(F)(F)F)C(F)(F)F)=C(O)C=C1)(C(F)(F)F)C(F)(F)F,-0.2757241303992109,msa,train
OC1=CC=C2C=C(C=CC2=C1C1=C(O)C=CC2=CC(*)=CC=C12)N1C(=O)C2=C(C=C(C=C2)C(=O)C2=CC3=C(C=C2)C(=O)N(*)C3=O)C1=O,-0.958607314841775,msa,test
OC1=CC=C2C=C(C=CC2=C1C1=C(O)C=CC2=CC(*)=CC=C12)N1C(=O)C2=C(C=C(C=C2)C(C2=CC3=C(C=C2)C(=O)N(*)C3=O)(C(F)(F)F)C(F)(F)F)C1=O,-0.8538719643217619,msa,train
OC1=CC=C2C=C(C=CC2=C1C1=C(O)C=CC2=CC(*)=CC=C12)N1C(=O)C2=C(C=C(OC3=CC4=C(C=C3)C(=O)N(*)C4=O)C=C2)C1=O,-1.3010299956639813,msa,test
OC1C(O*)C(O[N+]([O-])=O)OC(OC2C(O)C(O[N+]([O-])=O)C(O*)OC2CO[N+]([O-])=O)C1O[N+]([O-])=O,-0.9208187539523752,msa,train
OS(=O)(=O)C1=CC=C(C=C1)C(*)=C(*)C1=CC=C(C=C1)S(O)(=O)=O,-0.5528419686577808,msa,train
[H]C(*)=C(*)C(C)(C)C,1.6334684555795866,msa,train
[H]C([H])(C1=CC=C(*)C=C1)C1=CC=C(OC2=CC=C(C=C2)S(=O)(=O)C2=CC=C(O*)C=C2)C=C1,-0.6989700043360187,msa,test
[H]C([H])(C1=CC=C(O*)C=C1)C1=CC=C(OC2=CC=C(C=C2)S(=O)(=O)C2=CC=C(*)C=C2)C=C1,-0.6989700043360187,msa,train
[H]C1=C([H])C2([H])C3C(C(=O)N(*)C3=O)C1([H])C1C2C(=O)N(C1=O)C1=CC2=C(C=C1O)C1(CC(C)(C)C3=C1C=C(O)C(*)=C3)CC2(C)C,0.7403626894942439,msa,test
[H]C1=CC(=CC(=C1)C(=O)OC1=C(Br)C=C(C=C1Br)C(C1=CC(Br)=C(O*)C(Br)=C1)(C(F)(F)F)C(F)(F)F)C(*)=O,0.0293837776852096,msa,train
[H]C1=CC(=CC(=C1)C(=O)OC1=C(Br)C=C(C=C1Br)C1(C2C=CC=CC2C2C=CC=CC12)C1=CC(Br)=C(O*)C(Br)=C1)C(*)=O,-0.1518108830086013,msa,train
[H]C1=CC(=CC(=C1)C(=O)OC1=C(Br)C=C(C=C1Br)C1(OC(=O)C2C=CC=CC12)C1=CC(Br)=C(O*)C(Br)=C1)C(*)=O,-0.5376020021010439,msa,train
[H]C1=CC(=CC(=C1)C(=O)OC1=C(C)C=C(C=C1Br)C(C)(C)C1=CC(Br)=C(O*)C(C)=C1)C(*)=O,-0.6595558851598816,msa,test
[H]C1=CC(=CC(=C1)C(=O)OC1=C(C)C=C(C=C1C)C(C)(C)C1=CC(C)=C(O*)C(C)=C1)C(*)=O,-0.2373214362725638,msa,train
[H]C1=CC(=CC(=C1)C(=O)OC1=C(C)C=C(C=C1[H])C(C)(C)C1=CC([H])=C(O*)C(C)=C1)C(*)=O,-1.202040356262804,msa,train
[H]C1=CC(=CC(=C1)C(=O)OC1=C(C=C(C=C1[H])C(C)(C)C1=CC([H])=C(O*)C(=C1)C(C)C)C(C)C)C(*)=O,-0.563837352959244,msa,train
[H]C1=CC(=CC(=C1)C(=O)OC1=C([H])C=C(C=C1[H])C(C1=CC([H])=C(O*)C([H])=C1)(C(F)(F)F)C(F)(F)F)C(*)=O,-0.0579919469776867,msa,test
[H]C1=CC(=CC(=C1)C(=O)OC1=C([H])C=C(C=C1[H])C1(C2C=CC=CC2C2C=CC=CC12)C1=CC([H])=C(O*)C([H])=C1)C(*)=O,-0.2441251443275086,msa,train
[H]C1=CC(=CC(=C1)C(=O)OC1=C([H])C=C(C=C1[H])C1(OC(=O)C2=C1C=CC=C2)C1=CC([H])=C(O*)C([H])=C1)C(*)=O,-0.5783960731301689,msa,train
[H]C1=CC(=CC(=C1)C(=O)OC1=C([H])C=C(C=C1[H])C1(OC(=O)C2C=CC=CC12)C1=CC([H])=C(O*)C([H])=C1)C(*)=O,-0.5590909179347823,msa,train
[H]C1=CC(=CC(C(C)C)=C1OC(=O)C1=CC(=CC(=C1)C(*)=O)C(C)(C)C)C(C)(C)C1=CC([H])=C(O*)C(=C1)C(C)C,0.0330214446829106,msa,train
[H]C1=CC(=CC(C)=C1O*)C(C)(C)C1=CC(C)=C(OC(=O)C2=CC(=CC=C2)C(=O)O*)C([H])=C1,-1.1191864077192086,msa,train
[H]C1=CC(=CC(C)=C1O*)C(C)(C)C1=CC(C)=C(OC(=O)C2=CC=C(C=C2)C(=O)O*)C([H])=C1,-0.6382721639824072,msa,train
[H]C1=CC(=CC(C)=C1OC(=O)C1=CC(=CC(=C1)C(*)=O)C(C)(C)C)C(C)(C)C1=CC([H])=C(O*)C(C)=C1,-0.4056074496245733,msa,train
[H]C1=CC(=CC([H])=C1O*)C(C)(C)C1=CC([H])=C(OC(=O)C2=CC(=CC(=C2)C(*)=O)C(C)(C)C)C([H])=C1,0.0731682622651015,msa,train
[H]C1=CC(=CC([H])=C1O*)C(C1=CC([H])=C(OC(=O)C2=CC(=CC(=C2)C(*)=O)C(C)(C)C)C([H])=C1)(C(F)(F)F)C(F)(F)F,0.5705429398818975,msa,train
[H]C1=CC(=CC([H])=C1O*)C(C1=CC([H])=C(OC(=O)C2=CC=CC(=C2)C(*)=O)C([H])=C1)(C(F)(F)F)C(F)(F)F,0.0453229787866574,msa,train
[H]C1=CC(=CC([H])=C1O*)C1(C2C=CC=CC2C2C=CC=CC12)C1=CC([H])=C(OC(=O)C2=CC(=CC(=C2)C(*)=O)C(C)(C)C)C([H])=C1,0.2866809693549302,msa,train
[H]C1=CC(=CC([H])=C1O*)C1(C2C=CC=CC2C2C=CC=CC12)C1=CC([H])=C(OC(=O)C2=CC=CC(=C2)C(*)=O)C([H])=C1,-0.2549252084179425,msa,test
[H]C1=CC(=CC([H])=C1O*)C1(OC(=O)C2=C1C=CC=C2)C1=CC([H])=C(OC(=O)C2=CC(=CC(=C2)C(*)=O)C(C)(C)C)C([H])=C1,0.0253058652647702,msa,train
[H]C1=CC(=CC([H])=C1O*)C1(OC(=O)C2C=CC=CC12)C1=CC([H])=C(OC(=O)C2=CC(=CC(=C2)C(*)=O)C(C)(C)C)C([H])=C1,0.0374264979406236,msa,train
[H]C1=CC(=CC=C1OC(=O)C1=CC=C(C=C1)C(=O)O*)C1(OC(=O)C2=C1C=CC=C2)C1=CC([H])=C(O*)C=C1,-0.3872161432802645,msa,train
[H]C1=CC(OC2=CC=C(C=C2)C2(OC(=O)C3=CC=CC=C23)C2=CC=C(OC3=CC=C(C([H])=C3)N3C(=O)C4=C(C=C(C=C4)C(C4=CC5=C(C=C4)C(=O)N(*)C5=O)(C(F)(F)F)C(F)(F)F)C3=O)C=C2)=CC=C1*,-0.0154726866562074,msa,train
[H]C1=CC2=C(C=C1)C1=CC=C(C=C1C2(C)C)C(*)=C(*)C1=CC(F)=C(F)C=C1,3.707570176097936,msa,test
[H]C1=CC2=C(C=C1)C1=CC=C(C=C1C2(C)C)C(*)=C(*)C1=CC(F)=CC(F)=C1,3.230448921378274,msa,train
[H]C1=CC2=C(C=C1)C1=CC=C(C=C1C2(C)C)C(*)=C(*)C1=CC(F)=CC=C1,3.6232492903979,msa,train
[H]C1=CC2=C(C=C1)C1=CC=C(C=C1C2(C)C)C(*)=C(*)C1=CC=C(Br)C=C1,3.5440680443502757,msa,train
[H]C1=CC2=C(C=C1)C1=CC=C(C=C1C2(C)C)C(*)=C(*)C1=CC=C(C=C1)C(C)(C)C,3.3979400086720375,msa,train
[H]C1=CC2=C(C=C1)C1=CC=C(C=C1C2(C)C)C(*)=C(*)C1=CC=C(C=C1)[Si](C)(C)C,2.322219294733919,msa,test
[H]C1=CC2=C(C=C1)C1=CC=C(C=C1C2(C)C)C(*)=C(*)C1=CC=C(F)C=C1,3.6720978579357175,msa,test
[H]C1=CC2=C(C=C1)C1=CC=C(C=C1C2(C)C)C(*)=C(*)C1=CC=CC=C1,3.5185139398778875,msa,train
[H]C1=CC2=C(C=C1C(C)(C)C)C1(C3=C2C=C(O*)C(O*)=C3)C2=C(C=C3OC4=C(OC3=C2)C(C#N)=C(*)C(*)=C4C#N)C2=C1C=C(C([H])=C2)C(C)(C)C,2.9111576087399764,msa,train
[H]C1=CC2=C(C=C1C)C1(C3=C(C=C([H])C(C)=C3)C3=C1C=C1OC4=C(OC1=C3)C(C#N)=C(*)C(*)=C4C#N)C1=C2C=C(O*)C(O*)=C1,2.57978359661681,msa,train
[H]C1=CC2=C(C=C1[H])C1(C3=C(C=C(C)C(C)=C3)C3=C1C=C(O*)C(O*)=C3)C1=C2C=C2OC3=C(OC2=C1)C(C#N)=C(*)C(*)=C3C#N,2.5327543789924976,msa,train
[H]C1=CC2=C(C=C1[H])C1(C3=C(C=C([H])C([H])=C3)C3=C1C=C1OC4=C(OC1=C3)C(C#N)=C(*)C(*)=C4C#N)C1=C2C=C(O*)C(O*)=C1,2.3299061234002103,msa,train
[H]C1=CC=C(C=C1)C(*)=C(*)C1=CC=C(C=C1)[Si](C)(C)CCCCCCCC,1.0413926851582251,msa,train
[H]C1=CC=C(C=C1)C1=C(C2=CC=C([H])C=C2)C(C2=CC=C3OC4=C(OC3=C2)C(C#N)=C(*)C(*)=C4C#N)=C(C2=CC=C([H])C=C2)C(C2=CC=C([H])C=C2)=C1C1=CC=C(O*)C(O*)=C1,2.0293837776852097,msa,train
[H]C1=CC=C(C=C1)N(C1=CC=C(*)C=C1)C1=CC=C(C=C1)N1C(=O)C2=C(C=C(C=C2)C(C2=CC=C3C(=O)N(*)C(=O)C3=C2)(C(F)(F)F)C(F)(F)F)C1=O,-1.0969100130080565,msa,test
[H]C1CC(*)CC1\C=C\*,0.1760912590556812,msa,test
[H]N(*)C(=O)C1=CC=C(C=C1)C(C1=CC=C(C=C1)C(=O)N([H])C1=C(C)C2=C(C=C1C)C1C3=C(C=CC=C3)C2C2=C1C=C(C)C(*)=C2C)(C(F)(F)F)C(F)(F)F,0.7634279935629373,msa,train
[H]N1C2C=CC(*)=CC2C2=C1C=CC(=C2)N1C(=O)C2=CC=C(C=C2C1=O)C(C1=CC2=C(C=C1)C(=O)N(*)C2=O)(C(F)(F)F)C(F)(F)F,-0.1402614338028531,msa,train
[O-]S(=O)(=O)C1=CC=C(C=C1)C(*)C*,-0.9956786262173574,msa,train
