SMILES,O2_msa_log10,source,split
*=CC1CCC(C1)C=*,0.4471580313422192,msa,train
*C(=C(*)C1=CC2=C(C=C1)C1=C(C2)C=CC=C1)C1=CC=CC=C1,3.3324384599156054,msa,train
*C(=C(*)C1=CC2=C(C=C1)C1=C(C=CC=C1)C=C2)C1=CC=CC=C1,3.113943352306837,msa,test
*C(=C(*)C1=CC=C(C=C1)C1=CC=CC=C1)C1=CC=CC=C1,2.255272505103306,msa,train
*C(=C(*)C1=CC=C(C=C1)[Si](C1=CC=CC=C1)(C1=CC=CC=C1)C1=CC=CC=C1)C1=CC=CC=C1,1.08278537031645,msa,train
*C(=C(*)C1=CC=C2C3=C(C=CC=C3)C3(CC3)C2=C1)C1=CC=CC=C1,2.8195439355418688,msa,train
*C(=C(*)C1=CC=C2CCCC2=C1)C1=CC=CC=C1,1.9344984512435677,msa,train
*C(=C(*)C1=CC=CC=C1)C1=CC=CC=C1,3.5563025007672873,msa,test
*C(=O)C1=CC=C(C=C1)C1(OC(=O)C2=C1C=CC=C2)C1=CC=C(C=C1)C(=O)C1=CC=C(OC2=CC=C(C=C2)C(=O)C2=CC=C(C=C2)C(=O)C2=CC=C(OC3=CC=C(*)C=C3)C=C2)C=C1,-0.2924298239020636,msa,train
*C(=O)C1=CC=C(C=C1)C1(OC(=O)C2=C1C=CC=C2)C1=CC=C(C=C1)C(=O)C1=CC=C(OC2=CC=C(C=C2)C(=O)C2=CC=C(OC3=CC=C(*)C=C3)C=C2)C=C1,-0.1674910872937636,msa,train
*C(=O)C1=CC=C(C=C1)C1(OC(=O)C2=C1C=CC=C2)C1=CC=C(C=C1)C(=O)C1=CC=C(OC2=CC=C(C=C2)C(=O)C2=CC=CC(=C2)C(=O)C2=CC=C(OC3=CC=C(*)C=C3)C=C2)C=C1,-0.5686362358410126,msa,test
*C(=O)N1C(*)=NC2=C1C=C1N3C(=NC1=C2)C1=CC=C(*)C2=C1C(=CC=C2*)C3=O,-1.6777807052660807,msa,train
*C1=CC(C(=O)C2=CC=CC=C2)=C(*)C=C1,0.4756711883244297,msa,train
*C1=CC2=C(C=C1)C1=NC3=C(C=C(OC4=CC5=C(C=C4)N4C(=O)C6=C(C=C(*)C=C6)C4=N5)C=C3)N1C2=O,-0.619788758288394,msa,train
*C1=CC2=C(OC3=CC(=CC=C3O2)C2(C3=C(C=CC=C3)C3=C2C=CC=C3)C2=CC3=C(OC4=C(O3)C=CC(*)=C4)C=C2)C=C1,0.7543483357110189,msa,train
*C1=CC2C(C=C1)C(=O)N(C2=O)C1=CC=C(OC2=CC=C(C=C2)N2C(=O)C3=CC=C(*)C=C3C2=O)C=C1,-0.1426675035687315,msa,train
*C1=CC=C(C=C1)C1(C2=C(C=CC=C2)C2=C1C=CC=C2)C1=CC=C(*)C=C1,0.8325089127062363,msa,train
*C1=CC=C(C=C1)C1(OC(=O)C2=CC=CC=C12)C1=CC=C(*)C=C1,1.0413926851582251,msa,train
*C1=CC=C(OC2=CC=C(C=C2)C(C2=CC=CC=C2)(C2=CC=CC=C2)C2=CC=C(OC3=CC=C(*)C=C3)C=C2)C=C1,0.3541084391474008,msa,train
*C1=CC=C(OC2=CC=C(C=C2)C2(C3C=CC=CC3C3C=CC=CC23)C2=CC=C(OC3=CC=C(*)C=C3)C=C2)C=C1,0.541579243946581,msa,train
*C1=CC=C(OC2=CC=C(C=C2)S(=O)(=O)C2=CC=C(OC3=CC=C(C=C3)S(*)(=O)=O)C=C2)C=C1,-0.0809219076239261,msa,train
*C1=CC=C(OC2=CC=C(OC3=CC=C(*)C=C3)C3=C2C2C4=C(C=CC=C4)C3C3=C2C=CC=C3)C=C1,0.5314789170422551,msa,train
*C1=CC=C2C(=O)N(C(=O)C2=C1)C1=CC=C(OC2=CC=C(C=C2)N2C(=O)C3=C(C=C(C=C3)C3=NC4=C(C=C(CC5=CC=C6N=C(*)OC(=O)C6=C5)C=C4)C(=O)O3)C2=O)C=C1,-1.0861861476162833,msa,train
*C1=NC2=C(N1)C=CC(=C2)C1=CC2=C(NC(=N2)C2=CC=C(*)C=C2)C=C1,-2.3979400086720375,msa,test
*C1=NC2=C(N1)C=CC(=C2)C1=CC2=C(NC(=N2)C2=CC=CC(*)=C2)C=C1,-1.8239087409443189,msa,train
*C1=NC2=C(N1)C=CC(=C2)C1=CC2=C(NC(=N2)C2=CC=CC(*)=N2)C=C1,-1.3467874862246565,msa,train
*C1=NN=C(N1C1=CC=CC=C1)C1=CC(*)=CC=C1,-0.2839966563652008,msa,train
*C1=NN=C(N1C1=CC=CC=C1)C1=CC=CC(=C1)C1=NN=C(N1C1=CC=CC=C1)C1=CC=C(*)C=C1,0.0644579892269184,msa,train
*C1C(*)C2=NC3=C(C=CC(OC4=CC5=C(C=C4)N=C4N5C(=O)C5=C4C=CC(*)=C5)=C3)N2C1=O,-0.8538719643217619,msa,train
*CC(*)C#N,-3.552841968657781,msa,test
*CC(*)C1=CC=CC=C1,0.4623979978989561,msa,test
*CC(*)C1=CC=NC=C1,-0.0757207139381183,msa,test
*CC(*)OC(=C)C1CCCCC1,0.3424226808222063,msa,train
*CC(*)OC1C2CC3CC(C2)CC1C3,0.7788744720027395,msa,test
*CC(*)OC1CC2CC1C1CCCC21,0.48572142648158,msa,train
*CC(*)OC1CC2CCC1C2,0.5502283530550941,msa,train
*CC(*)OC1CCCCC1,0.5670263661590603,msa,train
*CC(*)OCC1=CC=CC=C1,0.367355921026019,msa,train
*CC(*)OCC1CC2CC1C1CCCC21,-0.0915149811213502,msa,train
*CC(*)OCC1CCCCC1,0.1903316981702915,msa,test
*CC*,-0.1337126609158051,msa,train
*CC1=CC=C(C*)C(=C1)C#N,-1.0438315695246367,msa,train
*CC1=CC=C(C*)C=C1,-0.6289321377282637,msa,train
*CC1CC(*)OCO1,-1.619788758288394,msa,train
*CCCC*,1.0530784434834195,msa,train
*CCCC=C*,2.4913616938342726,msa,train
*CCCCO*,1.3324384599156054,msa,train
*CCO*,0.6374897295125107,msa,train
*CCOC(=O)C1=CC2=CC=C(C=C2C=C1)C(=O)O*,-1.8810742471742232,msa,train
*CCOC(=O)C1=CC=C(C=C1)C(=O)O*,-1.3467874862246565,msa,test
*CCSS*,-0.5406075122407692,msa,train
*CN1CN(*)CC2=CC3=C(C=C12)C1C2=CC=CC=C2C3C2=C1C=C(*)C(*)=C2,3.2777237887624535,msa,train
*CN1CN(*)CC2=CC3=CC4C5CC(C4C=C3C=C12)C1=CC2=C(C=C51)C=C1N(C*)CN(*)CC1=C2,2.5921767573958667,msa,train
*CO*,-1.0457574905606752,msa,train
*C\C=C/C*,1.2787536009528289,msa,test
*N1C(=O)C2=C(C=C(C(OC3=CC=CC=C3)=C2)C2=C(OC3=CC=CC=C3)C=C3C(=O)N(C(=O)C3=C2)C2=CC=C(CC3=CC=C(*)C=C3)C=C2)C1=O,0.5263392773898441,msa,train
*N1C(=O)C2=C(C=C(C(OC3=CC=CC=C3)=C2)C2=C(OC3=CC=CC=C3)C=C3C(=O)N(C(=O)C3=C2)C2=CC=C(OC3=CC=C(*)C=C3)C=C2)C1=O,0.5550944485783191,msa,train
*N1C(=O)C2=C(C=C(C=C2)C(=O)C2=CC=C3C(=O)N(C(=O)C3=C2)C2=CC(*)=CC=C2)C1=O,-0.9507819773298184,msa,train
*N1C(=O)C2=C(C=C(C=C2)C(=O)C2=CC=C3C(=O)N(C(=O)C3=C2)C2=CC=C(CC3=CC=C(*)C=C3)C=C2)C1=O,-0.6757175447023074,msa,train
*N1C(=O)C2=C(C=C(C=C2)C(=O)C2=CC=C3C(=O)N(C(=O)C3=C2)C2=CC=C(OC3=CC=C(*)C=C3)C=C2)C1=O,-0.7695510786217261,msa,train
*N1C(=O)C2=C(C=C(C=C2)C2=CC=C3C(=O)N(C(=O)C3=C2)C2=CC=C(C=C2)S(=O)(=O)C2=CC=C(*)C=C2)C1=O,-0.4584207560534191,msa,train
*N1C(=O)C2=C(C=C(C=C2)C2=CC=C3C(=O)N(C(=O)C3=C2)C2=CC=C(CC3=CC=C(*)C=C3)C=C2)C1=O,-0.7258421507363202,msa,train
*N1C(=O)C2=C(C=C(C=C2)C2=CC=C3C(=O)N(C(=O)C3=C2)C2=CC=C(OC3=CC=C(*)C=C3)C=C2)C1=O,-0.7582045687048014,msa,train
*N1C(=O)C2=C(C=C(C=C2)C2=CC=C3C(=O)N(C(=O)C3=C2)C2=CC=C(OC3=CC=C(C=C3)S(=O)(=O)C3=CC=C(OC4=CC=C(*)C=C4)C=C3)C=C2)C1=O,-0.4341521813264823,msa,test
*N1C(=O)C2=C(C=C(C=C2)C2=CC=C3C(=O)N(C(=O)C3=C2)C2=CC=C(OC3=CC=C(OC4=CC=C(OC5=CC=C(*)C=C5)C=C4)C=C3)C=C2)C1=O,-0.5917600346881504,msa,train
*N1C(=O)C2=C(C=C(C=C2)S(=O)(=O)C2=CC=C3C(=O)N(C(=O)C3=C2)C2=CC=C(CC3=CC=C(*)C=C3)C=C2)C1=O,-0.5287082889410615,msa,test
*N1C(=O)C2=C(C=C(C=C2)S(=O)(=O)C2=CC=C3C(=O)N(C(=O)C3=C2)C2=CC=C(OC3=CC=C(*)C=C3)C=C2)C1=O,-0.6989700043360187,msa,test
*N1C(=O)C2=C(C=C(OC3=CC=C(OC4=CC=C5C(=O)N(C(=O)C5=C4)C4=CC=C(CC5=CC=C(*)C=C5)C=C4)C=C3)C=C2)C1=O,-0.6161846340195687,msa,test
*N1C(=O)C2=C(C=C(OC3=CC=C(OC4=CC=C5C(=O)N(C(=O)C5=C4)C4=CC=C(OC5=CC=C(*)C=C5)C=C4)C=C3)C=C2)C1=O,-0.6655462488490691,msa,train
*N1C(=O)C2=C(C=C(OC3=CC=C4C(=O)N(C(=O)C4=C3)C3=CC(*)=CC=C3)C=C2)C1=O,-1.0915149811213505,msa,train
*N1C(=O)C2=C(C=C(OC3=CC=C4C(=O)N(C(=O)C4=C3)C3=CC=C(CC4=CC=C(*)C=C4)C=C3)C=C2)C1=O,-0.583359492661719,msa,train
*N1C(=O)C2=C(C=C(OC3=CC=C4C(=O)N(C(=O)C4=C3)C3=CC=C(OC4=CC=C(*)C=C4)C=C3)C=C2)C1=O,-0.7375489102695706,msa,train
*N1C(=O)C2=C(C=C(SC3=CC=C4C(=O)N(C(=O)C4=C3)C3=CC=C(CC4=CC=C(*)C=C4)C=C3)C=C2)C1=O,-0.6090648928966209,msa,test
*N1C(=O)C2=C(C=C(SC3=CC=C4C(=O)N(C(=O)C4=C3)C3=CC=C(OC4=CC=C(*)C=C4)C=C3)C=C2)C1=O,-0.7033348097384688,msa,train
*N1C(=O)C2=C(C=C3C(=C2)S(=O)(=O)C2=C(C=C4C(=O)N(C(=O)C4=C2)C2=CC=C(OC4=CC=C(*)C=C4)C=C2)S3(=O)=O)C1=O,0.2041199826559248,msa,train
*N1C(=O)C2=C(C=C3C(=O)N(C(=O)C3=C2)C2=CC=C(CC3=CC=C(*)C=C3)C=C2)C1=O,-0.4001169279263121,msa,train
*N1C(=O)C2=C(C=C3C(=O)N(C(=O)C3=C2)C2=CC=C(OC3=CC=C(*)C=C3)C=C2)C1=O,-0.4461169733561256,msa,test
*N1C(=O)C2=C(C=C3C(=O)N(C(=O)C3=C2)C2=CC=CC(OC3=CC(*)=CC=C3)=C2)C1=O,-0.8860566476931633,msa,test
*N1C(=O)C2=C(C=C3SC4=C(SC3=C2)C=C2C(=O)N(C(=O)C2=C4)C2=CC=C(OC3=CC=C(*)C=C3)C=C2)C1=O,-0.1307682802690238,msa,test
*N1C(=O)C2=CC3=C(C=C2C1=O)C(=O)N(C3=O)C1=CC=C(OC2=CC=C(*)C=C2)C=C1,-0.0835460514500749,msa,train
*N1C(=O)C2=CC3=C(C=C2C1=O)C(=O)N(C3=O)C1=CC=CC(OC2=CC=C(*)C=C2)=C1,-0.5086383061657274,msa,train
*N1C(=O)C2=CC=C(C=C2C1=O)C(=O)C1=CC=C2C(=O)N(C(=O)C2=C1)C1=CC=C(OC2=CC=C(*)C=C2)C=C1,-0.7189666327522725,msa,test
*N1C(=O)C2=CC=C(OC3=CC=C(OC4=CC5=C(C=C4)C(=O)N(C5=O)C4=CC=C(CC5=CC=C(*)C=C5)C=C4)C=C3)C=C2C1=O,-0.6161846340195687,msa,train
*N1C(=O)C2=CC=C(OC3=CC=C(OC4=CC5=C(C=C4)C(=O)N(C5=O)C4=CC=CC(*)=C4)C=C3)C=C2C1=O,-0.826813731587726,msa,train
*N1C(=O)C2C=C3C(=O)N(C(=O)C3=CC2C1=O)C1=CC(OC2=CC(*)=CC=C2)=CC=C1,-0.8860566476931633,msa,test
*N1C(=O)C2C=CC(=CC2C1=O)C(=O)C1=CC=C2C(=O)N(C(=O)C2=C1)C1=CC=C(C=C1)N(C1=CC=CC=C1)C1=CC=C(*)C=C1,-0.0655015487564322,msa,train
*N1C(=O)C2C=CC(=CC2C1=O)C1=CC=C2C(=O)N(C(=O)C2=C1)C1=CC=C(C=C1)N(C1=CC=CC=C1)C1=CC=C(*)C=C1,0.0755469613925307,msa,test
*N1C(=O)C2C=CC(=CC2C1=O)C1=CC=C2C(=O)N(C(=O)C2=C1)C1=CC=C(C=C1)S(=O)(=O)C1=CC=C(*)C=C1,-0.3010299956639812,msa,train
*N1C(=O)C2C=CC(OC3=CC=C4C(=O)N(C(=O)C4=C3)C3=CC=C(C=C3)N(C3=CC=CC=C3)C3=CC=C(*)C=C3)=CC2C1=O,-0.1191864077192086,msa,train
*N=P(*)(OC1=CC=CC=C1)OC1=CC=CC=C1,0.3242824552976926,msa,train
*NC(=O)C1=CC(=CC=C1)C(=O)NC1=CC=C(C=C1)C1(C2C=CC=CC2C2C=CC=CC12)C1=CC=C(*)C=C1,0.0791812460476248,msa,train
*NC(=O)C1=CC=C(C=C1)C(=O)NC1=CC=C(C=C1)C1(C2C=CC=CC2C2C=CC=CC12)C1=CC=C(*)C=C1,0.4771212547196624,msa,train
*NC1=CC=C(*)C=C1,-0.8696662315049939,msa,train
*NC1=CC=C(C=C1)C(=O)C1=CC=C(NC(=O)C2=CC=CC(=C2)C(*)=O)C=C1,-1.1611509092627446,msa,train
*NC1=CC=C(C=C1)C1(C2C=CC=CC2C2C=CC=CC12)C1=CC=C(NC(=O)CN2C(=O)C3=CC=C(C=C3C2=O)C(*)=O)C=C1,-0.4596705252091263,msa,train
*NC1=CC=C(C=C1)S(=O)(=O)C1=CC=C(NC(=O)C2=CC(=CC(=C2)C2=CC=CC=C2)C(*)=O)C=C1,-0.1249387366082999,msa,train
*NC1=CC=C(C=C1)S(=O)(=O)C1=CC=C(NC(=O)C2=CC(=CC=C2)C(*)=O)C=C1,-0.721246399047171,msa,test
*NC1=CC=C(CC2=CC=C(NC(=O)CN3C(=O)C4=CC=C(C=C4C3=O)C(*)=O)C=C2)C=C1,-1.1870866433571443,msa,test
*NC1=CC=C(OC2=CC=C(OC3=CC=C(NC(=O)CN4C(=O)C5=CC=C(C=C5C4=O)C(*)=O)C=C3)C=C2)C=C1,-0.7328282715969863,msa,train
*NCCCCCC(*)=O,-1.4436974992327127,msa,train
*OC(=O)OC1=CC=C(C=C1)C1(C2=C(C=CC=C2)C2=C1C=CC=C2)C1=CC=C(*)C=C1,0.5024271199844327,msa,train
*OC(=O)OC1=CC=C(C=C1)C1(CC2CCC1C2)C1=CC=C(*)C=C1,0.380211241711606,msa,test
*OC(=O)OC1=CC=C(C=C1)C1(CCCCC1)C1=CC=C(*)C=C1,-0.2218487496163563,msa,train
*OC1=C(C=C(*)C=C1C1=CC=CC=C1)C1=CC=CC=C1,0.8864907251724818,msa,train
*OC1=C2C=CC=C(OC3=CC=C(C=C3)S(=O)(=O)C3=CC=C(*)C=C3)C2=CC=C1,-0.3767507096020995,msa,train
*OC1=CC2=C(C=C1)C(=O)N1C3=C(C=C(OC4=CC5=C(C=C4)N=C4N5C(=O)C5=C4C=CC(*)=C5)C=C3)N=C21,-0.6575773191777937,msa,train
*OC1=CC2=C(C=C1)N=C(C1=CC=CC=C1)C(=N2)C1=CC=C(C=C1)C1=NC2=C(C=CC(*)=C2)N=C1C1=CC=CC=C1,0.2944662261615929,msa,train
*OC1=CC2=C(C=C1O*)C1(C3=C2C=CC=C3)C2=C(C=CC=C2)C2=C1C=C1OC3=C(OC1=C2)C(C#N)=C(*)C(*)=C3C#N,3.36078268987328,msa,train
*OC1=CC=C(C(=O)C2=CC=C(OC3=CC=C(C=C3)C3(C4C=CC=CC4C4C=CC=CC34)C3=CC=C(*)C=C3)C=C2)C2=C1C=CC=C2,0.1522883443830564,msa,train
*OC1=CC=C(C=C1)C(=O)C1=CC(=CC=C1)C1=CC(=CC=C1)C(=O)C1=CC=C(OC2=CC=C(C=C2)C2(C3C=CC=CC3C3C=CC=CC23)C2=CC=C(*)C=C2)C=C1,-0.2757241303992109,msa,test
*OC1=CC=C(C=C1)C(=O)C1=CC=C(C=C1)C1=CC=C(C=C1)C(=O)C1=CC=C(OC2=CC=C(C=C2)S(=O)(=O)C2=CC=C(*)C=C2)C=C1,-0.1938200260161128,msa,test
*OC1=CC=C(C=C1)C1(C2=C(C=CC=C2)C2=C1C=CC=C2)C1=CC=C(OC(=O)C2=CC=CC(=C2)C(*)=O)C=C1,0.5932860670204573,msa,train
*OC1=CC=C(C=C1)C1(C2C=CC=CC2C2C=CC=CC12)C1=CC=C(OC2=CC=C(C=C2)S(=O)(=O)C2=CC=C(*)C=C2)C=C1,0.4409090820652177,msa,train
*OC1=CC=C(C=C1)C1(C2CC3CC(C2)CC1C3)C1=CC=C(OC2=CC=C(C=C2)S(=O)(=O)C2=CC=C(*)C=C2)C=C1,0.2695129442179163,msa,train
*OC1=CC=C(C=C1)C1(NC(=O)C2C=CC=CC12)C1=CC=C(OC2=CC=C(C=C2)C(=O)C2=CC=C(*)C=C2)C=C1,-0.1784864715952268,msa,train
*OC1=CC=C(C=C1)C1(OC(=O)C2=C1C=CC=C2)C1=CC=C(OC(=O)C2=CC=CC(=C2)C(*)=O)C=C1,0.3117538610557542,msa,train
*OC1=CC=C(C=C1)C1(OC(=O)C2=C1C=CC=C2)C1=CC=C(OC2=CC=C(C=C2)S(=O)(=O)C2=CC=C(*)C=C2)C=C1,0.0791812460476248,msa,train
*OC1=CC=C(C=C1)C1(OC(=O)C2=CC=CC=C12)C1=CC=C(OC(=C)C2=CC=C(C=C2)C2=CC=C(C=C2)C(*)=O)C=C1,0.2041199826559248,msa,train
*OC1=CC=C(C=C1)C1(OC(=O)C2C=CC=CC12)C1=CC=C(OC2=CC=C(C=C2)C(=O)C2=CC=C(*)C=C2)C=C1,-0.021819483062586,msa,test
*OC1=CC=C(C=C1)C1(OC(=O)C2C=CC=CC12)C1=CC=C(OC2=CC=C(C=C2)C(=O)C2=CC=C(C=C2)C(=O)C2=CC=C(*)C=C2)C=C1,-0.1979107421182673,msa,train
*OC1=CC=C(C=C1)C12CC3CC(C1)CC(C3)(C2)C1=CC=C(OC2=CC=C(C=C2)S(=O)(=O)C2=CC=C(*)C=C2)C=C1,0.4065401804339551,msa,test
*OC1=CC=C(C=C1)C1=CC=C(OC2=CC=C(C=C2)S(=O)(=O)C2=CC=C(*)C=C2)C=C1,0.1139433523068367,msa,train
*OC1=CC=C(C=C1)C1=NN(C(=O)C2C=CC=CC12)C1=CC=C(C=C1)C(=O)C1=CC=C(*)C=C1,-0.1249387366082999,msa,train
*OC1=CC=C(C=C1)C1=NN(C2=CC=C(C=C2)S(=O)(=O)C2=CC=C(*)C=C2)C(=O)C2=C1C=CC=C2,-0.8239087409443188,msa,train
*OC1=CC=C(C=C1)S(=O)(=O)C1=CC=C(OC2=CC3=CC(*)=CC=C3C=C2)C=C1,-0.3010299956639812,msa,train
*OC1=CC=C(C=C1)S(=O)(=O)C1=CC=C(OC2=CC3=CC=C(*)C=C3C=C2)C=C1,-0.4202164033831898,msa,train
*OC1=CC=C(C=C1)S(=O)(=O)C1=CC=C(OC2=CC=C(C=C2)C2(C3=C(C=CC=C3)C3=C2C=CC=C3)C2=CC=C(*)C=C2)C=C1,0.4409090820652177,msa,train
*OC1=CC=C(C=C1)S(=O)(=O)C1=CC=C(OC2=CC=C(C=C2)C2=CC=C(*)C=C2)C=C1,0.1139433523068367,msa,train
*OC1=CC=C(C=C1)S(=O)(=O)C1=CC=C(OC2=CC=C(OC3=CC=C(*)C=C3)C=C2)C=C1,0.041392685158225,msa,train
*OC1=CC=C(C=C1)S(=O)(=O)C1=CC=C(OC2=CC=CC3=C(*)C=CC=C23)C=C1,-0.3767507096020995,msa,train
*OC1=CC=C(C=C1O*)C1=C(C2=CC=C(C=C2)C#N)C(C2=CC=C(C=C2)C#N)=C(C2=CC=C3OC4=C(OC3=C2)C(C#N)=C(*)C(*)=C4C#N)C(C2=CC=C(C=C2)C#N)=C1C1=CC=C(C=C1)C#N,2.311753861055754,msa,train
*OC1=CC=C(OC2=CC3=C(C=C2)C(=O)N2C4=C(C=C(OC5=CC6=C(C=C5)N=C5N6C(=O)C6=C5C=CC(*)=C6)C=C4)N=C32)C=C1,-0.6382721639824072,msa,train
*OC1=CC=C(OC2=CC=C(C=C2)C(=O)C2=CC=C(*)C=C2)C=C1,-0.5867002359187482,msa,train
*OC1=CC=C(OC2=CC=C(OC3=CC=C(C=C3)S(=O)(=O)C3=CC=C(*)C=C3)C=C2)C=C1,0.041392685158225,msa,train
*OCCCCCC(*)=O,0.1210671674677291,msa,train
*SC1=CC=C(*)C=C1,-0.721246399047171,msa,train
BrC1=C(C=CC(*)=C1)C1=NC2=C(N1)C=CC(=C2)C1=CC2=C(NC(*)=N2)C=C1,-2.2218487496163566,msa,train
BrC1=CC(*)=CC=C1CC1=C(Br)C=C(C=C1)N1C(=O)C2=CC=C(C=C2C1=O)C1=CC2=C(C=C1)C(=O)N(*)C2=O,-1.034798298974088,msa,test
BrC1=CC(=CC(Br)=C1O*)C1(C2C=CC=CC2C2C=CC=CC12)C1=CC(Br)=C(OC(=O)C2=CC=CC(=C2)C(*)=O)C(Br)=C1,0.6839471307515121,msa,train
BrC1=CC(=CC(Br)=C1O*)C1(OC(=O)C2=C1C=CC=C2)C1=CC(Br)=C(OC(=O)C2=CC=CC(=C2)C(*)=O)C(Br)=C1,0.292256071356476,msa,test
BrC1=CC(C*)=CC=C1C*,-1.6179829574251317,msa,train
BrC1=CC(C2=NC3=C(N2)C=CC(=C3)C2=CC3=C(NC(*)=N3)C=C2)=C(Br)C=C1*,-1.154901959985743,msa,train
BrC1=CC=C(C=C1)C(*)C*,0.2787536009528289,msa,train
BrC1=CC=C(C=C1)C1=C(C2=CC=C(Br)C=C2)C(C2=CC=C3OC4=C(OC3=C2)C(C#N)=C(*)C(*)=C4C#N)=C(C2=CC=C(Br)C=C2)C(C2=CC=C(Br)C=C2)=C1C1=CC=C(O*)C(O*)=C1,2.307496037913213,msa,train
BrC1=CC=C(OP(*)(OC2=CC=C(Br)C=C2)=N*)C=C1,-0.0409586076789063,msa,train
CC(*)(C*)C#N,-2.9208187539523753,msa,train
CC(*)(C*)C(=O)OCC(F)(F)C(F)(F)C(F)(F)C(F)(F)C(F)(F)C(F)(F)C(F)(F)F,1.4771212547196624,msa,train
CC(*)(C*)C1=CC=CC=C1,-0.0861861476162833,msa,train
CC(*)=C(*)C1=CC=CC=C1,1.5652573434202135,msa,train
CC(*)=C(*)[Si](C)(C)C,4.088136088700551,msa,train
CC(*)C*,0.1492191126553798,msa,train
CC(=O)OC(*)C*,-0.3115801779972894,msa,train
CC(=O)OC(*)CC(C*)(C#N)C#N,-0.7958800173440752,msa,train
CC(=O)OC1=CC=C(C=C1)C(*)C*,0.4913616938342727,msa,train
CC(=O)OC1=CC=C2C=C(C=CC2=C1C1=C(OC(C)=O)C=CC2=CC(*)=CC=C12)N1C(=O)C2=C(C=C(C=C2)C(=O)C2=CC3=C(C=C2)C(=O)N(*)C3=O)C1=O,-0.0362121726544447,msa,train
CC(=O)OC1=CC=C2C=C(C=CC2=C1C1=C(OC(C)=O)C=CC2=CC(*)=CC=C12)N1C(=O)C2=C(C=C(C=C2)C(C2=CC3=C(C=C2)C(=O)N(*)C3=O)(C(F)(F)F)C(F)(F)F)C1=O,0.0755469613925307,msa,test
CC(=O)OC1=CC=C2C=C(C=CC2=C1C1=C(OC(C)=O)C=CC2=CC(*)=CC=C12)N1C(=O)C2=C(C=C(OC3=CC4=C(C=C3)C(=O)N(*)C4=O)C=C2)C1=O,-0.2146701649892329,msa,train
CC(=O)OC1C(*)C(COC(=O)NC(C)(C)C)OC(O*)C1OC(C)=O,0.6334684555795865,msa,train
CC(=O)OC1OC(O*)C(OC(C)=O)C(O)C1*,-0.133712660915805,msa,train
CC(=O)OC1OC(O*)C(OC(C)=O)C(OC(C)=O)C1*,0.1643528557844371,msa,train
CC(C)(*)C*,0.4608978427565479,msa,train
CC(C)(C)C1=CC(*)=CC(=C1)C1=NC2=C(N1)C=CC(=C2)C1=CC2=C(NC(*)=N2)C=C1,-0.3767507096020995,msa,train
CC(C)(C)C1=CC(=CC(=C1)C(*)=O)C(=O)NC1=CC=C(C=C1)C(=O)C1=CC=C(N*)C=C1,0.0644579892269184,msa,train
CC(C)(C)C1=CC(=CC(=C1)C(=O)NC1=CC=C(C=C1)C1(C2C=CC=CC2C2C=CC=CC12)C1=CC=C(*)C=C1)C(=O)N*,0.9030899869919436,msa,train
CC(C)(C)C1=CC(=CC(=C1)C(=O)OC1=C(Br)C=C(C=C1Br)C(C)(C)C1=CC(Br)=C(O*)C(Br)=C1)C(*)=O,0.7505083948513462,msa,train
CC(C)(C)C1=CC(=CC(=C1)C(=O)OC1=C(Br)C=C(C=C1Br)C(C1=CC(Br)=C(O*)C(Br)=C1)(C(F)(F)F)C(F)(F)F)C(*)=O,1.3443922736851108,msa,train
CC(C)(C)C1=CC(=CC(=C1)C(=O)OC1=C(Br)C=C(C=C1Br)C1(C2C=CC=CC2C2C=CC=CC12)C1=CC(Br)=C(O*)C(Br)=C1)C(*)=O,1.2253092817258628,msa,train
CC(C)(C)C1=CC(=CC(=C1)C(=O)OC1=C(Br)C=C(C=C1Br)C1(OC(=O)C2=C1C=CC=C2)C1=CC(Br)=C(O*)C(Br)=C1)C(*)=O,0.8698182079793282,msa,train
CC(C)(C)C1=CC(=CC(=C1)C(=O)OC1=C(Br)C=C(C=C1Br)C1(OC(=O)C2C=CC=CC12)C1=CC(Br)=C(O*)C(Br)=C1)C(*)=O,0.8698182079793282,msa,test
CC(C)(C)C1=CC(=CC(OP(Cl)(*)=NP(OC2=CC(=CC(=C2)C(C)(C)C)C(C)(C)C)(OC2=CC(=CC(=C2)C(C)(C)C)C(C)(C)C)=N*)=C1)C(C)(C)C,1.0413926851582251,msa,train
CC(C)(C)C1=CC(OC2=CC=C(C=C2)C(=O)C2=CC=C(*)C=C2)=CC=C1O*,0.143014800254095,msa,train
CC(C)(C)C1=CC(OC2=CC=C(C=C2)C(=O)NC2=CC=C(C=C2)C(C)(C)C2=CC=C(N*)C=C2)=C(C=C1OC1=CC=C(C=C1)C(*)=O)C(C)(C)C,0.4927603890268375,msa,train
CC(C)(C)C1=CC(OC2=CC=C(C=C2)C(=O)NC2=CC=C(C=C2)C(C2=CC=C(N*)C=C2)(C(F)(F)F)C(F)(F)F)=C(C=C1OC1=CC=C(C=C1)C(*)=O)C(C)(C)C,0.8965262174895553,msa,train
CC(C)(C)C1=CC=C(C=C1)C(*)=C(*)C1=CC=C(C=C1)S(O)(=O)=O,1.6532125137753435,msa,train
CC(C)(C)C1=CC=C(C=C1)C(*)=C(*)C1=CC=C(O)C=C1,1.9138138523837167,msa,test
CC(C)(C)C1=CC=C(C=C1)C(*)=C(*)C1=CC=C(O[Si](C)(C)C(C)(C)C)C=C1,2.6720978579357175,msa,train
CC(C)(C)C1=CC=C(C=C1)C(*)=C(*)C1=CC=CC(O)=C1,2.7634279935629373,msa,train
CC(C)(C)C1=CC=C(C=C1)C(*)=C(*)C1=CC=CC(O[Si](C)(C)C(C)(C)C)=C1,3.322219294733919,msa,train
CC(C)(C)C1=CC=C(C=C1)C(*)=C(*)C1=CC=CC=C1,3.232996110392154,msa,train
CC(C)(C)C1=CC=C(C=C1)C(*)C*,1.5502283530550942,msa,train
CC(C)(C)C1=CC=C(C=C1)C1=CC=C(C=C1)C(*)=C(*)C1=CC=C(C=C1)[Si](C)(C)C,2.792391689498254,msa,train
CC(C)(C)C1=CC=C(C=C1)C1=CC=C(C=C1)C(*)=C(*)C1=CC=CC=C1,2.290034611362518,msa,train
CC(C)(C)C1=CC=C(OC2=CC3=C(C=C2C2=C(OC4=CC=C(C=C4)C(C)(C)C)C=C4C(=O)N(C(=O)C4=C2)C2=CC=C(OC4=CC=C(*)C=C4)C=C2)C(=O)N(*)C3=O)C=C1,1.0530784434834195,msa,train
CC(C)(C)C1=CC=C(OP(*)(OC2=CC=C(C=C2)C(C)(C)C)=N*)C=C1,0.9138138523837168,msa,train
CC(C)(C)COP(*)(OCC(C)(C)C)=N*,1.187520720836463,msa,train
CC(C)(C)OC(=O)C(*)C(*)C(=O)OC1CCCCC1,1.230448921378274,msa,train
CC(C)(C)OC(=O)C(C)(*)C*,0.6560982020128319,msa,train
CC(C)(C)[Si](C)(C)C1=CC(*)=CC=C1\C=C\*,0.8129133566428556,msa,train
CC(C)(C)[Si](C)(C)OC1=CC(=CC=C1)C(*)=C(*)C1=CC=C(C=C1)[Si](C)(C)C,2.90848501887865,msa,train
CC(C)(C)[Si](C)(C)OC1=CC=C(C=C1)C(*)=C(*)C1=CC=C(C=C1)[Si](C)(C)C,2.9190780923760737,msa,train
CC(C)(C)[Si](C)(C)OC1=CC=C(C=C1)C(*)=C(*)C1=CC=C(F)C=C1,2.146128035678238,msa,train
CC(C)(C)[Si](C)(C)OC1=CC=CC(=C1)C(*)=C*,1.230448921378274,msa,train
CC(C)(C1=CC(=C(OC2=CC=C(C=C2)S(=O)(=O)C2=CC=C(O*)C=C2)C=C1)C(O)(C(F)(F)F)C(F)(F)F)C1=CC=C(*)C(=C1)C(O)(C(F)(F)F)C(F)(F)F,0.1760912590556812,msa,test
CC(C)(C1=CC(Br)=C(*)C(Br)=C1)C1=CC(Br)=C(OC(=O)O*)C(Br)=C1,0.1553360374650618,msa,train
CC(C)(C1=CC(Br)=C(O*)C(Br)=C1)C1=CC(Br)=C(OC(=O)C2=CC=CC(=C2)C(*)=O)C(Br)=C1,0.1122697684172706,msa,train
CC(C)(C1=CC(Cl)=C(*)C(Cl)=C1)C1=CC(Cl)=C(OC(=O)O*)C(Cl)=C1,0.36078268987328,msa,train
CC(C)(C1=CC2C(C=C1)C(=O)N(C2=O)C1=CC=C(O*)C=C1)C1=CC=C2C(=C)N(C(=C)C2=C1)C1=CC=C(OC2=CC=C(C=C2)C(=O)C2=CC=C3C(=C2)C(C)(C)CC3(C)C2=CC=C(C=C2)C(=O)C2=CC=C(*)C=C2)C=C1,0.2624510897304295,msa,test
CC(C)(C1=CC2N=C(*)OC2C=C1)C1=CC=C2OC(=NC2=C1)C1=CC=C(C=C1)C(=O)C1=CC=C(*)C=C1,-0.1079053973095195,msa,train
CC(C)(C1=CC=C(*)C=C1)C1=CC(=CC=C1)N1C(=O)C2=CC=C(C=C2C1=O)C(C1=CC=C2C(=O)N(*)C(=O)C2=C1)(C(F)(F)F)C(F)(F)F,0.4608978427565479,msa,test
CC(C)(C1=CC=C(*)C=C1)C1=CC(CN)=C(OC2=CC=C(C=C2)S(=O)(=O)C2=CC=C(O*)C=C2)C=C1,-0.1549019599857432,msa,test
CC(C)(C1=CC=C(*)C=C1)C1=CC(CN2C(=O)C3=C(C=CC=C3)C2=O)=C(OC2=CC=C(C=C2)S(=O)(=O)C2=CC=C(O*)C=C2)C=C1,-0.2676062401770315,msa,train
CC(C)(C1=CC=C(*)C=C1)C1=CC(N)=C(OC2=CC=C(C=C2)S(=O)(=O)C2=CC=C(O*)C=C2)C=C1,-0.1278437272517071,msa,train
CC(C)(C1=CC=C(*)C=C1)C1=CC=C(C=C1)C1=NC2=C(N1)C=CC(=C2)C1=CC2=C(NC(*)=N2)C=C1,-0.2218487496163563,msa,train
CC(C)(C1=CC=C(*)C=C1)C1=CC=C(C=C1)N1C(=O)C2=C(C=C(C=C2)C(C2=CC=C3C(=O)N(*)C(=O)C3=C2)(C(F)(F)F)C(F)(F)F)C1=O,0.8750612633917001,msa,train
CC(C)(C1=CC=C(*)C=C1)C1=CC=C(C=C1)N1C(=O)C2=C(C=C(OC3=CC=C(OC4=CC=C5C(=O)N(*)C(=O)C5=C4)C=C3)C=C2)C1=O,-0.2321023839819093,msa,train
CC(C)(C1=CC=C(*)C=C1)C1=CC=C(C=C1)N1C(=O)C2=CC3=C(C=C2C1=O)C(=O)N(*)C3=O,0.8512583487190752,msa,train
CC(C)(C1=CC=C(*)C=C1)C1=CC=C(OC2=CC=C(C=C2)C(=O)C2=CC=C(C=C2)C2=CC=C(C=C2)C(=O)C2=CC=C(O*)C=C2)C=C1,-0.1249387366082999,msa,train
CC(C)(C1=CC=C(*)C=C1)C1=CC=C(OC2=CC=C(C=C2)S(=O)(=O)C2=CC=C(C=C2)C2=CC=C(C=C2)S(=O)(=O)C2=CC=C(O*)C=C2)C=C1,0.3783979009481377,msa,train
CC(C)(C1=CC=C(*)C=C1)C1=CC=C(OC2=CC=C(C=C2)S(=O)(=O)C2=CC=C(O*)C=C2)C=C1,0.1445742076096163,msa,test
CC(C)(C1=CC=C(C=C1)C(=O)C1=CC=C(*)C=C1)C1=CC=C(C=C1)C(=O)C1=CC=C(OC2=CC=C(C=C2)C(C2=CC=C(O*)C=C2)(C(F)(F)F)C(F)(F)F)C=C1,0.380211241711606,msa,test
CC(C)(C1=CC=C(O*)C=C1)C1=CC(=CC=C1)C(C)(C)C1=CC=C(OC2=CC=C(C=C2)S(=O)(=O)C2=CC=C(*)C=C2)C=C1,-0.1611509092627447,msa,test
CC(C)(C1=CC=C(O*)C=C1)C1=CC=C(C=C1)C(C)(C)C1=CC=C(OC2=CC=C(C=C2)S(=O)(=O)C2=CC=C(*)C=C2)C=C1,0.255272505103306,msa,test
CC(C)(C1=CC=C(O*)C=C1)C1=CC=C(OC(*)=O)C=C1,0.1714339009430082,msa,test
CC(C)(C1=CC=C(O*)C=C1)C1=CC=C(OC(=O)C2=CC=C(C=C2)C(*)=O)C=C1,0.3979400086720376,msa,test
CC(C)(C1=CC=C(O*)C=C1)C1=CC=C(OC(=O)C2=CC=C(C=C2)C(=O)OC2=CC(C3=CC(*)=CC4=C3C=CC=C4)=C3C=CC=CC3=C2)C=C1,0.3096301674258988,msa,train
CC(C)(C1=CC=C(O*)C=C1)C1=CC=C(OC(=O)C2=CC=CC(=C2)C(*)=O)C=C1,0.1613680022349748,msa,test
CC(C)(C1=CC=C(O*)C=C1)C1=CC=C(OC(=O)C2=CC=CC(=C2)C(=O)OC2=CC(C3=CC(*)=CC4=C3C=CC=C4)=C3C=CC=CC3=C2)C=C1,-0.0315170514460648,msa,train
CC(C)(C1=CC=C(O*)C=C1)C1=CC=C(OC2=C(F)C(F)=C(COC(C3CCCC(C3)C(OCC3=C(F)C(F)=C(*)C(F)=C3F)(C(F)(F)F)C(F)(F)F)(C(F)(F)F)C(F)(F)F)C(F)=C2F)C=C1,0.3222192947339193,msa,train
CC(C)(C1=CC=C(O*)C=C1)C1=CC=C(OC2=CC3=C(C=C2)C(=O)N(C3=O)C2=CC=C(C=C2)N2C(=O)C3=C(C=C(*)C=C3)C2=O)C=C1,-0.3979400086720376,msa,test
CC(C)(C1=CC=C(O*)C=C1)C1=CC=C(OC2=CC3=C(C=C2)C(=O)N(C3=O)C2=CC=CC(=C2)N2C(=O)C3=C(C=C(*)C=C3)C2=O)C=C1,-0.3979400086720376,msa,train
CC(C)(C1=CC=C(O*)C=C1)C1=CC=C(OC2=CC=C(C=C2)C(=O)C2=CC=C(*)C=C2)C=C1,0.0,msa,train
CC(C)(C1=CC=C(O*)C=C1)C1=CC=C(OC2=CC=C(C=C2)C(=O)C2=CC=C(C=C2)C(=O)C2=CC=C(*)C=C2)C=C1,-0.2189630613788681,msa,train
CC(C)(C1=CC=C(O*)C=C1)C1=CC=C(OC2=CC=C(C=C2)C(=O)C2=CC=C(C=C2)C(C)(C)C2=CC=C(C=C2)C(=O)C2=CC=C(*)C=C2)C=C1,0.041392685158225,msa,train
CC(C)(C1=CC=C(O*)C=C1)C1=CC=C(OC2=CC=C(C=C2)S(=O)(=O)C2=C3C=CC=CC3=C(*)C=C2)C=C1,0.0791812460476248,msa,train
CC(C)(C1=CC=C(O*)C=C1)C1=CC=C(OC2=CC=C(C=C2)S(=O)(=O)C2=CC=C(*)C=C2)C=C1,0.1461280356782379,msa,train
CC(C)(C1=CC=C(O*)C=C1)C1=CC=C(OCCC(O)*)C=C1,-1.0457574905606752,msa,train
CC(C)(C1=CC=C(OC2=CC3=C(C=C2)C(=O)N(C3=O)C2=CC=C(C=C2)C2=CC(=C(OC3=CC4=C(C=C3)C(C)(C)CC43CC(C)(C)C4=C3C=C(OC3=CC=C(C=C3C(F)(F)F)C3=CC=C(*)C=C3)C=C4)C=C2)C(F)(F)F)C=C1)C1=CC=C(OC2=CC=C3C(=O)N(*)C(=O)C3=C2)C=C1,0.9965116721541788,msa,train
CC(C)(C1=CC=C(OC2=CC3=C(C=C2)C(O)N(*)C3O)C=C1)C1=CC=C(OC2=CC3=C(C=C2)C(=O)N(C3=O)C2=CC=C(C=C2)C2=CC=C(OC3=CC=C(C=C3)C3(C)CC(C)(C)C4=C3C=C(OC3=CC=C(C=C3C(F)(F)F)C3=CC=C(*)C=C3)C=C4)C(=C2)C(F)(F)F)C=C1,1.0394141191761372,msa,test
CC(C)(C1=CC=C(OC2=CC3C(C=C2)C(=O)N(*)C3=O)C=C1)C1=CC=C(OC2=CC3=C(C=C2)C(=O)N(C3=O)C2=CC=CC(*)=C2)C=C1,-0.5575202309355514,msa,train
CC(C)(C1=CC=C(OC2=CC3C(C=C2)C(=O)N(*)C3=O)C=C1)C1=CC=C(OC2=CC=C3C(=O)N(C(=O)C3=C2)C2=CC=C(C=C2)C2=CC=C(OC3=CC=C(C=C3)C3(C4=C(C=CC=C4)C4=C3C=CC=C4)C3=CC=C(OC4=CC=C(C=C4C(F)(F)F)C4=CC=C(*)C=C4)C=C3)C(=C2)C(F)(F)F)C=C1,0.8457180179666587,msa,train
CC(C)(C1=CC=C(OC2=CC=C(*)C=C2)C=C1)C1=CC=C(OC2=CC=C(C=C2)N2C(=O)C3=CC=C(C=C3C2=O)C(=O)C2=CC3=C(C=C2)C(=O)N(*)C3=O)C=C1,-0.2676062401770315,msa,train
CC(C)(C1=CC=C(OC2=CC=C(*)C=C2)C=C1)C1=CC=C(OC2=CC=C(C=C2)N2C(=O)C3=CC=C(C=C3C2=O)C2=CC3=C(C=C2)C(=O)N(*)C3=O)C=C1,-0.2247537402597635,msa,test
CC(C)(C1=CC=C(OC2=CC=C(*)C=C2)C=C1)C1=CC=C(OC2=CC=C(C=C2)N2C(=O)C3=CC=C(OC4=CC5=C(C=C4)C(=O)N(*)C5=O)C=C3C2=O)C=C1,-0.3098039199714864,msa,train
CC(C)(C1=CC=C(OC2=CC=C(C=C2)S(=O)(=O)C2=CC=C(*)C=C2)C=C1)C1=CC=CC(O*)=C1,-0.4089353929735008,msa,train
CC(C)(C1=CC=C(OC2=CC=C(C=C2)S(=O)(=O)C2=CC=C(O*)C=C2)C=C1)C1=CC(*)=CC=C1,-0.4089353929735008,msa,train
CC(C)(C1=CC=C(OC2=CC=C(N*)C=C2)C=C1)C1=CC=C(OC2=CC=C(NC(=O)C3=CC4C(C=C3)C(C)(CC4(C)C)C3=CC=C(C=C3)C(*)=O)C=C2)C=C1,0.2810333672477275,msa,test
CC(C)(C1=CC=C(OC2=CC=C3C(=O)N(*)C(=O)C3=C2)C=C1)C1=CC=C(OC2=CC=C3C(=O)N(C(=O)C3=C2)C2=CC=C(C=C2)C2=CC(=C(OC3=CC=C(C=C3)C3(N(C(=O)C4=C3C=CC=C4)C3=CC=CC=C3)C3=CC=C(OC4=CC=C(C=C4C(F)(F)F)C4=CC=C(*)C=C4)C=C3)C=C2)C(F)(F)F)C=C1,0.6283889300503115,msa,train
CC(C)C(*)=C(C)*,3.4313637641589874,msa,train
CC(C)C12C3=C(C=CC=C3)C(C(C)C)(C3=C1C=C(*)C(*)=C3)C1=C2C=C2OC3=C(OC2=C1)C=C1C(=O)N(C(=O)C1=C3)C1=C(C)C(C)=C(N2C(=O)C3=C(C=C(O*)C(O*)=C3)C2=O)C(C)=C1C,2.733999286538387,msa,train
CC(C)C12C3=C(C=CC=C3)C(C(C)C)(C3=C1C=C(*)C(*)=C3)C1=C2C=C2OC3=C(OC2=C1)C=C1N=C(*)C(*)=NC1=C3,1.7853298350107671,msa,test
CC(C)C12C3=C(C=CC=C3)C(C(C)C)(C3=C1C=C1N(*)CN(C*)C1=C3)C1=C2C=C(*)C(*)=C1,3.030599721965951,msa,train
CC(C)C12C3=C(C=CC=C3)C(C(C)C)(C3=C1C=C1OC4=C(OC1=C3)C=C1C(=O)N(*)C(=O)C1=C4)C1=C2C=C2OC3=C(OC2=C1)C=C1C(=O)N(C(=O)C1=C3)C1=C(C)C2=C(C=C1C)C1C3=C(C=CC=C3)C2C2=C1C=C(C)C(*)=C2C,3.061829307294699,msa,train
CC(C)C12C3=CC4=C(C=C3C(C(C)C)(C3=C1C=CC=C3)C1=C2C=C2C(=O)N(C(=O)C2=C1)C1=C2C=CC=CC2=C(C=C1C)C1=CC(C)=C(*)C2=C1C=CC=C2)C(=O)N(*)C4=O,2.7399676967595092,msa,train
CC(C)C1=C(O*)C=CC(=C1)C(C1C=CC=CC1C(O)=O)C1=CC(C(C)C)=C(OC2=CC=C(C=C2)C(=O)C2=CC=C(*)C=C2)C=C1,0.8573324964312685,msa,train
CC(C)C1=CC(=C(C)C=C1O*)C1(OC(=O)C2=C1C=CC=C2)C1=CC(C(C)C)=C(OC2=CC=C(C=C2)S(=O)(=O)C2=CC=C(*)C=C2)C=C1C,0.6857417386022636,msa,train
CC(C)C1=CC(=C(C)C=C1O*)C1(OC(=O)C2C=CC=CC12)C1=C(C)C=C(OC2=CC=C(C=C2)C(=O)C2=CC=C(*)C=C2)C(=C1)C(C)C,0.6857417386022636,msa,train
CC(C)C1=CC(C(C2=CC(C(C)C)=C(OC3=CC=C(C=C3)S(=O)(=O)C3=CC=C(*)C=C3)C=C2C)C2=C(C=CC=C2)C(O)=O)=C(C)C=C1O*,0.6560982020128319,msa,train
CC(C)C1=CC(CC2=CC(C(C)C)=C(NC(=O)C3=CC=C(OC4=C(C=C(OC5=CC=C(C=C5)C(*)=O)C(=C4)C(C)(C)C)C(C)(C)C)C=C3)C(C)=C2)=CC(C)=C1N*,0.8109042806687004,msa,train
CC(C)C1=CC=C(C=C1)C(*)=C(*)C1=CC=CC=C1,2.4771212547196626,msa,train
CC(C)CC(*)=C(C)*,2.3891660843645326,msa,train
CC(C)CC(*)C*,1.509202522331103,msa,test
CC(C)CC(C)OC(=O)C(*)C(*)C(=O)OC(C)(C)C,1.6901960800285136,msa,train
CC(C)CC(C)OC(=O)C(*)C(*)C(=O)OC(C)C,1.6532125137753435,msa,train
CC(C)CCC(*)=C(C)*,2.113943352306837,msa,train
CC(C)COP(*)(OCC(C)C)=N*,1.9375178920173464,msa,test
CC(C)OC(=O)C(*)C(*)C(=O)OC(C)(C)C,1.3222192947339193,msa,train
CC(C)OC(=O)C(*)C(*)C(=O)OC1CCCCC1,0.9030899869919436,msa,train
CC(C)O[Si](C)(C)C(C*)=CC*,0.7781512503836436,msa,train
CC(C)O[Si](C)(OC(C)C)C(C*)=CC*,1.8401060944567575,msa,train
CC(C)O[Si](OC(C)C)(OC(C)C)C(C*)=CC*,2.392696953259666,msa,test
CC(C)[Si](C(C)C)(C(C)C)C1=CC=C(C=C1)C(*)=C(*)C1=CC=CC=C1,2.462397997898956,msa,train
CC(C)[Si](C)(C)C(\*)=C(\C)*,2.6627578316815743,msa,train
CC(C*)C(=O)OC(C)C(*)=O,-0.585026652029182,msa,train
CC(C*)C(=O)OCCOC(=O)C(C)C*,0.6720978579357175,msa,train
CC(C*)O*,1.4471580313422192,msa,train
CC(C1=CC=CC=C1)(C1=CC=C(*)C=C1)C1=CC=C(OC2=CC=C(C=C2)S(=O)(=O)C2=CC=C(O*)C=C2)C=C1,0.1931245983544616,msa,train
CC(C1=CC=CC=C1)(C1=CC=C(O*)C=C1)C1=CC=C(OC(=O)C2=CC=CC(=C2)C(*)=O)C=C1,0.4116197059632301,msa,train
CC(C1=CC=CC=C1)(C1=CC=C(O*)C=C1)C1=CC=C(OC2=CC=C(C=C2)S(=O)(=O)C2=CC=C(*)C=C2)C=C1,0.1931245983544616,msa,train
CC(C1=CC=CC=C1)(C1=CC=CC=C1)C1=CC=C(OC(=O)O*)C=C1,0.2648178230095365,msa,train
CC(CCNC(=O)C1=CC=C(C=C1)C(*)=O)CC(C)(C)CN*,-1.0362121726544449,msa,train
CC1(C)C2=CC(=CC=C2C2=C1C=C(Br)C=C2)C(*)=C(*)C1=CC=CC=C1,3.3010299956639813,msa,train
CC1(C)C2=CC(=CC=C2C2=C1C=C(C=C2)[Si](C)(C)C)C(*)=C(*)C1=CC=CC=C1,3.7323937598229686,msa,train
CC1(C)C2=CC(=CC=C2C2=C1C=CC=C2)C(*)=C(*)C1=CC=C(C=C1)[Si](C)(C)C,2.643452676486187,msa,train
CC1(C)C2=CC(=CC=C2C2=C1C=CC=C2)C(*)=C(*)C1=CC=CC=C1,3.681241237375587,msa,train
CC1(C)C2=CC=C(C=C2C(C)(C)C1(C)C)C(*)=C(*)C1=CC=CC=C1,4.103803720955957,msa,train
CC1(C)CC(C)(C)C2=CC(=CC=C12)C(*)=C(*)C1=CC(F)=C(F)C=C1,4.271841606536499,msa,train
CC1(C)CC(C)(C)C2=CC(=CC=C12)C(*)=C(*)C1=CC(F)=CC(F)=C1,4.181843587944773,msa,train
CC1(C)CC(C)(C)C2=CC(=CC=C12)C(*)=C(*)C1=CC(F)=CC=C1,4.155336037465061,msa,train
CC1(C)CC(C)(C)C2=CC(=CC=C12)C(*)=C(*)C1=CC=C(Br)C=C1,4.056904851336473,msa,train
CC1(C)CC(C)(C)C2=CC(=CC=C12)C(*)=C(*)C1=CC=C(Cl)C=C1,4.068185861746161,msa,train
CC1(C)CC(C)(C)C2=CC(=CC=C12)C(*)=C(*)C1=CC=C(F)C=C1,4.252853030979893,msa,train
CC1(C)CC(C)(C)C2=CC(=CC=C12)C(*)=C(*)C1=CC=CC=C1,4.158362492095249,msa,test
CC1(C)CC(C)(C2=C1C=C(*)C(*)=C2)C1=CC=C(C=C1)N1C(=O)C2=CC=C(C=C2C1=O)C(=O)C1=CC2C(C=C1)C(=O)N(*)C2=O,0.2787536009528289,msa,train
CC1(C)CC(C)(C2=C1C=C(Br)C(*)=C2)C1=CC=C(C=C1)N1C(=O)C2=CC=C(C=C2C1=O)C(=O)C1=CC2C(C=C1)C(=O)N(*)C2=O,0.5563025007672873,msa,train
CC1(C)CC(C)(C2=C1C=CC(OC1=CC=C(C=C1C(F)(F)F)C1=CC=C(*)C=C1)=C2)C1=CC=C(OC2=CC=C(C=C2C(F)(F)F)C2=CC=C(C=C2)N2C(=O)C3=C(C=C(C=C3)C(=O)C3=CC4=C(C=C3)C(O)N(*)C4O)C2=O)C=C1,0.9020028913507294,msa,train
CC1(C)CC(C)(C2=C1C=CC(OC1=CC=C(C=C1C(F)(F)F)C1=CC=C(*)C=C1)=C2)C1=CC=C(OC2=CC=C(C=C2C(F)(F)F)C2=CC=C(C=C2)N2C(=O)C3=C(C=C(C=C3)C(C3=CC4=C(C=C3)C(O)N(*)C4O)(C(F)(F)F)C(F)(F)F)C2=O)C=C1,1.1755118133634477,msa,train
CC1(C)CC(C)(C2=C1C=CC(OC1=CC=C(C=C1C(F)(F)F)C1=CC=C(*)C=C1)=C2)C1=CC=C(OC2=CC=C(C=C2C(F)(F)F)C2=CC=C(C=C2)N2C(=O)C3=C(C=C(OC4=CC5=C(C=C4)C(O)N(*)C5O)C=C3)C2=O)C=C1,0.951823035315912,msa,train
CC1(C)CC(C)(C2=C1C=CC(OC1=CC=C(C=C1C(F)(F)F)C1=CC=C(*)C=C1)=C2)C1=CC=C(OC2=CC=C(C=C2C(F)(F)F)C2=CC=C(C=C2)N2C(=O)C3=C(C=C4C(=O)N(*)C(=O)C4=C3)C2=O)C=C1,1.0870712059065355,msa,train
CC1(C)CC(C)(C2=CC=C(C=C12)C(=O)C1=CC=C(OC2=CC=C(C=C2)N2C(=C)C3=CC=C(C=C3C2=C)C(=O)C2=CC3C(C=C2)C(=O)N(C3=O)C2=CC=C(O*)C=C2)C=C1)C1=CC=C(C=C1)C(=O)C1=CC=C(*)C=C1,0.0128372247051722,msa,train
CC1(C)CC(C)(C2=CC=C(C=C12)C(=O)C1=CC=C(OC2=CC=C(C=C2)N2C(=C)C3=CC=C(C=C3C2=C)C(C2=CC3C(C=C2)C(=O)N(C3=O)C2=CC=C(O*)C=C2)(C(F)(F)F)C(F)(F)F)C=C1)C1=CC=C(C=C1)C(=O)C1=CC=C(*)C=C1,0.2148438480476978,msa,train
CC1(C)CC(C)(C2=CC=C(C=C12)C(=O)C1=CC=C(OC2=CC=C(C=C2)N2C(=C)C3=CC=C(C=C3C2=C)C2(CCCCC2)C2=CC3C(C=C2)C(=O)N(C3=O)C2=CC=C(O*)C=C2)C=C1)C1=CC=C(C=C1)C(=O)C1=CC=C(*)C=C1,0.1958996524092337,msa,train
CC1(C)CC(C)(C2=CC=C(C=C12)C(=O)C1=CC=C(OC2=CC=C(C=C2)N2C(=C)C3=CC=C(C=C3C2=C)C2=CC3C(C=C2)C(=O)N(C3=O)C2=CC=C(O*)C=C2)C=C1)C1=CC=C(C=C1)C(=O)C1=CC=C(*)C=C1,0.1673173347481761,msa,train
CC1(C)CC(C)(C2=CC=C(C=C12)C(=O)C1=CC=C(OC2=CC=C(C=C2)N2C(=C)C3=CC=C(C=C3C2=C)S(=O)(=O)C2=CC3C(C=C2)C(=O)N(C3=O)C2=CC=C(O*)C=C2)C=C1)C1=CC=C(C=C1)C(=O)C1=CC=C(*)C=C1,0.1205739312058498,msa,test
CC1(C)CC(C)(C2=CC=C(C=C12)C(=O)C1=CC=C(OC2=CC=C(C=C2)N2C(=C)C3=CC=C(OC4=CC5C(C=C4)C(=O)N(C5=O)C4=CC=C(O*)C=C4)C=C3C2=C)C=C1)C1=CC=C(C=C1)C(=O)C1=CC=C(*)C=C1,0.0334237554869497,msa,train
CC1(C)CC(C)(C2=CC=C(C=C12)C(=O)C1=CC=C(OC2=CC=C(C=C2)N2C(=C)C3=CC=C(SC4=CC5C(C=C4)C(=O)N(C5=O)C4=CC=C(O*)C=C4)C=C3C2=C)C=C1)C1=CC=C(C=C1)C(=O)C1=CC=C(*)C=C1,0.0492180226701816,msa,train
CC1(C)CC(C)(C2C=C(*)C=CC12)C1=CC=C(C=C1)C1=NN=C(*)O1,1.2329961103921538,msa,train
CC1(C)CC(C)(C2C=CC(=CC12)C(=O)NC1=C2C=CC=C(N*)C2=CC=C1)C1=CC=C(C=C1)C(*)=O,-0.0268721464003013,msa,train
CC1(C)CC(C)(C2C=CC(=CC12)C(=O)NC1=CC=C(C2=C(C=C(N*)C=C2)C(F)(F)F)C(=C1)C(F)(F)F)C1=CC=C(C=C1)C(*)=O,0.8591382972945308,msa,train
CC1(C)CC(C)(C2C=CC(=CC12)C(=O)NC1=CC=C(N*)C=C1)C1=CC=C(C=C1)C(*)=O,0.2227164711475832,msa,train
CC1(C)CC(C)(C2C=CC(=CC12)C(=O)NC1=CC=C(OC2=CC=C(N*)C=C2)C=C1)C1=CC=C(C=C1)C(*)=O,0.2227164711475832,msa,train
CC1(C)CC(C)(C2C=CC(=CC12)C(=O)NC1=CC=CC(=C1)C(C1=CC=CC(N*)=C1)(C(F)(F)F)C(F)(F)F)C1=CC=C(C=C1)C(*)=O,0.8662873390841949,msa,test
CC1(C)CC(C)(C2C=CC(=CC12)C(=O)NC1=CC=CC(=C1)S(=O)(=O)C1=CC=CC(N*)=C1)C1=CC=C(C=C1)C(*)=O,-0.2757241303992109,msa,train
CC1(C)CC(C)(C2C=CC(=CC12)C(=O)NC1=CC=CC(N*)=C1)C1=CC=C(C=C1)C(*)=O,0.0644579892269184,msa,train
CC1(C)CC2(CC(C)(C)C3=C(O2)C=C2OC4=C(OC2=C3)C(C#N)=C(*)C(*)=C4C#N)OC2=C1C=C(O*)C(O*)=C2,2.3273589343863303,msa,train
CC1(C)CC2(CC(C)(C)C3=C2C=C(O)C(=C3)N2C(=O)C3C(C2=O)C2(Br)C4C(C(=O)N(*)C4=O)C3(Br)C(Br)=C2Br)C2=C1C=C(*)C(O)=C2,1.4941545940184429,msa,train
CC1(C)CC2(CC(C)(C)C3=C2C=C(O)C(=C3)N2C(=O)C3C=CC(=CC3C2=O)C(C2=CC=C3C(=O)N(*)C(=O)C3=C2)(C(F)(F)F)C(F)(F)F)C2=C1C=C(*)C(O)=C2,1.376576957056512,msa,train
CC1(C)CC2(CC(C)(C)C3=C2C=C(O*)C=C3)C2C=C(OC3=CC=C4C(=O)N(C(=O)C4=C3)C3=CC=CC(=C3)N3C(=O)C4=C(C=C(*)C=C4)C3=O)C=CC12,0.1335389083702175,msa,train
CC1(C)CC2(CC(C)(C)C3=C2C=C(OC(=O)C2=CC=C(C=C2)C(*)=O)C=C3)C2=C1C=CC(O*)=C2,1.1271047983648077,msa,train
CC1(C)CC2(CC(C)(C)C3=C2C=C(OC(=O)C2=CC=CC(=C2)C(*)=O)C=C3)C2=C1C=CC(O*)=C2,0.725094521081469,msa,train
CC1(C)CC2(CC(C)(C)C3=C2C=C(OC2=C(C=C(C=C2)C2=CC=C(C=C2)N2C(=O)C4=C(C=C(C=C4)C(C4=CC=C5C(=O)N(*)C(=O)C5=C4)(C(F)(F)F)C(F)(F)F)C2=O)C(F)(F)F)C=C3)C2=C1C=CC(OC1=CC=C(C=C1C(F)(F)F)C1=CC=C(*)C=C1)=C2,1.557266528869904,msa,test
CC1(C)CC2(CC(C)(C)C3=C2C=C(OC2=C(C=C(C=C2)C2=CC=C(C=C2)N2C(=O)C4=C(C=C(OC5=CC=C6C(=O)N(*)C(=O)C6=C5)C=C4)C2=O)C(F)(F)F)C=C3)C2=C1C=CC(OC1=CC=C(C=C1C(F)(F)F)C1=CC=C(*)C=C1)=C2,1.1162755875805443,msa,train
CC1(C)CC2(CC(C)(C)C3=C2C=C(OC2=CC4=C(C=C2)C(=O)N(C4=O)C2=CC=CC(=C2)N2C(=O)C4=C(C=C(*)C=C4)C2=O)C=C3)C2=C1C=CC(O*)=C2,0.1461280356782379,msa,train
CC1(C)CC2(CC(C)(C)C3=C2C=C2C(=O)N(C(=O)C2=C3)C2=CC3=C(C=C2)C(C)(C)CC32CC(C)(C)C3=C2C=C(*)C=C3)C2=CC3=C(C=C12)C(=O)N(*)C3=O,2.3180633349627615,msa,train
CC1(C)CC2(CC(C)(C)C3=C2C=C2N=C4C=C(*)C(*)=CC4=NC2=C3)C2=CC3=C(C=C12)N=C1C=C2OC4=CC5=C(C=C4OC2=CC1=N3)C1(CC(C)(C)C2=C1C=C(O*)C(O*)=C2)CC5(C)C,2.278753600952829,msa,train
CC1(C)CC2(CC(C)(C)C3=C2C=C2OC4=C(OC2=C3)C(=C(*)C(*)=C4S(=O)(=O)C2=CC=CC=C2)C(F)(F)F)C2=CC(O*)=C(O*)C=C12,2.6379897807846855,msa,train
CC1(C)CC2(CC(C)(C)C3=C2C=C2OC4=C(OC2=C3)C(C#N)=C(*)C(*)=C4C#N)C2=C1C=C(O*)C(O*)=C2,2.9863237770507656,msa,train
CC1(C)CC2(CC(C)(C)C3=C2C=C2OC4=C(OC2=C3)C(C#N)=C(*)C(*)=C4C#N)C2=CC(O*)=C(O*)C=C12,2.9327273673015295,msa,test
CC1(C)CC2(CC(C)(C)C3=C2C=C2OC4=C(OC2=C3)C(C(O)=O)=C(*)C(*)=C4C#N)C2=CC(O*)=C(O*)C=C12,2.7275412570285567,msa,train
CC1(C)CC2(CC(C)(C)C3=C2C=C2OC4=C(OC2=C3)C(CN)=C(*)C(*)=C4CN)C2=C1C=C(O*)C(O*)=C2,2.876217840591642,msa,train
CC1(C)CC2(CC(C)(C)C3=C2C=C2OC4=C(OC2=C3)C=C2C(=O)N(C(=O)C2=C4)C(N2C(=O)C3=C(C=C(*)C(*)=C3)C2=O)(C(F)(F)F)C(F)(F)F)C2=C1C=C(O*)C(O*)=C2,2.7363965022766426,msa,train
CC1(C)CC2(CC(C)(C)C3=C2C=C2OC4=C(OC2=C3)C=C2C(=O)N(C(=O)C2=C4)C2=CC(=C(C=C2)C2=CC=C(*)C=C2C(F)(F)F)C(F)(F)F)C2=C1C=C1OC3=C(OC1=C2)C=C1C(=O)N(*)C(=O)C1=C3,1.806179973983887,msa,train
CC1(C)CC2(CC(C)(C)C3=C2C=C2OC4=C(OC2=C3)C=C2C(=O)N(C(=O)C2=C4)C2=CC(=C(C=C2)C2=CC=C(*)C=C2C(F)(F)F)C(F)(F)F)C2=CC3=C(OC4=CC5=C(C=C4O3)C(=O)N(*)C5=O)C=C12,1.806179973983887,msa,train
CC1(C)CC2(CC(C)(C)C3=C2C=C2OC4=C(OC2=C3)C=C2C(=O)N(C(=O)C2=C4)C2=CC=C(C=C2)C(C2=CC=C(*)C=C2)(C(F)(F)F)C(F)(F)F)C2=CC3=C(OC4=CC5=C(C=C4O3)C(=O)N(*)C5=O)C=C12,1.9294189257142929,msa,train
CC1(C)CC2(CC(C)(C)C3=C2C=C2OC4=C(OC2=C3)C=C2C(=O)N(C(=O)C2=C4)C2=CC=CC3=C2C=CC=C3*)C2=C1C=C1OC3=C(OC1=C2)C=C1C(=O)N(*)C(=O)C1=C3,1.8864907251724816,msa,test
CC1(C)CC2(CC(C)(C)C3=C2C=C2OC4=C(OC2=C3)C=C2C(=O)N(C(=O)C2=C4)C2=CC=CC3=C2C=CC=C3*)C2=CC3=C(OC4=CC5=C(C=C4O3)C(=O)N(*)C5=O)C=C12,1.8864907251724816,msa,train
CC1(C)CC2(CC(C)(C)C3=CC4=NC5=C(C=C(*)C(*)=C5)N=C4C=C23)C2C=C3N=C4C=C5OC6=C(OC5=CC4=NC3=CC12)C=C1C(=C6)C2(CC1(C)C)CC(C)(C)C1=C2C=C(O*)C(O*)=C1,2.278753600952829,msa,train
CC1(C)CC2(CC(C)(C)C3=CC4=NC5=C(C=C6OC7=C(OC6=C5)C=CC(=C7)C5(C6C=CC=CC6C6C=CC=CC56)C5=CC=C(O*)C(O*)=C5)N=C4C=C23)C2=CC3=NC4=C(C=C(*)C(*)=C4)N=C3C=C12,1.7708520116421442,msa,test
CC1(C)CC2(CC(C)(C)C3=CC=C(OC(=O)O*)C=C23)C2C=C(*)C=CC12,0.8450980400142568,msa,test
CC1(C)CCC(C)(C)C2=CC(=CC=C12)C(*)=C(*)C1=CC=CC=C1,3.591064607026499,msa,test
CC12C3=CC4=C(C=C3C(C)(C3=C1C=CC=C3)C1=C2C=C2C(=O)N(C(=O)C2=C1)C1=C(O)C=CC(=C1)C(C1=CC=C(O)C(*)=C1)(C(F)(F)F)C(F)(F)F)C(=O)N(*)C4=O,0.8721562727482929,msa,test
CC12CCC(C)(C3=C1C=C1N(*)CN(C*)C1=C3)C1=C2C=C(*)C(*)=C1,2.9698816437465,msa,train
CC1=C(*)C(*)=CC(=C1)C1(C2CC3CC(C2)CC1C3)C1=CC2=C(C=C1)N(C*)CN(*)C2,2.161368002234975,msa,train
CC1=C(*)C(C)=C(C(O)=O)C(C)=C1N1C(=O)C2=C(C=C(C=C2)C(C2=CC3=C(C=C2)C(=O)N(*)C3=O)(C(F)(F)F)C(F)(F)F)C1=O,1.421603926869831,msa,test
CC1=C(*)C(C)=C(N2C(=O)C3=CC=C(C=C3C2=O)C(C2=CC3=C(C=C2)C(=O)N(*)C3=O)(C(F)(F)F)C(F)(F)F)C2=C1CCC2(C)C,2.296665190261531,msa,train
CC1=C(*)C(C)=C(N2C(=O)C3=CC=C(C=C3C2=O)C2=CC3=C(C=C2)C(=O)N(*)C3=O)C2=C1CCC2(C)C,1.9211660506377388,msa,test
CC1=C(*)C(C)=C(N2C(=O)C3=CC=C(OC4=CC5=C(C=C4)C(=O)N(*)C5=O)C=C3C2=O)C2=C1CCC2(C)C,1.6424645202421213,msa,test
CC1=C(*)C=C(C=C1)C(C1=CC(N2C(=O)C3=CC4=C(OC5=CC6=C(C=C5O4)C(C)(C)CC64CC(C)(C)C5=C4C=C4OC6=C(OC4=C5)C=C4C(=O)N(*)C(=O)C4=C6)C=C3C2=O)=C(C)C=C1)(C(F)(F)F)C(F)(F)F,1.591064607026499,msa,train
CC1=C(*)C=C(C=C1)C(C1=CC(N2C(=O)C3=CC4=C(OC5=CC6=C(C=C5O4)C(C)(C)CC64CC(C)(C)C5=CC6=C(OC7=CC8=C(C=C7O6)C(=O)N(*)C8=O)C=C45)C=C3C2=O)=C(C)C=C1)(C(F)(F)F)C(F)(F)F,1.591064607026499,msa,train
CC1=C(*)C=CC2=C1N1CN(C2)C2=C(C)C(=CC=C2C1)N1C(=O)C2=C(C=C(C=C2)C(C2=CC3=C(C=C2)C(=O)N(*)C3=O)(C(F)(F)F)C(F)(F)F)C1=O,1.6989700043360187,msa,test
CC1=C(C)C(N2C(=O)C3=C(C=C(*)C(*)=C3)C2=O)=C(C)C(C)=C1N1C(=O)C2=CC3=C(OC4=CC5=C(C=C4O3)C(C)(C)CC53CC(C)(C)C4=C3C=C(O*)C(O*)=C4)C=C2C1=O,1.9294189257142929,msa,train
CC1=C(C)C(N2C(=O)C3=C(C=C(C=C3)C(=O)C3=CC=C4C(=O)N(*)C(=O)C4=C3)C2=O)=C(C)C(C)=C1*,1.0718820073061257,msa,train
CC1=C(C)C(N2C(=O)C3=C(C=C(C=C3)C(C3=CC=C4C(=O)N(*)C(=O)C4=C3)(C(F)(F)F)C(F)(F)F)C2=O)=C(C)C(C)=C1*,1.9395192526186185,msa,train
CC1=C(C)C(N2C(=O)C3=C(C=C(OC4=C(OC5=CC=C6C(=O)N(*)C(=O)C6=C5)C=CC(=C4)C(C)(C)C)C=C3)C2=O)=C(C)C(*)=C1,1.0413926851582251,msa,train
CC1=C(C)C(N2C(=O)C3=C(C=C(OC4=C(OC5=CC=C6C(=O)N(*)C(=O)C6=C5)C=CC(=C4)C(C)(C)C)C=C3)C2=O)=C(C)C(C)=C1*,1.0791812460476249,msa,train
CC1=C(C)C(N2C(=O)C3=C(C=C(OC4=CC(C)=C(OC5=CC=C6C(=O)N(*)C(=O)C6=C5)C(C)=C4C)C=C3)C2=O)=C(C)C(*)=C1,1.255272505103306,msa,train
CC1=C(C)C(N2C(=O)C3=CC4=C(C=C3C2=O)C2(CC(C)(C)C3=CC5=C(C=C23)C(=O)N(*)C5=O)CC4(C)C)=C(C)C(C)=C1*,2.8588378514285857,msa,train
CC1=C(C)C(N2C(=O)C3=CC4=C(OC5=CC6=C(C=C5O4)C(C)(C)CC64CC(C)(C)C5=CC6=C(OC7=CC8=C(C=C7O6)C(=O)N(*)C8=O)C=C45)C=C3C2=O)=C(C)C(C)=C1*,2.1760912590556813,msa,train
CC1=C(C)C(N2C(=O)C3=CC=C(C=C3C2=O)C(C2=CC3C(C=C2)C(=O)N(*)C3=O)(C(F)(F)F)C(F)(F)F)=C(C)C(C)=C1*,2.091666957595685,msa,train
CC1=C(C=C(*)C=C1)N1C(=O)C2=CC=C(C=C2C1=O)C(C1=CC2C(C=C1)C(=O)N(*)C2=O)(C(F)(F)F)C(F)(F)F,0.8715729355458788,msa,train
CC1=C(C=CC=C1*)N1C(=O)C2=CC=C(C=C2C1=O)C(C1=CC2=C(C=C1)C(=O)N(*)C2=O)(C(F)(F)F)C(F)(F)F,1.0334237554869496,msa,train
CC1=C(C=CC=C1*)N1C(=O)C2=CC=C(C=C2C1=O)C(C1=CC2C(C=C1)C(=O)N(*)C2=O)(C(F)(F)F)C(F)(F)F,1.0530784434834195,msa,train
CC1=C(O*)C(Br)=CC(=C1)C(C)(C)C1=CC(C)=C(OC(=O)C2=CC(=CC(=C2)C(*)=O)C(C)(C)C)C(Br)=C1,0.7972675408307164,msa,test
CC1=C(O*)C(Br)=CC(=C1)C1(C2C=CC=CC2C2C=CC=CC12)C1=CC(C)=C(OC(=O)C2=CC(=CC(=C2)C(*)=O)C(C)(C)C)C(Br)=C1,1.187520720836463,msa,train
CC1=C(O*)C(C)=C(C(*)=C1)[N+]([O-])=O,1.0606978403536118,msa,train
CC1=C(O*)C=CC(=C1)C(C)(C)C1=CC(C)=C(OC2=CC=C(C=C2)S(=O)(=O)C2=CC=C(*)C=C2)C=C1,-0.1938200260161128,msa,train
CC1=C(OC2=CC=C3C(=O)N(*)C(=O)C3=C2)C(C)=C(C)C(OC2=CC3=C(C=C2)C(=O)N(C3=O)C2=C(C)C(C)=C(*)C(C)=C2C)=C1,1.5185139398778875,msa,train
CC1=C(OC2=CC=C3C(=O)N(*)C(=O)C3=C2)C(C)=C(C)C(OC2=CC3=C(C=C2)C(=O)N(C3=O)C2=CC=C(C=C2)C(C2=CC=C(*)C=C2)(C(F)(F)F)C(F)(F)F)=C1,0.9684829485539352,msa,test
CC1=C2C(=CC(*)=C1)S(=O)(=O)C1=CC(=CC(C)=C21)N1C(=O)C2=CC=C(C=C2C1=O)C1=CC=C2C(=O)N(*)C(=O)C2=C1,0.5171958979499743,msa,train
CC1=CC(*)=C(C(=O)C2=CC=C(Br)C=C2)C(C)=C1O*,0.9268567089496924,msa,train
CC1=CC(*)=C(C(=O)C2=CC=C(C=C2)[N+]([O-])=O)C(C)=C1O*,0.7024305364455253,msa,train
CC1=CC(*)=C(C(=O)C2=CC=C(Cl)C=C2)C(C)=C1O*,0.9344984512435676,msa,train
CC1=CC(*)=C(C(=O)C2=CC=CC=C2)C(C)=C1O*,0.7781512503836436,msa,train
CC1=CC(*)=C(C)C=C1N1C(=O)C2=CC=C(C=C2C1=O)C(C1=CC2C(C=C1)C(=O)N(*)C2=O)(C(F)(F)F)C(F)(F)F,1.1271047983648077,msa,train
CC1=CC(*)=CC(C)=C1N1C(=O)C2=CC=C(C=C2C1=O)C(C1=CC2=C(C=C1)C(=O)N(*)C2=O)(C(F)(F)F)C(F)(F)F,0.5477747053878226,msa,test
CC1=CC(*)=CC(C)=C1O*,1.1643528557844371,msa,train
CC1=CC(*)=CC=C1OC1=C(C2=C(C=CC=C2)C=C1)C1=C(OC2=C(C)C=C(C=C2)N2C(=O)C3=C(C=C(C=C3)C(C3=CC4=C(C=C3)C(=O)N(*)C4=O)(C(F)(F)F)C(F)(F)F)C2=O)C=CC2=C1C=CC=C2,0.5250448070368452,msa,train
CC1=CC(=C(C)C(C)=C1*)C1=C(C)C(C)=C(OC2=CC=C(C=C2)S(=O)(=O)C2=CC=C(O*)C=C2)C(C)=C1,0.7781512503836436,msa,train
CC1=CC(=C(C)C(C)=C1OC1=CC=C(C=C1)S(=O)(=O)C1=CC=C(*)C=C1)C1=CC(C)=C(O*)C(C)=C1C,0.7781512503836436,msa,test
CC1=CC(=C(C)C=C1C1=C(C)C(*)=CC=C1)C1=C(C)C(*)=CC=C1,1.505149978319906,msa,test
CC1=CC(=C(C)C=C1C1=C(C)C=C(*)C=C1)C1=C(C)C=C(*)C=C1,0.8573324964312685,msa,train
CC1=CC(=C(C)C=C1C1=C(C)C=CC(*)=C1)C1=C(C)C=CC(*)=C1,1.0791812460476249,msa,train
CC1=CC(=C(C)C=C1C1=CC(C)=C(*)C=C1)C1=CC(C)=C(*)C=C1,0.9344984512435676,msa,train
CC1=CC(=C(C)C=C1O*)C1(OC(=O)C2=C1C=CC=C2)C1=CC(C)=C(OC2=CC=C(C=C2)S(=O)(=O)C2=CC=C(*)C=C2)C=C1C,0.1903316981702915,msa,train
CC1=CC(=C(C)C=C1O*)C1(OC(=O)C2C=CC=CC12)C1=C(C)C=C(OC2=CC=C(C=C2)C(=O)C2=CC=C(*)C=C2)C(C)=C1,0.1903316981702915,msa,train
CC1=CC(=C2C=CC=CC2=C1*)C1=C2C=CC=CC2=C(N2C(=O)C3=C(C=C4C(=C3)C3(C)CCC4(C)C4=C3C=C3C(=O)N(*)C(=O)C3=C4)C2=O)C(C)=C1,2.893761762057943,msa,train
CC1=CC(=C2C=CC=CC2=C1*)C1=C2C=CC=CC2=C(N2C(=O)C3=CC4=C(OC5=C(O4)C=C4C(=C5)C5(C)CCC4(C)C4=C5C=C5OC6=C(OC5=C4)C=C4C(=O)N(*)C(=O)C4=C6)C=C3C2=O)C(C)=C1,2.765668554759014,msa,test
CC1=CC(=CC(C)=C1)C1=CC(O*)=CC=C1OC1=CC=C(C=C1)C(=O)C1=CC=C(*)C=C1,-0.4814860601221125,msa,train
CC1=CC(=CC(C)=C1)C1=CC(O*)=CC=C1OC1=CC=CC(*)=C1C#N,-0.0268721464003013,msa,train
CC1=CC(=CC(C)=C1*)C(C)(C)C1=CC(C)=C(OC(=O)O*)C(C)=C1,0.7439015504851789,msa,train
CC1=CC(=CC(C)=C1*)C(C)(C)C1=CC(C)=C(OC2=CC(=C(C=C2)S(=O)(=O)C2=CC=C(O*)C=C2C(O)(C(F)(F)F)C(F)(F)F)C(O)(C(F)(F)F)C(F)(F)F)C(C)=C1,0.9294189257142929,msa,train
CC1=CC(=CC(C)=C1*)C(C)(C)C1=CC(C)=C(OC2=CC=C(C=C2)S(=O)(=O)C2=CC=C(O*)C=C2)C(C)=C1,0.7481880270062004,msa,train
CC1=CC(=CC(C)=C1*)C(C1=CC(C)=C(OC2=CC(=C(C=C2)S(=O)(=O)C2=CC=C(O*)C=C2C(O)(C(F)(F)F)C(F)(F)F)C(O)(C(F)(F)F)C(F)(F)F)C(C)=C1)(C(F)(F)F)C(F)(F)F,1.146128035678238,msa,test
CC1=CC(=CC(C)=C1*)C(C1=CC(C)=C(OC2=CC=C(C=C2)S(=O)(=O)C2=CC=C(O*)C=C2)C(C)=C1)(C(F)(F)F)C(F)(F)F,1.255272505103306,msa,test
CC1=CC(=CC(C)=C1*)C1=CC(C)=C(C=C1C)C1=CC(C)=C(*)C(C)=C1,1.8260748027008264,msa,train
CC1=CC(=CC(C)=C1*)C1=CC(C)=C(C=C1C)C1=CC(C)=C(N2C(=O)C3=C(C=C(C=C3)C(C)(C)C3=CC4C(C=C3)C(=O)N(*)C4=O)C2=O)C(C)=C1,1.740362689494244,msa,train
CC1=CC(=CC(C)=C1*)C1=CC(C)=C(N2C(=O)C3=C(C=C(OC4=CC(=C(OC5=CC=C6C(=O)N(*)C(=O)C6=C5)C=C4C(C)(C)C)C(C)(C)C)C=C3)C2=O)C(C)=C1,1.3424226808222062,msa,train
CC1=CC(=CC(C)=C1*)C1=CC(C)=C(N2C(=O)C3=C(C=C(OC4=CC(C)=C(OC5=CC=C6C(=O)N(*)C(=O)C6=C5)C(C)=C4C)C=C3)C2=O)C(C)=C1,0.8129133566428556,msa,train
CC1=CC(=CC(C)=C1*)C1=CC(C)=C(N2C(=O)C3=CC4=C(C=C3C2=O)S(=O)(=O)C2=CC3=C(C=C2S4(=O)=O)C(=O)N(*)C3=O)C(C)=C1,0.8195439355418687,msa,train
CC1=CC(=CC(C)=C1*)C1=CC(C)=C(N2C(=O)C3=CC=C(C=C3C2=O)C(=O)OC2=CC=C(C=C2)C(C2=CC=C(OC(=O)C3=CC4=C(C=C3)C(=O)N(*)C4=O)C=C2)(C(F)(F)F)C(F)(F)F)C(C)=C1,0.4800069429571506,msa,test
CC1=CC(=CC(C)=C1*)C1=CC(C)=C(OC2=CC=C(C=C2)C(=O)C2=CC=C(O*)C=C2)C(C)=C1,0.6776069527204931,msa,train
CC1=CC(=CC(C)=C1*)C1=CC(C)=C(OC2=CC=C(C=C2)C(=O)C2=CC=CC=C2C2=C(C=CC=C2)C(=O)C2=CC=C(O*)C=C2)C(C)=C1,0.2695129442179163,msa,train
CC1=CC(=CC(C)=C1*)C1=CC(C)=C(OC2=CC=C(C=C2)S(=O)(=O)C2=CC=C(O*)C=C2)C(C)=C1,0.7634279935629373,msa,train
CC1=CC(=CC(C)=C1N*)C(C)(C)C1=CC(C)=C(NC(=O)C2=CC=C(OC3=C(C=C(OC4=CC=C(C=C4)C(*)=O)C(=C3)C(C)(C)C)C(C)(C)C)C=C2)C(C)=C1,0.9722028383790644,msa,train
CC1=CC(=CC(C)=C1O*)C(C)(C)C1=CC(=CC=C1)C(C)(C)C1=CC(C)=C(OC2=CC=C(C=C2)S(=O)(=O)C2=CC=C(*)C=C2)C(C)=C1,0.255272505103306,msa,test
CC1=CC(=CC(C)=C1O*)C(C)(C)C1=CC(C)=C(OC(*)=O)C(C)=C1,0.7481880270062004,msa,test
CC1=CC(=CC(C)=C1O*)C(C)(C)C1=CC(C)=C(OC(=O)C2=CC(=CC(=C2)C(*)=O)C(C)(C)C)C(C)=C1,1.1020905255118367,msa,test
CC1=CC(=CC(C)=C1O*)C(C)(C)C1=CC(C)=C(OC(=O)C2=CC(=CC=C2)C(=O)O*)C(C)=C1,0.5440680443502757,msa,test
CC1=CC(=CC(C)=C1O*)C(C)(C)C1=CC(C)=C(OC(=O)C2=CC=C(C=C2)C(=O)O*)C(C)=C1,0.8633228601204559,msa,train
CC1=CC(=CC(C)=C1O*)C(C)(C)C1=CC(C)=C(OC2=CC=C(C=C2)C(=O)C2=CC=C(*)C=C2)C(C)=C1,0.7481880270062004,msa,train
CC1=CC(=CC(C)=C1O*)C(C)(C)C1=CC(C)=C(OC2=CC=C(C=C2)S(=O)(=O)C2=CC=C(*)C=C2)C(C)=C1,0.7481880270062004,msa,train
CC1=CC(=CC(C)=C1O*)C(C)(C)C1=CC=C(C=C1)C(C)(C)C1=CC(C)=C(OC2=CC=C(C=C2)S(=O)(=O)C2=CC=C(*)C=C2)C(C)=C1,0.505149978319906,msa,train
CC1=CC(=CC(C)=C1O*)C(C1=CC(C)=C(OC(*)=O)C(C)=C1)(C(F)(F)F)C(F)(F)F,1.3191060593097763,msa,train
CC1=CC(=CC(C)=C1O*)C(C1=CC(C)=C(OC2=CC=C(C=C2)S(=O)(=O)C2=CC=C(*)C=C2)C(C)=C1)(C(F)(F)F)C(F)(F)F,1.255272505103306,msa,train
CC1=CC(=CC(C)=C1O*)C1(C2C=CC=CC2C2C=CC=CC12)C1=CC(C)=C(OC(=O)C2=CC(=CC(=C2)C(*)=O)C(C)(C)C)C(C)=C1,1.44870631990508,msa,train
CC1=CC(=CC(C)=C1O*)C1=CC(C)=C(OC2=CC=C(C=C2)S(=O)(=O)C2=CC=C(*)C=C2)C(C)=C1,0.6580113966571124,msa,train
CC1=CC(=CC(OC2=CC3=C(C=C2)C(=O)N(C3=O)C2=C(C)C(C)=C(*)C(C)=C2C)=C1OC1=CC=C2C(=O)N(*)C(=O)C2=C1)C(C)(C)C,1.1139433523068367,msa,train
CC1=CC(=CC=C1)C(=O)OC(*)C*,-0.3045183235098025,msa,train
CC1=CC(=CC=C1)C1=CC(O*)=CC=C1OC1=CC=C(C=C1)C(=O)C1=CC=C(*)C=C1,-0.6989700043360187,msa,train
CC1=CC(=CC=C1)C1=CC(O*)=CC=C1OC1=CC=CC(*)=C1C#N,-0.3467874862246563,msa,train
CC1=CC(=CC=C1*)C(C)(C)C1=CC(C)=C(OC2=CC=C(C=C2)S(=O)(=O)C2=CC=C(O*)C=C2)C=C1,-0.1938200260161128,msa,train
CC1=CC(=CC=C1*)C1(CCCCC1)C1=CC(C)=C(OC2=CC=C(C=C2)S(=O)(=O)C2=CC=C(O*)C=C2)C=C1,-0.3872161432802645,msa,train
CC1=CC(=CC=C1*)C1=CC=C(N2C(=O)C3=CC=C(C=C3C2=O)[Si](C)(C)C2=CC=C3C(=O)N(*)C(=O)C3=C2)C(C)=C1,-0.1784864715952268,msa,test
CC1=CC(=CC=C1NC(=O)C1=CC=C(OC2=C(C=C(OC3=CC=C(C=C3)C(*)=O)C(=C2)C(C)(C)C)C(C)(C)C)C=C1)C(C)(C)C1=CC(C)=C(N*)C=C1,0.6532125137753437,msa,train
CC1=CC(=CC=C1O*)C1(OC(=O)C2=C1C=CC=C2)C1=CC(C)=C(OC2=CC=C(C=C2)S(=O)(=O)C2=CC=C(*)C=C2)C=C1,-0.0614802748235081,msa,train
CC1=CC(=CC=C1O*)C1(OC(=O)C2C=CC=CC12)C1=CC=C(OC2=CC=C(C=C2)C(=O)C2=CC=C(*)C=C2)C(C)=C1,-0.0604807473813814,msa,train
CC1=CC(=CC=C1OC(=O)C1=CC=C(C=C1)C(=O)O*)C1(OC(=O)C2=C1C=CC=C2)C1=CC(C)=C(O*)C=C1,0.0170333392987803,msa,train
CC1=CC(C)=C(*)C(C)=C1N1C(=O)C2=CC=C(C=C2C1=O)C(C1=CC2C(C=C1)C(=O)N(*)C2=O)(C(F)(F)F)C(F)(F)F,2.019116290447073,msa,train
CC1=CC(C)=C(*)C(C)=C1N1C(=O)C2=CC=C(C=C2C1=O)C1=CC2=C(C=C1)C(=O)N(*)C2=O,1.505149978319906,msa,test
CC1=CC(C)=C(N2C(=O)C3=C(C=C(C=C3)C(=O)C3=CC=C4C(=O)N(*)C(=O)C4=C3)C2=O)C(C)=C1*,0.6989700043360189,msa,train
CC1=CC(C)=C(N2C(=O)C3=C(C=C(C=C3)C(C3=CC4=C(C=C3)C(=O)N(*)C4=O)(C(F)(F)F)C(F)(F)F)C2=O)C(C)=C1*,2.000867721531227,msa,train
CC1=CC(C)=C(N2C(=O)C3=C(C=C(C=C3)C(C3=CC=C4C(=O)N(*)C(=O)C4=C3)(C(F)(F)F)C(F)(F)F)C2=O)C(C)=C1*,1.933234128714808,msa,test
CC1=CC(C)=C(N2C(=O)C3=C(C=C(C=C3)S(=O)(=O)C3=CC=C4C(=O)N(*)C(=O)C4=C3)C2=O)C(C)=C1*,0.7551122663950712,msa,train
CC1=CC(C)=C(N2C(=O)C3=C(C=C(OC4=CC=C(OC5=CC=C6C(=O)N(*)C(=O)C6=C5)C=C4)C=C3)C2=O)C(C)=C1*,0.6454222693490919,msa,train
CC1=CC(C)=C(N2C(=O)C3=C(C=C(SC4=CC=C5C(=O)N(*)C(=O)C5=C4)C=C3)C2=O)C(C)=C1*,0.9138138523837168,msa,train
CC1=CC(C)=C(N2C(=O)C3=C(C=C4C(=O)N(*)C(=O)C4=C3)C2=O)C(C)=C1*,1.5599066250361124,msa,test
CC1=CC(C)=C(N2C(=O)C3=CC=C(C=C3C2=O)C(=O)C2=CC3C(C=C2)C(=O)N(*)C3=O)C(C)=C1*,0.9116901587538612,msa,test
CC1=CC(C)=C(N2C(=O)C3=CC=C(C=C3C2=O)C(C2=CC3=C(C=C2)C(=O)N(*)C3=O)(C(F)(F)F)C(F)(F)F)C(C)=C1*,2.041392685158225,msa,train
CC1=CC(C)=C(N2C(=O)C3=CC=C(C=C3C2=O)C(C2=CC=C3C(=O)N(*)C(=O)C3=C2)(C(F)(F)F)C(F)(F)F)C(C)=C1*,1.740362689494244,msa,train
CC1=CC(C)=C(N2C(=O)C3=CC=C(C=C3C2=O)C2=CC3C(C=C2)C(=O)N(*)C3=O)C(C)=C1*,1.5403294747908738,msa,train
CC1=CC(C*)=CC=C1C*,-1.242603971206976,msa,train
CC1=CC(C2=CC(C)=C(*)C3=C2C=CC=C3)=C2C=CC=CC2=C1N1C(=O)C2=C(C=C(C=C2)C(C)(C)C2=CC3C(C=C2)C(=O)N(*)C3=O)C1=O,2.14921911265538,msa,train
CC1=CC(C2=CC(C)=C(*)C3=C2C=CC=C3)=C2C=CC=CC2=C1N1C(=O)C2=CC3=C(C=C2C1=O)C1(C)C2=CC4=C(C=C2C3(C)C2=C1C=CC=C2)C(=O)N(*)C4=O,2.842609239610562,msa,train
CC1=CC(C2=CC(C)=C(*)C3=C2C=CC=C3)=C2C=CC=CC2=C1N1C(=O)C2=CC3=C(C=C2C1=O)C1(CC(C)(C)C2=CC4=C(C=C12)C(=O)N(*)C4=O)CC3(C)C,2.806179973983887,msa,train
CC1=CC(C2=CC(C)=C(*)C3=C2C=CC=C3)=C2C=CC=CC2=C1N1C(=O)C2=CC3=C(OC4=CC5=C(C=C4O3)C(C)(C)CC53CC(C)(C)C4=CC5=C(OC6=CC7=C(C=C6O5)C(=O)N(*)C7=O)C=C34)C=C2C1=O,2.635986111800833,msa,train
CC1=CC(C2=CC(C)=C(N3C(=O)C4=CC5=C(C=C4C3=O)C3(C)CCC5(C)C4=CC5=C(C=C34)C(=O)N(*)C5=O)C3=C2C=CC=C3)=C2C=CC=CC2=C1*,3.0083872301141588,msa,train
CC1=CC(CC2=CC(C)=C(C=C2)N2C(=O)C3=CC=C(C=C3C2=O)C(C2=CC3=C(C=C2)C(=O)N(*)C3=O)(C(F)(F)F)C(F)(F)F)=CC=C1*,0.3996737214810381,msa,train
CC1=CC(CC2=CC(C)=C(C=C2)N2C(=O)C3=CC=C(C=C3C2=O)C2=CC3=C(C=C2)C(=O)N(*)C3=O)=CC=C1*,-0.4329736338409397,msa,train
CC1=CC(CC2=CC(C)=C(N3C(=O)C4=CC5=C(C=C4C3=O)C(=O)N(*)C5=O)C(C)=C2)=CC(C)=C1*,1.437750562820388,msa,train
CC1=CC(CC2=CC(C)=C(N3C(=O)C4=CC=C(C=C4C3=O)C(C3=CC4=C(C=C3)C(=O)N(*)C4=O)(C(F)(F)F)C(F)(F)F)C(C)=C2)=CC(C)=C1*,1.0128372247051722,msa,train
CC1=CC(CC2=CC(C)=C(N3C(=O)C4=CC=C(C=C4C3=O)C3=CC4=C(C=C3)C(=O)N(*)C4=O)C(C)=C2)=CC(C)=C1*,0.6748611407378116,msa,train
CC1=CC(CC2=CC(C)=C(OC3=CC=C(C=C3)S(=O)(=O)C3=CC=C(O*)C=C3)C(C)=C2)=CC(C)=C1*,0.5185139398778875,msa,test
CC1=CC(OC2=CC3=C(C=C2)C(=O)N(C3=O)C2=C(C)C(*)=CC(C)=C2C)=C(OC2=CC=C3C(=O)N(*)C(=O)C3=C2)C=C1,0.5910646070264992,msa,train
CC1=CC(OC2=CC3=C(C=C2)C(=O)N(C3=O)C2=C(C)C(C)=C(*)C(C)=C2C)=C(OC2=CC=C3C(=O)N(*)C(=O)C3=C2)C=C1,0.5440680443502757,msa,train
CC1=CC(OC2=CC=C(C=C2)C2(C3=C(C=CC=C3)C3=C2C=CC=C3)C2=CC=C(OC3=CC=C(N4C(=O)C5=C(C=C(C=C5)C(C5=CC=C6C(=O)N(*)C(=O)C6=C5)(C(F)(F)F)C(F)(F)F)C4=O)C(C)=C3)C=C2)=CC=C1*,0.5587085705331657,msa,train
CC1=CC(OC2=CC=C(C=C2)C2(OC(=O)C3=CC=CC=C23)C2=CC=C(OC3=CC=C(N4C(=O)C5=C(C=C(C=C5)C(C5=CC6=C(C=C5)C(=O)N(*)C6=O)(C(F)(F)F)C(F)(F)F)C4=O)C(C)=C3)C=C2)=CC=C1*,0.7570162347313005,msa,train
CC1=CC2=C(C3C4=C(C=CC=C4)C2C2=C3C(C)=C(N3C(=O)C4=C(C=C(C=C4)C(C4=CC=C5C(=O)N(*)C(=O)C5=C4)(C(F)(F)F)C(F)(F)F)C3=O)C(C)=C2)C(C)=C1*,2.5728716022004803,msa,train
CC1=CC2=C(C3C4=C(C=CC=C4)C2C2=C3C(C)=C(N3C(=O)C4=C(C=C5C(=O)N(*)C(=O)C5=C4)C3=O)C(C)=C2)C(C)=C1*,2.832508912706236,msa,test
CC1=CC2=C(C3C4=C(C=CC=C4)C2C2=C3C(C)=C(N3C(=O)C4=CC=C5C(=O)N(*)C(=O)C6=C5C4=C(C=C6)C3=O)C(C)=C2)C(C)=C1*,2.591064607026499,msa,test
CC1=CC2=C(C3C4=C(C=CC=C4)C2C2=C3C(C)=C(N3C(=O)C4C(C5C=CC4C4C5C(=O)N(*)C4=O)C3=O)C(C)=C2)C(C)=C1*,2.4885507165004443,msa,train
CC1=CC2=C(C=C1*)S(=O)(=O)C1=CC(N3C(=O)C4=CC=C(C=C4C3=O)C(C3=CC4=C(C=C3)C(=O)N(*)C4=O)(C(F)(F)F)C(F)(F)F)=C(C)C=C21,1.2174839442139065,msa,train
CC1=CC2=C(C=C1*)S(=O)(=O)C1=CC(N3C(=O)C4=CC=C(C=C4C3=O)C3=CC4=C(C=C3)C(=O)N(*)C4=O)=C(C)C=C21,-0.2388241868442686,msa,train
CC1=CC2=C(C=C1*)S(=O)(=O)C1=CC(N3C(=O)C4=CC=C(C=C4C3=O)S(=O)(=O)C3=CC4=C(C=C3)C(=O)N(*)C4=O)=C(C)C=C21,0.5171958979499743,msa,test
CC1=CC2=C(C=C1C)C1(C3=C(C=C(C)C(C)=C3)C3=C1C=C1OC4=C(OC1=C3)C(C#N)=C(*)C(*)=C4C#N)C1=C2C=C(O*)C(O*)=C1,3.3738311450738303,msa,train
CC1=CC2=C(C=C1OC1=CC=C(*)C=C1)C(C)(C)CC1(CC(C)(C)C3=CC(OC4=CC=C(*)C=C4)=C(C)C=C3O1)O2,0.7902851640332417,msa,train
CC1=CC2C(C=C1*)S(=O)(=O)C1=C2C=C(C)C(=C1)N1C(=O)C2=CC=C(C=C2C1=O)C(C1=CC2=C(C=C1)C(=O)N(*)C2=O)(C(F)(F)F)C(F)(F)F,1.3710678622717365,msa,train
CC1=CC=C(C)C(OC2=CC=C3C(=O)N(*)C(=O)C3=C2)=C1OC1=CC2=C(C=C1)C(=O)N(C2=O)C1=C(C)C(C)=C(*)C(C)=C1C,1.0413926851582251,msa,train
CC1=CC=C(C=C1)C(*)=C(*)C1=CC=C2C(=C1)C(C)(C)CC2(C)C,3.755874855672491,msa,train
CC1=CC=C(C=C1)C(*)C*,0.8573324964312685,msa,train
CC1=CC=C(C=C1)C(=O)C1=C(*)C=C(C)C(O*)=C1C,0.8668778143374989,msa,train
CC1=CC=C(C=C1)C(=O)OC(*)C*,0.2355284469075489,msa,train
CC1=CC=C(C=C1)C1=C(C2=CC=C(C)C=C2)C(C2=CC=C3OC4=C(OC3=C2)C(C#N)=C(*)C(*)=C4C#N)=C(C2=CC=C(C)C=C2)C(C2=CC=C(C)C=C2)=C1C1=CC=C(O*)C(O*)=C1,2.4082399653118496,msa,train
CC1=CC=C(C=C1)S(=O)(=O)OCC1CC(CC1C=*)C=*,-0.431798275933005,msa,train
CC1=CC=C(OC2=CC3=C(C=C2C2=C(OC4=CC=C(C)C=C4)C=C4C(=O)N(C(=O)C4=C2)C2=CC=C(OC4=CC=C(*)C=C4)C=C2)C(=O)N(*)C3=O)C=C1,0.69810054562339,msa,test
CC1=CC=CC(OC2=CC=C3C(=O)N(*)C(=O)C3=C2)=C1OC1=CC2=C(C=C1)C(=O)N(C2=O)C1=C(C)C(C)=C(*)C(C)=C1C,0.6812412373755872,msa,train
CC1=CC=CC=C1C(=O)OC(*)C*,-0.3279021420642826,msa,train
CC1CC(*)C(C(C)C1O*)S(O)(=O)=O,-0.0087739243075051,msa,train
CC1CC(C)(C)CC(C1)(C1=CC2C(C=C1)C(=O)N(C2=O)C1=CC=C(O*)C=C1)C1=CC=C2C(=C)N(C(=C)C2=C1)C1=CC=C(OC2=CC=C(C=C2)C(=O)C2=CC=C3C(=C2)C(C)(C)CC3(C)C2=CC=C(C=C2)C(=O)C2=CC=C(*)C=C2)C=C1,0.5538830266438743,msa,train
CCC(C)OC(=O)C(*)C(*)C(=O)OC(C)(C)C,1.591064607026499,msa,train
CCC(C)OC(=O)C(*)C(*)C(=O)OC(C)C,1.0791812460476249,msa,train
CCC(C)OP(*)(OC(C)CC)=N*,1.60959440922522,msa,train
CCC1(C)CC2(C(C)C(C)(CC)C3=CC4=C(OC5=C(O4)C(C#N)=C(*)C(*)=C5C#N)C=C23)C2=CC(O*)=C(O*)C=C12,2.9138138523837167,msa,train
CCC1=CC(C*)=CC=C1C*,-0.3010299956639812,msa,train
CCC1=CC(CC)=C(N2COC3=C(C2)C=CC=C3)C(C)=C1N1COC2=C(C1)C=CC=C2,0.7558748556724915,msa,train
CCCC(*)=C(C)*,1.591064607026499,msa,train
CCCCC1=CC=C(C=C1)C(*)=C(*)C1=CC=CC=C1,1.568201724066995,msa,train
CCCCCC(*)=C(C)*,1.7558748556724917,msa,train
CCCCCCC(*)=C(C)*,1.7781512503836436,msa,train
CCCCCCCC(*)=C(C)*,1.8603380065709936,msa,train
CCCCCCCCCCCCC1=C(*)SC(*)=C1,1.305351369446624,msa,train
CCCCCCCCCCCCCCCCCC[Si](C)(C)C1=CC(*)=CC=C1\C=C\*,1.0791812460476249,msa,train
CCCCCCCCCCCCCCOC(=O)C(*)C*,1.756636108245848,msa,train
CCCCCCCCCCOC(=O)C(*)C*,1.677606952720493,msa,test
CCCCCCCCCCSC#CC,1.662757831681574,msa,test
CCCCCCCCSC#CC,1.6989700043360187,msa,test
CCCCCCCC[Si](C)(*)O*,2.292256071356476,msa,train
CCCCCCCC[Si](C)(C)C(\*)=C(\C)*,1.3617278360175928,msa,test
CCCCCCCC[Si](C)(C)C1=CC(*)=CC=C1\C=C\*,1.0791812460476249,msa,train
CCCCCCCC[Si](C)(C)C1=CC=C(C=C1)C(*)=C(*)C1=CC=C(C=C1)C(C)(C)C,1.414973347970818,msa,train
CCCCCCCC[Si](C)(C)C1=CC=C(C=C1)C(*)=C(*)C1=CC=C(C=C1)C(C)C,1.462397997898956,msa,train
CCCCCCCC[Si](C)(C)C1=CC=C(C=C1)C(*)=C(*)C1=CC=C(CCCC)C=C1,1.3979400086720375,msa,train
CCCCCCSC#CC,1.57978359661681,msa,train
CCCCCC[Si](C)(*)O*,2.3729120029701067,msa,train
CCCCOP(*)(OCCCC)=N*,2.1072099696478683,msa,train
CCCCSC#CC,1.8976270912904416,msa,train
CCCC[Si](C)(C)C(\*)=C(\C)*,1.462397997898956,msa,test
CCCC[Si](C)(C)C1=CC(*)=CC=C1\C=C\*,0.5440680443502757,msa,train
CCC[Si](C)(*)O*,2.595496221825574,msa,train
CCC[Si](C)(C)C(\*)=C(\C)*,1.845098040014257,msa,train
CCN1C2C=CC(*)=CC2C2=C1C=CC(=C2)N1C(=O)C2=CC=C(C=C2C1=O)C(C1=CC2=C(C=C1)C(=O)N(*)C2=O)(C(F)(F)F)C(F)(F)F,0.959994838328416,msa,train
CCOC(=O)C(*)C*,1.2787536009528289,msa,train
CCOC(=O)C(C)(*)C*,0.1818435879447725,msa,train
CCOC1=C(N*)C=CC(*)=C1,-0.2076083105017461,msa,train
CCOC1C(*)C(COC(=O)NC(C)(C)C)OC(O*)C1OCC,1.2041199826559248,msa,train
CCOCC1OC(CO*)C(OCC)C(OCC)C1*,1.0755469613925308,msa,train
CCOCC1OC(O*)C(OCC)C(OCC)C1*,1.1760912590556811,msa,train
CCOCCOC(=O)C(C)(*)C*,0.1613680022349748,msa,train
CCOCCOCCOC(=O)C(C)(*)C*,1.0569048513364727,msa,test
CCOCCOCCOCCOC(=O)C(C)(*)C*,0.5910646070264992,msa,train
CCSC#CC,1.4771212547196624,msa,train
CC[Si](C)(*)O*,2.520483532740792,msa,train
CC[Si](C)(C)C(\*)=C(\C)*,2.9867717342662448,msa,train
CC[Si](CC)(CC)C1=CC(*)=CC=C1\C=C\*,0.8195439355418687,msa,train
CN1C(*)=CC=C1*,0.3096301674258988,msa,test
COC(=O)C(*)C*,0.0253058652647702,msa,test
COC(=O)C(C)(*)C*,-1.0528114344739068,msa,train
COC(C1=CC(=CC=C1*)C(C)(C)C1=CC(=C(OC2=CC=C(C=C2)S(=O)(=O)C2=CC=C(O*)C=C2)C=C1)C(OC)(C(F)(F)F)C(F)(F)F)(C(F)(F)F)C(F)(F)F,0.3010299956639812,msa,train
COC1=C(N*)C=CC(*)=C1,-0.6946486305533762,msa,train
COC1=CC(=CC=C1*)C1=CC=C(N2C(=O)C3=CC=C(C=C3C2=O)[Si](C)(C)C2=CC=C3C(=O)N(*)C(=O)C3=C2)C(OC)=C1,-0.2757241303992109,msa,test
COC1=CC(=CC=C1N1C(=O)C2=C(C=C(OC3=C(OC4=CC=C5C(=O)N(*)C(=O)C5=C4)C=CC(=C3)C(C)(C)C)C=C2)C1=O)C1=CC(OC)=C(*)C=C1,0.1461280356782379,msa,test
COC1=CC=C(C=C1)C(*)C*,0.414973347970818,msa,train
COC1=CC=C(C=C1)N(C1=CC=C(*)C=C1)C1=CC=C(C=C1)N1C(=O)C2=C(C=C(C=C2)C(C2=CC=C3C(=O)N(*)C(=O)C3=C2)(C(F)(F)F)C(F)(F)F)C1=O,0.631443769013172,msa,train
COC1=CC=C(C=C1)N(C1=CC=C(OC)C=C1)C1=CC=C(C=C1)N(C1=CC=C(*)C=C1)C1=CC=C(C=C1)N1C(=O)C2=C(C=C(C=C2)C(C2=CC=C3C(=O)N(*)C(=O)C3=C2)(C(F)(F)F)C(F)(F)F)C1=O,0.4683473304121572,msa,train
COCCOCCOP(*)(OCCOCCOC)=N*,0.8450980400142568,msa,test
CP(*)(=N*)C1=CC=CC=C1,0.255272505103306,msa,train
CP(C)(*)=N*,0.5477747053878226,msa,train
C[Ge](C)(C)C1CCCCC1C(*)=C*,1.9731278535996988,msa,test
C[Si](*)(CCC(F)(F)F)O*,2.3010299956639813,msa,train
C[Si](*)(O*)C1=CC=CC=C1,1.4593924877592308,msa,train
C[Si](C)(*)C*,1.99563519459755,msa,test
C[Si](C)(*)C1=CC(=CC=C1)[Si](C)(C)*,1.8785217955012063,msa,test
C[Si](C)(*)C1=CC=C(C=C1)[Si](C)(C)*,1.14921911265538,msa,train
C[Si](C)(*)C1=CC=C(C=C1)[Si](C)(C)CC*,0.0453229787866574,msa,train
C[Si](C)(*)C1=CC=C(C=C1)[Si](C)(C)O*,1.0413926851582251,msa,train
C[Si](C)(*)C1=CC=CC(=C1)[Si](C)(C)O*,1.869231719730976,msa,train
C[Si](C)(*)C=C[Si](C)(C)O*,1.6263403673750425,msa,test
C[Si](C)(*)CCC*,0.9777236052888478,msa,train
C[Si](C)(*)CCCCCCCC[Si](C)(C)*,2.27415784926368,msa,test
C[Si](C)(*)CCCCCCCC[Si](C)(C)O*,2.374748346010104,msa,train
C[Si](C)(*)CCCCCC[Si](C)(C)*,2.2600713879850747,msa,train
C[Si](C)(*)CCCCCC[Si](C)(C)O*,2.423245873936808,msa,train
C[Si](C)(*)CC[Si](C)(C)O*,2.595496221825574,msa,train
C[Si](C)(*)O*,2.903089986991944,msa,train
C[Si](C)(C(*)C*)C1=CC=CC=C1,0.3926969532596658,msa,train
C[Si](C)(C)C(*)C*,1.6434526764861874,msa,train
C[Si](C)(C)C(C1=CC=C(C=C1)C(*)C*)[Si](C)(C)C,1.576341350205793,msa,train
C[Si](C)(C)C1=CC(=CC=C1)C(*)=C(*)C1=CC=CC=C1,3.0791812460476247,msa,train
C[Si](C)(C)C1=CC=C(C=C1)C(*)=C(*)C1=CC2=C(C=C1)C1=C(C2)C=CC=C1,3.2174839442139063,msa,train
C[Si](C)(C)C1=CC=C(C=C1)C(*)=C(*)C1=CC2=C(C=C1)C1=C(C=CC=C1)C=C2,2.6627578316815743,msa,test
C[Si](C)(C)C1=CC=C(C=C1)C(*)=C(*)C1=CC=C2C3=C(C=CC=C3)C3(CC3)C2=C1,3.0,msa,test
C[Si](C)(C)C1=CC=C(C=C1)C(*)=C(*)C1=CC=C2CCCC2=C1,2.6532125137753435,msa,train
C[Si](C)(C)C1=CC=C(C=C1)C(*)=C(*)C1=CC=CC=C1,3.0791812460476247,msa,train
C[Si](C)(C)C1=CC=C(C=C1)C(*)C*,1.7481880270062005,msa,train
C[Si](C)(C)C1=CC=C(C=C1)C1=CC=C(C=C1)C(*)=C(*)C1=CC=CC=C1,2.591064607026499,msa,test
C[Si](C)(C)C1=CC=C(OP(*)(OC2=CC=CC=C2)=NP(OC2=CC=C(Br)C=C2)(OC2=CC=C(C=C2)[Si](C)(C)C)=N*)C=C1,1.4871383754771863,msa,train
C[Si](C)(C)C1C2C(C1[Si](C)(C)C)C1CC2C(*)C1*,3.376576957056512,msa,train
C[Si](C)(C)C1CC(*)CC1\C=C\*,1.4771212547196624,msa,train
C[Si](C)(C)C1CC2C1C1CC2C(*)C1*,2.99563519459755,msa,train
C[Si](C)(C)C1CC2CC1C(*)C2*,3.230448921378274,msa,train
C[Si](C)(C)CC1=CC=C(C=C1)C(*)=C(*)C1=CC=CC=C1,2.146128035678238,msa,train
C[Si](C)(C)CC1=CC=C(C=C1)C(*)C*,1.2999429000227671,msa,test
C[Si](C)(C)C[Si](C)(C)C1CC(*)CC1\C=C\*,1.2041199826559248,msa,train
C[Si](C)(C)O[Si](O[Si](C)(C)C)(O[Si](C)(C)C)C1C2C(C1[Si](O[Si](C)(C)C)(O[Si](C)(C)C)O[Si](C)(C)C)C(C*)CC2C*,2.342422680822206,msa,train
C[Si](C)(C)O[Si](O[Si](C)(C)C)(O[Si](C)(C)C)C1C2C(C1[Si](O[Si](C)(C)C)(O[Si](C)(C)C)O[Si](C)(C)C)C(CC2C=*)C=*,2.469822015978163,msa,train
C[Si](C)(C1=CC2=C(C=C1)C(=O)N(*)C2=O)C1=CC=C2C(=O)N(C(=O)C2=C1)C1=CC=C(OC2=CC=C(*)C=C2)C=C1,-0.11690664142431,msa,train
C[Si](C)(C1=CC=C(C=C1)C(*)=O)C1=CC=C(C=C1)C(*)=O,0.7435097647284298,msa,train
C[Si](C)(C1=CC=C2C(=O)N(*)C(=O)C2=C1)C1=CC=C2C(=O)N(C(=O)C2=C1)C1=CC=C(*)C=C1,-0.2218487496163563,msa,train
C[Si](C)(C1=CC=C2C(=O)N(*)C(=O)C2=C1)C1=CC=C2C(=O)N(C(=O)C2=C1)C1=CC=C(C=C1)C1=CC=C(*)C=C1,-0.1694113313148556,msa,train
C[Si](C)(C1=CC=C2C(=O)N(*)C(=O)C2=C1)C1=CC=C2C(=O)N(C(=O)C2=C1)C1=CC=C(OC2=CC=C(*)C=C2)C=C1,-0.2941362877160807,msa,train
C[Si](C)(C1=CC=CC=C1)C1=CC=C(OP(*)(OC2=CC=CC=C2)=NP(OC2=CC=C(Br)C=C2)(OC2=CC=C(C=C2)[Si](C)(C)C2=CC=CC=C2)=N*)C=C1,0.8920946026904804,msa,test
C[Si](C)(CCCC(F)(F)F)C1=CC=C(C=C1)C(*)C*,1.5809249756756194,msa,train
C[Si](C1=CC=CC=C1)(C1=CC=CC=C1)C1=CC=C(OP(*)(OC2=CC=CC=C2)=NP(OC2=CC=C(Br)C=C2)(OC2=CC=C(C=C2)[Si](C)(C2=CC=CC=C2)C2=CC=CC=C2)=N*)C=C1,0.1139433523068367,msa,train
C\C(*)=C(/*)C1=CC=C(C=C1)[Si](C)(C)C,2.380211241711606,msa,train
C\C(*)=C(/*)[Si](C)(C)C,3.9542425094393248,msa,train
C\C(*)=C(/*)[Si](C)(C)C1=CC=CC=C1,0.6434526764861874,msa,train
C\C(C*)=C(\C)C*,0.3222192947339193,msa,train
C\C(C*)=C\C*,1.3673559210260189,msa,train
ClC(*)C*,-1.343901797987168,msa,train
ClC(*)CCCC(*)S(Cl)(=O)=O,0.5165353738957996,msa,train
ClC(Cl)(*)C*,-2.2844144481068036,msa,test
ClC(Cl)=C(C1=CC=C(*)C=C1)C1=CC=C(OC(=O)O*)C=C1,0.1461280356782379,msa,train
ClC1=CC(*)=CC=C1CC1=C(Cl)C=C(C=C1)N1C(=O)C2=CC=C(C=C2C1=O)C1=CC2=C(C=C1)C(=O)N(*)C2=O,-1.0190880622231564,msa,train
ClC1=CC(C*)=C(Cl)C=C1C*,-0.7423214251308154,msa,train
ClC1=CC(C*)=CC=C1C*,-1.341035157335565,msa,train
ClC1=CC(CC2=CC(Cl)=C(C=C2)N2C(=O)C3=CC=C(C=C3C2=O)C2=CC3=C(C=C2)C(=O)N(*)C3=O)=CC=C1*,-0.585026652029182,msa,train
ClC1=CC=C(C=C1)C(*)C*,0.0791812460476248,msa,train
ClCC(C*)O*,0.021189299069938,msa,test
Cl\C(C*)=C\C*,0.6020599913279624,msa,train
FC(*)C*,-1.723538195826756,msa,train
FC(F)(*)C(F)(Cl)CC*,-0.8181564120552275,msa,train
FC(F)(*)C(F)(F)*,0.6901960800285137,msa,train
FC(F)(*)C(F)(F)CC*,-0.2740883677049518,msa,train
FC(F)(*)C*,-1.0830199526796178,msa,train
FC(F)(*)C1(F)OC(F)(F)C(F)(F)C1(F)C(F)(F)*,1.2041199826559248,msa,train
FC(F)(F)C(*)(C1=CC2=C(C=C1)C(=O)N1C3=C(C=C(C=C3)C3=CC4=C(C=C3)N=C3N4C(=O)C4=C3C=CC(*)=C4)N=C21)C(F)(F)F,0.8893017025063102,msa,train
FC(F)(F)C(*)(C1=CC2=C(C=C1)C(=O)N1C3=C(C=C(OC4=CC5=C(C=C4)N=C4N5C(=O)C5=C4C=CC(*)=C5)C=C3)N=C21)C(F)(F)F,0.7024305364455253,msa,train
FC(F)(F)C(*)(C1=CC=C(C=C1)C1=CC=C(*)C=C1)C(F)(F)F,2.0791812460476247,msa,train
FC(F)(F)C(*)(C1=CC=C(C=C1)C1=NC2=C(O1)C=CC(=C2)C(C1=CC=C2OC(=NC2=C1)C1=CC=C(C=C1)C(C1=CC=C2C3=NC4=C(C=CC(=C4)C4=CC5=C(C=C4)N=C4N5C(=O)C5=C4C=C(*)C=C5)N3C(=O)C2=C1)(C(F)(F)F)C(F)(F)F)(C(F)(F)F)C(F)(F)F)C(F)(F)F,2.6242820958356683,msa,test
FC(F)(F)C(*)(C1=CC=CC=C1)C1=CC=C(C=C1)C1=CC=C(*)C=C1,1.3979400086720375,msa,test
FC(F)(F)C(*)(C1=CC=CC=C1)C1=CC=C(C=C1)C1=CC=C(C=C1)C1=CC=C(*)C=C1,1.505149978319906,msa,test
FC(F)(F)C(*)(C1=CC=CC=C1)C1=CC=C(OC2=CC=C(*)C=C2)C=C1,0.5440680443502757,msa,test
FC(F)(F)C(*)(C1=CC=CC=C1)C1=CC=C(OC2=CC=C(C=C2)C(=O)C2=CC=C(OC3=CC=C(*)C=C3)C=C2)C=C1,-0.0409586076789063,msa,train
FC(F)(F)C(C1=CC(*)=C(C=C1)C(*)=O)(C1=CC=C2C3=NC4=CC5=C(C=C4N3C(=O)C2=C1)N(*)C(*)=N5)C(F)(F)F,1.1818435879447726,msa,train
FC(F)(F)C(C1=CC(*)=CC=C1)(C1=CC(=CC=C1)C1=NN=C(*)N1C1=CC=CC=C1)C(F)(F)F,1.417471693203293,msa,train
FC(F)(F)C(C1=CC(*)=CC=C1)(C1=CC=CC(=C1)N1C(=O)C2=CC=C(C=C2C1=O)C(=O)C1=CC2C(C=C1)C(=O)N(*)C2=O)C(F)(F)F,-0.4089353929735008,msa,test
FC(F)(F)C(C1=CC(Br)=C(O*)C(Br)=C1)(C1=CC(Br)=C(OC(*)=O)C(Br)=C1)C(F)(F)F,0.9867717342662448,msa,train
FC(F)(F)C(C1=CC2=C(C=C1)C(=O)N(*)C2=O)(C1=CC2=C(C=C1)C(=O)N(C2=O)C1=CC2=C(C=C1)C1C3=C(C=CC=C3)C2C2=C1C=C(*)C=C2)C(F)(F)F ,1.6424645202421213,msa,train
FC(F)(F)C(C1=CC2=C(C=C1)C(=O)N(*)C2=O)(C1=CC2=C(C=C1)C(=O)N(C2=O)C1=CC2=CC=C3OC4CC(C3=C2C=C1)C1=C(O4)C=CC2=C1C=CC(*)=C2)C(F)(F)F,0.7671558660821804,msa,test
FC(F)(F)C(C1=CC2=C(C=C1)C(=O)N(*)C2=O)(C1=CC2=C(C=C1)C(=O)N(C2=O)C1=CC2=CC=C3OC4OC5=CC=C6C=C(*)C=CC6=C5C4C3=C2C=C1)C(F)(F)F,0.8573324964312685,msa,train
FC(F)(F)C(C1=CC2=C(C=C1)C(=O)N(*)C2=O)(C1=CC2=C(C=C1)C(=O)N(C2=O)C1=CC=C(OC2=C(C3=C(C=CC=C3)C=C2)C2=C(OC3=CC=C(*)C=C3)C=CC3=C2C=CC=C3)C=C1)C(F)(F)F,0.4082399653118496,msa,train
FC(F)(F)C(C1=CC2=C(C=C1)C(=O)N(*)C2=O)(C1=CC2=C(C=C1)C(=O)N(C2=O)C1=CC=CC=C1OC1=C(C2=C(C=CC=C2)C=C1)C1=C(OC2=C(*)C=CC=C2)C=CC2=C1C=CC=C2)C(F)(F)F,-0.00436480540245,msa,train
FC(F)(F)C(C1=CC2=C(C=C1)C(=O)N(*)C2=O)(C1=CC=C2C(=O)N(C(=O)C2=C1)C1=C(Cl)C=C(CC2=CC=C(*)C(Cl)=C2)C=C1)C(F)(F)F,0.2576785748691845,msa,train
FC(F)(F)C(C1=CC2=C(C=C1)C(=O)N(*)C2=O)(C1=CC=C2C(=O)N(C(=O)C2=C1)C1=CC(*)=CC=C1)C(F)(F)F,0.3645509953539719,msa,test
FC(F)(F)C(C1=CC2=C(C=C1)C(=O)N(*)C2=O)(C1=CC=C2C(=O)N(C(=O)C2=C1)C1=CC(=CC=C1)C(C1=CC=CC(*)=C1)(C(F)(F)F)C(F)(F)F)C(F)(F)F,0.255272505103306,msa,train
FC(F)(F)C(C1=CC2=C(C=C1)C(=O)N(*)C2=O)(C1=CC=C2C(=O)N(C(=O)C2=C1)C1=CC2=C(C=C1)C1C3=C(C=CC=C3)C2C2=C1C=CC(*)=C2)C(F)(F)F,1.449478399187365,msa,train
FC(F)(F)C(C1=CC2=C(C=C1)C(=O)N(*)C2=O)(C1=CC=C2C(=O)N(C(=O)C2=C1)C1=CC2=C(C=C1)C1C=CC(*)=CC1C2)C(F)(F)F,0.7371926427047373,msa,train
FC(F)(F)C(C1=CC2=C(C=C1)C(=O)N(*)C2=O)(C1=CC=C2C(=O)N(C(=O)C2=C1)C1=CC2=C(C=C1)C1C=CC(*)=CC1C2=O)C(F)(F)F,0.3692158574101428,msa,train
FC(F)(F)C(C1=CC2=C(C=C1)C(=O)N(*)C2=O)(C1=CC=C2C(=O)N(C(=O)C2=C1)C1=CC=C(CC2=CC=C(*)C=C2)C=C1)C(F)(F)F,0.4983105537896005,msa,train
FC(F)(F)C(C1=CC2=C(C=C1)C(=O)N(*)C2=O)(C1=CC=C2C(=O)N(C(=O)C2=C1)C1=CC=C(OC2=CC=C(*)C=C2)C=C1)C(F)(F)F,0.6454222693490919,msa,train
FC(F)(F)C(C1=CC2=C(C=C1)C(=O)N(*)C2=O)(C1=CC=C2C(=O)N(C(=O)C2=C1)C1=CC=C(SC2=CC=C(*)C=C2)C=C1)C(F)(F)F,0.6683859166900001,msa,train
FC(F)(F)C(C1=CC2=C(C=C1)C(=O)N(*)C2=O)(C1=CC=C2C(=O)N(C(=O)C2=C1)C1=CC=C(SC2=CC=C(SC3=CC=C(*)C=C3)C=C2)C=C1)C(F)(F)F,0.2479732663618066,msa,train
FC(F)(F)C(C1=CC2=C(C=C1)C(=O)N(*)C2=O)(C1=CC=C2C(=O)N(C(=O)C2=C1)C1=CC=C(SC2=CC=C(SC3=CC=C(SC4=CC=C(*)C=C4)C=C3)C=C2)C=C1)C(F)(F)F,0.2355284469075489,msa,train
FC(F)(F)C(C1=CC2=C(C=C1)C(=O)N(*)C2=O)(C1=CC=C2C(=O)N(C(=O)C2=C1)C1=CC=C(SC2=CC=C(SC3=CC=C(SC4=CC=C(SC5=CC=C(*)C=C5)C=C4)C=C3)C=C2)C=C1)C(F)(F)F,0.1643528557844371,msa,train
FC(F)(F)C(C1=CC2=C(C=C1)C(=O)N(*)C2=O)(C1=CC=C2C(=O)N(C(=O)C2=C1)C1=CC=CC(*)=C1)C(F)(F)F,0.5125509929042107,msa,train
FC(F)(F)C(C1=CC2=C(C=C1)C(=O)N(*)C2=O)(C1=CC=C2C(=O)N(C(=O)C2=C1)C1=CC=CC(OC2=CC(*)=CC=C2)=C1)C(F)(F)F,-0.1674910872937636,msa,test
FC(F)(F)C(C1=CC2=C(C=C1)C(=O)N(*)\C2=N/*)(C1=CC=C2C(=C1)C(=O)N1C3=CC=CC(OC4=CC=C(*)C(*)=C4)=C3N=C21)C(F)(F)F,0.8976270912904415,msa,train
FC(F)(F)C(C1=CC2=C(C=C1)C(=O)N(C2=O)C1=CC(=CC=C1)C(C1=CC(*)=CC=C1)(C(F)(F)F)C(F)(F)F)(C1=CC=C2C(=O)N(*)C(=O)C2=C1)C(F)(F)F,0.255272505103306,msa,train
FC(F)(F)C(C1=CC2=C(C=C1)C(=O)N(C2=O)C1=CC=C(C=C1)N(C1=CC=C(*)C=C1)C1=CC=C(C=C1)N(C1=CC=CC=C1)C1=CC=CC=C1)(C1=CC=C2C(=O)N(*)C(=O)C2=C1)C(F)(F)F,0.2944662261615929,msa,test
FC(F)(F)C(C1=CC2=C(C=C1)C(=O)N(C2=O)C1=CC=C(CC2=CC=C(*)C=C2)C=C1)(C1=CC=C2C(=O)N(*)C(=O)C2=C1)C(F)(F)F,0.6627578316815741,msa,train
FC(F)(F)C(C1=CC2=C(C=C1)C(=O)N(C2=O)C1=CC=C(OC2=CC=C(*)C=C2)C=C1)(C1=CC=C2C(=O)N(*)C(=O)C2=C1)C(F)(F)F,0.6374897295125107,msa,train
FC(F)(F)C(C1=CC2=C(C=C1)C(=O)N(C2=O)C1=CC=C(OC2=CC=C(C=C2)C2(C3=C(C=CC=C3)C3=C2C=CC=C3)C2=CC=C(OC3=CC=C(*)C=C3)C=C2)C=C1)(C1=CC=C2C(=O)N(*)C(=O)C2=C1)C(F)(F)F,0.6884198220027107,msa,train
FC(F)(F)C(C1=CC2C(C=C1)C(=O)N(*)C2=O)(C1=CC=C2C(=O)N(C(=O)C2=C1)C1=CC(*)=CC=C1)C(F)(F)F,0.4785664955938433,msa,train
FC(F)(F)C(C1=CC2C(C=C1)C(=O)N(*)C2=O)(C1=CC=C2C(=O)N(C(=O)C2=C1)C1=CC(OC2=CC=CC(*)=C2)=CC=C1)C(F)(F)F,-0.1674910872937636,msa,train
FC(F)(F)C(C1=CC2C(C=C1)C(=O)N(*)C2=O)(C1=CC=C2C(=O)N(C(=O)C2=C1)C1=CC=C(*)C=C1)C(F)(F)F,0.4996870826184038,msa,train
FC(F)(F)C(C1=CC2C(C=C1)C(=O)N(*)C2=O)(C1=CC=C2C(=O)N(C(=O)C2=C1)C1=CC=C(C=C1)N(C1=CC=CC=C1)C1=CC=C(*)C=C1)C(F)(F)F,0.7781512503836436,msa,train
FC(F)(F)C(C1=CC2C(C=C1)C(=O)N(*)C2=O)(C1=CC=C2C(=O)N(C(=O)C2=C1)C1=CC=C(NC(=O)C(F)(F)C(F)(F)C(F)(F)C(F)(F)C(=O)NC2=CC=C(*)C=C2)C=C1)C(F)(F)F,0.173186268412274,msa,test
FC(F)(F)C(C1=CC2C(C=C1)C(=O)N(*)C2=O)(C1=CC=C2C(=O)N(C(=O)C2=C1)C1=CC=C(NC(=O)C(F)(F)C(F)(F)C(F)(F)C(F)(F)C(F)(F)C(F)(F)C(=O)NC2=CC=C(*)C=C2)C=C1)C(F)(F)F,0.2787536009528289,msa,train
FC(F)(F)C(C1=CC2C(C=C1)C(=O)N(*)C2=O)(C1=CC=C2C(=O)N(C(=O)C2=C1)C1=CC=CC(*)=C1)C(F)(F)F,0.4166405073382809,msa,train
FC(F)(F)C(C1=CC2C(C=C1)C(=O)N(*)C2=O)(C1=CC=C2C(=O)N(C(=O)C2=C1)C1=CC=CC(NC(=O)C(F)(F)C(F)(F)C(F)(F)C(F)(F)C(=O)NC2=CC=C(*)C=C2)=C1)C(F)(F)F,-0.3098039199714864,msa,train
FC(F)(F)C(C1=CC2C(C=C1)C(=O)N(*)C2=O)(C1=CC=C2C(=O)N(C(=O)C2=C1)C1=CC=CC(NC(=O)C(F)(F)C(F)(F)C(F)(F)C(F)(F)C(F)(F)C(F)(F)C(=O)NC2=CC=C(*)C=C2)=C1)C(F)(F)F,0.0,msa,train
FC(F)(F)C(C1=CC2N=C(*)OC2C=C1)(C1=CC=C2OC(=NC2=C1)C1=CC2=C(C=C1)C=C(*)C=C2)C(F)(F)F,0.1583624920952496,msa,train
FC(F)(F)C(C1=CC2N=C(*)OC2C=C1)(C1=CC=C2OC(=NC2=C1)C1=CC=C(C=C1)C(=O)C1=CC=C(*)C=C1)C(F)(F)F,0.5185139398778875,msa,test
FC(F)(F)C(C1=CC2N=C(OC2C=C1)C1=CC(*)=CC=C1)(C1=CC=C2OC(=NC2=C1)C1=CC=CC(*)=C1)C(F)(F)F,2.342422680822206,msa,train
FC(F)(F)C(C1=CC=C(*)C=C1)(C1=CC=C(C=C1)C1=NC2=C(O1)C=CC(=C2)C(C1=CC2=C(OC(*)=N2)C=C1)(C(F)(F)F)C(F)(F)F)C(F)(F)F,3.0788191830988487,msa,train
FC(F)(F)C(C1=CC=C(*)C=C1)(C1=CC=C(C=C1)C1=NC2=C(O1)C=CC(=C2)C(C1=CC=C2OC(*)=NC2=C1)(C(F)(F)F)C(F)(F)F)C(F)(F)F,3.0382226383687185,msa,train
FC(F)(F)C(C1=CC=C(*)C=C1)(C1=CC=C(C=C1)C1=NC2=CC(=CC=C2O1)C(C1=CC2N=C(*)OC2C=C1)(C(F)(F)F)C(F)(F)F)C(F)(F)F,1.214843848047698,msa,train
FC(F)(F)C(C1=CC=C(*)C=C1)(C1=CC=C(C=C1)N1C(=O)C2=C(C=C(C=C2)C(C2=CC=C3C(=O)N(*)C(=O)C3=C2)(C(F)(F)F)C(F)(F)F)C1=O)C(F)(F)F,1.2041199826559248,msa,train
FC(F)(F)C(C1=CC=C(*)C=C1)(C1=CC=C(C=C1)N1C(=O)C2=C(C=C3C(=O)N(*)C(=O)C3=C2)C1=O)C(F)(F)F,0.8512583487190752,msa,train
FC(F)(F)C(C1=CC=C(*)C=C1)(C1=CC=C(C=C1)N1C(=O)C2=CC=C(C=C2C1=O)C(=O)C1=CC2=C(C=C1)C(=O)N(*)C2=O)C(F)(F)F,0.2695129442179163,msa,train
FC(F)(F)C(C1=CC=C(*)C=C1)(C1=CC=C(C=C1)N1C(=O)C2=CC=C(C=C2C1=O)C(=O)C1=CC2C(C=C1)C(=O)N(*)C2=O)C(F)(F)F,0.2787536009528289,msa,train
FC(F)(F)C(C1=CC=C(*)C=C1)(C1=CC=C(C=C1)N1C(=O)C2=CC=C(C=C2C1=O)C(=O)C1=CC=C2C(=O)N(*)C(=O)C2=C1)C(F)(F)F,0.3979400086720376,msa,test
FC(F)(F)C(C1=CC=C(*)C=C1)(C1=CC=C(C=C1)N1C(=O)C2=CC=C(C=C2C1=O)C(C1=CC2=C(C=C1)C(=O)N(*)C2=O)(C(F)(F)F)C(F)(F)F)C(F)(F)F,1.212187604403958,msa,train
FC(F)(F)C(C1=CC=C(*)C=C1)(C1=CC=C(C=C1)N1C(=O)C2=CC=C(C=C2C1=O)C(C1=CC=C2C(=O)N(*)C(=O)C2=C1)(C(F)(F)F)C(F)(F)F)C(F)(F)F,1.212187604403958,msa,train
FC(F)(F)C(C1=CC=C(*)C=C1)(C1=CC=C(C=C1)N1C(=O)C2=CC=C(C=C2C1=O)C1=CC2=C(C=C1)C(=O)N(*)C2=O)C(F)(F)F,0.7176705030022622,msa,train
FC(F)(F)C(C1=CC=C(*)C=C1)(C1=CC=C(C=C1)N1C(=O)C2=CC=C(C=C2C1=O)C1=CC2C(C=C1)C(=O)N(*)C2=O)C(F)(F)F,0.8228216453031046,msa,train
FC(F)(F)C(C1=CC=C(*)C=C1)(C1=CC=C(OC2=CC=C(C=C2)C(=O)C2=CC=C(O*)C3=C2C=CC=C3)C=C1)C(F)(F)F,0.2671717284030138,msa,train
FC(F)(F)C(C1=CC=C(*)C=C1)(C1=CC=C(OC2=CC=C(C=C2)C(=O)C2=CC=CC(=C2)C2=CC=CC(=C2)C(=O)C2=CC=C(O*)C=C2)C=C1)C(F)(F)F,-0.2146701649892329,msa,test
FC(F)(F)C(C1=CC=C(*)C=C1)(C1=CC=C(OC2=CC=C(C=C2)C(=O)C2=CC=CC=C2C2=C(C=CC=C2)C(=O)C2=CC=C(O*)C=C2)C=C1)C(F)(F)F,-0.00436480540245,msa,train
FC(F)(F)C(C1=CC=C(*)C=C1)(C1=CC=C(OC2=CC=C(C=C2)S(=O)(=O)C2=CC=C(O*)C=C2)C=C1)C(F)(F)F,0.3664229572259727,msa,train
FC(F)(F)C(C1=CC=C(C=C1)C(*)=O)(C1=CC=C(C=C1)C(=O)NC1=CC(N*)=CC=C1)C(F)(F)F,0.3424226808222063,msa,train
FC(F)(F)C(C1=CC=C(N*)C=C1)(C1=CC=C(NC(=O)C2=CC(=CC(=C2)C2=CC=CC=C2)C(*)=O)C=C1)C(F)(F)F,0.7403626894942439,msa,test
FC(F)(F)C(C1=CC=C(N*)C=C1)(C1=CC=C(NC(=O)C2=CC(=CC=C2)C(*)=O)C=C1)C(F)(F)F,0.380211241711606,msa,test
FC(F)(F)C(C1=CC=C(O*)C=C1)(C1=CC=C(OC(*)=O)C=C1)C(F)(F)F,0.8388490907372553,msa,train
FC(F)(F)C(C1=CC=C(O*)C=C1)(C1=CC=C(OC(=O)C2=CC=C(C=C2)C(*)=O)C=C1)C(F)(F)F,1.0718820073061257,msa,train
FC(F)(F)C(C1=CC=C(O*)C=C1)(C1=CC=C(OC(=O)C2=CC=CC(=C2)C(*)=O)C=C1)C(F)(F)F,0.6232492903979004,msa,train
FC(F)(F)C(C1=CC=C(O*)C=C1)(C1=CC=C(OC2=CC=C(C=C2)C(=O)C2=CC=C(C=C2)C(C2=CC=C(C=C2)C(=O)C2=CC=C(*)C=C2)(C(F)(F)F)C(F)(F)F)C=C1)C(F)(F)F,0.568201724066995,msa,train
FC(F)(F)C(C1=CC=C(O*)C=C1)(C1=CC=C(OC2=CC=C(C=C2)S(=O)(=O)C2=CC=C(*)C=C2)C=C1)C(F)(F)F,0.5314789170422551,msa,train
FC(F)(F)C(C1=CC=C(OC(=O)C2=CC3=C(C=C2)C(=O)N(*)C3=O)C=C1)(C1=CC=C(OC(=O)C2=CC=C3C(=O)N(C(=O)C3=C2)C2=CC=C(*)C=C2)C=C1)C(F)(F)F,-0.6003262785189619,msa,train
FC(F)(F)C(C1=CC=C(OC(=O)C2=CC3=C(C=C2)C(=O)N(*)C3=O)C=C1)(C1=CC=C(OC(=O)C2=CC=C3C(=O)N(C(=O)C3=C2)C2=CC=C(C=C2)C2=CC=C(*)C=C2)C=C1)C(F)(F)F,-0.4584207560534191,msa,test
FC(F)(F)C(C1=CC=C(OC(=O)C2=CC3=C(C=C2)C(=O)N(*)C3=O)C=C1)(C1=CC=C(OC(=O)C2=CC=C3C(=O)N(C(=O)C3=C2)C2=CC=C(CC3=CC=C(*)C=C3)C=C2)C=C1)C(F)(F)F,-0.0376306643299788,msa,train
FC(F)(F)C(C1=CC=C(OC(=O)C2=CC3=C(C=C2)C(=O)N2C4=C(C=C(*)C=C4)N=C32)C=C1)(C1=CC=C(OC(=O)C2=CC=C3C4=NC5=C(C=C(*)C=C5)N4C(=O)C3=C2)C=C1)C(F)(F)F,-0.0101054362812269,msa,test
FC(F)(F)C(C1=CC=C(OC2=CC(*)=CC=C2)C=C1)(C1=CC=C(OC2=CC(=CC=C2)N2C(=O)C3=CC=C(C=C3C2=O)C(C2=CC3=C(C=C2)C(=O)N(*)C3=O)(C(F)(F)F)C(F)(F)F)C=C1)C(F)(F)F,0.1303337684950061,msa,train
FC(F)(F)C(C1=CC=C(OC2=CC(=CC=C2)N2C(=O)C3=CC4C(C=C3C2=O)C(=O)N(*)C4=O)C=C1)(C1=CC=C(OC2=CC=CC(*)=C2)C=C1)C(F)(F)F,0.1461280356782379,msa,test
FC(F)(F)C(C1=CC=C(OC2=CC3=C(C=C2)C(=O)N(*)C3=O)C=C1)(C1=CC=C(OC2=CC=C3C(=O)N(C(=O)C3=C2)C2=CC=C(CC3=CC=C(*)C=C3)C=C2)C=C1)C(F)(F)F,-0.3001622741327542,msa,test
FC(F)(F)C(C1=CC=C(OC2=CC3=C(C=C2)C(=O)N(*)C3=O)C=C1)(C1=CC=C(OC2=CC=C3C(=O)N(C(=O)C3=C2)C2=CC=C(OC3=CC=C(*)C=C3)C=C2)C=C1)C(F)(F)F,-0.2596373105057561,msa,train
FC(F)(F)C(C1=CC=C(OC2=CC=C(*)C=C2)C=C1)(C1=CC=C(OC2=CC=C(C=C2)N2C(=C)C3=CC=C4C(=C)N(*)C(=C)C5=C4C3=C(C=C5)C2=C)C=C1)C(F)(F)F,0.6434526764861874,msa,train
FC(F)(F)C(C1=CC=C(OC2=CC=C(*)C=C2)C=C1)(C1=CC=C(OC2=CC=C(C=C2)N2C(=O)C3=C(C=C4C(=O)N(*)C(=O)C4=C3)C2=O)C=C1)C(F)(F)F,0.6972293427597176,msa,train
FC(F)(F)C(C1=CC=C(OC2=CC=C(*)C=C2)C=C1)(C1=CC=C(OC2=CC=C(C=C2)N2C(=O)C3=CC4=C(C=C3C2=O)C(=O)N(*)C4=O)C=C1)C(F)(F)F,0.4623979978989561,msa,train
FC(F)(F)C(C1=CC=C(OC2=CC=C(*)C=C2)C=C1)(C1=CC=C(OC2=CC=C(C=C2)N2C(=O)C3=CC4C(C=C3C2=O)C(=O)N(*)C4=O)C=C1)C(F)(F)F,0.4623979978989561,msa,train
FC(F)(F)C(C1=CC=C(OC2=CC=C(*)C=C2)C=C1)(C1=CC=C(OC2=CC=C(C=C2)N2C(=O)C3=CC=C(C=C3C2=O)C(=O)C2=CC=C3C(=O)N(*)C(=O)C3=C2)C=C1)C(F)(F)F,0.0569048513364725,msa,train
FC(F)(F)C(C1=CC=C(OC2=CC=C(*)C=C2)C=C1)(C1=CC=C(OC2=CC=C(C=C2)N2C(=O)C3=CC=C(C=C3C2=O)C(C2=CC3=C(C=C2)C(=O)N(*)C3=O)(C(F)(F)F)C(F)(F)F)C=C1)C(F)(F)F,0.7323937598229685,msa,train
FC(F)(F)C(C1=CC=C(OC2=CC=C(*)C=C2)C=C1)(C1=CC=C(OC2=CC=C(C=C2)N2C(=O)C3=CC=C(C=C3C2=O)C(C2=CC=C3C(=O)N(*)C(=O)C3=C2)(C(F)(F)F)C(F)(F)F)C=C1)C(F)(F)F,0.7101173651118162,msa,train
FC(F)(F)C(C1=CC=C(OC2=CC=C(*)C=C2)C=C1)(C1=CC=C(OC2=CC=C(C=C2)N2C(=O)C3=CC=C(C=C3C2=O)C2=CC3=C(C=C2)C(=O)N(*)C3=O)C=C1)C(F)(F)F,0.2227164711475832,msa,train
FC(F)(F)C(C1=CC=C(OC2=CC=C(*)C=C2)C=C1)(C1=CC=C(OC2=CC=C(C=C2)N2C(=O)C3=CC=C(C=C3C2=O)C2=CC=C3C(=O)N(*)C(=O)C3=C2)C=C1)C(F)(F)F,0.1875207208364631,msa,train
FC(F)(F)C(C1=CC=C(OC2=CC=C(*)C=C2)C=C1)(C1=CC=C(OC2=CC=C(C=C2)N2C(=O)C3C=CC(=CC3C2=O)C(C2=CC3C(C=C2)C(=O)N(*)C3=O)(C(F)(F)F)C(F)(F)F)C=C1)C(F)(F)F,0.7323937598229685,msa,train
FC(F)(F)C(C1=CC=C(OC2=CC=CC(*)=C2)C=C1)(C1=CC=C(OC2=CC=CC(=C2)N2C(=O)C3=CC4=C(C=C3C2=O)C(=O)N(*)C4=O)C=C1)C(F)(F)F,0.1461280356782379,msa,train
FC(F)(F)C(C1=CC=C(OC2=CC=CC(*)=C2)C=C1)(C1=CC=C(OC2=CC=CC(=C2)N2C(=O)C3=CC=C(C=C3C2=O)C(C2=CC3C(C=C2)C(=O)N(*)C3=O)(C(F)(F)F)C(F)(F)F)C=C1)C(F)(F)F,0.1303337684950061,msa,train
FC(F)(F)C(C1=CC=C2C(=O)N(*)C(=O)C2=C1)(C1=CC=C2C(=O)N(C(=O)C2=C1)C1=CC2=C(C=C1)C1=C(C2)C=C(*)C=C1)C(F)(F)F,0.8948696567452525,msa,train
FC(F)(F)C(C1=CC=C2C(=O)N(*)C(=O)C2=C1)(C1=CC=C2C(=O)N(C(=O)C2=C1)C1=CC=C(OC2=CC=C(*)C=C2)C=C1)C(F)(F)F,0.5888317255942073,msa,train
FC(F)(F)C(C1=CC=C2C(=O)N(*)C(=O)C2=C1)(C1=CC=C2C(=O)N(C(=O)C2=C1)C1=CC=CC(=C1)C(C1=CC(*)=CC=C1)(C(F)(F)F)C(F)(F)F)C(F)(F)F,0.255272505103306,msa,train
FC(F)(F)C(C1=CC=C2C(=O)N(*)C(=O)C2=C1)(C1=CC=C2C(=O)N(C(=O)C2=C1)C1=CC=CC(=C1)S(=O)(=O)C1=CC=CC(*)=C1)C(F)(F)F,-0.1366771398795441,msa,train
FC(F)(F)C(C1=CC=C2C(=O)N(*)C(=O)C2=C1)(C1=CC=C2C(=O)N(C(=O)C2=C1)C1=CC=CC(OC2=CC=C(*)C=C2)=C1)C(F)(F)F,0.1958996524092337,msa,train
FC(F)(F)C(C1=CC=C2C(=O)N(*)C(=O)C2=C1)(C1=CC=C2C3=NC4=C(C=CC(=C4)C4=CC5=C(C=C4)N=C4N5C(=O)C5=C4C=C(*)C=C5)N3C(=O)C2=C1)C(F)(F)F,1.8129133566428557,msa,test
FC(F)(F)C(C1=CC=C2C(=O)N(C(=O)C2=C1)C1=CC=C(*)C=C1)(C1=CC2=C(C=C1)C(=O)N(*)C2=O)C(F)(F)F,1.1038037209559568,msa,train
FC(F)(F)C(C1=CC=C2\C(=N\*)N(*)C(=O)C2=C1)(C1=CC=C2C(=O)N3C4=C(C=C(OC5=CC=C(*)C(*)=C5)C=C4)N=C3C2=C1)C(F)(F)F,0.8976270912904415,msa,train
FC(F)(F)C(C1=CC=CC(*)=C1)(C1=CC=CC(=C1)N1C(=O)C2=CC=C(C=C2C1=O)C(=O)C1=CC2=C(C=C1)C(=O)N(*)C2=O)C(F)(F)F,-0.4089353929735008,msa,train
FC(F)(F)C(C1CC=C(*)C=C1)(C1=CC=C(C=C1)C1=NN=C(*)O1)C(F)(F)F,1.3010299956639813,msa,train
FC(F)(F)C(F)(F)C(F)(F)C(F)(F)C(F)(F)C(F)(F)C(F)(F)COC(=O)C(*)C*,2.130333768495006,msa,train
FC(F)(F)C(F)(F)C(F)(F)C(F)(F)C(F)(F)C(F)(F)CCOC(=O)C1=CC(=CC(*)=C1)N1C(=O)C2=CC=C(C=C2C1=O)C(=O)C1=CC2=C(C=C1)C(=O)N(*)C2=O,1.294466226161593,msa,train
FC(F)(F)C(F)(F)C(F)(F)C(F)(F)C(F)(F)C(F)(F)CCOC(=O)C1=CC(=CC(*)=C1)N1C(=O)C2=CC=C(C=C2C1=O)C(C1=CC2=C(C=C1)C(=O)N(*)C2=O)(C(F)(F)F)C(F)(F)F,0.6757783416740851,msa,train
FC(F)(F)C(F)(F)C(F)(F)C(F)(F)C(F)(F)C(F)(F)CCOC(=O)C1=CC(=CC(*)=C1)N1C(=O)C2=CC=C(OC3=CC4=C(C=C3)C(=O)N(*)C4=O)C=C2C1=O,0.4166405073382809,msa,train
FC(F)(F)C1(C(CC(C=*)C1(F)F)C=*)C(F)(F)F,1.4424797690644486,msa,train
FC(F)(F)C1=C(OC2=CC=C(C=C2)C(C2=CC=C(OC3=C(C=C(C=C3)N3C(=O)C4=C(C=C5C(=O)N(*)C(=O)C5=C4)C3=O)C(F)(F)F)C=C2)(C(F)(F)F)C(F)(F)F)C=CC(*)=C1,0.8488047010518037,msa,train
FC(F)(F)C1=C(OC2=CC=C(C=C2)C(C2=CC=C(OC3=C(C=C(C=C3)N3C(=O)C4=CC=C(C=C4C3=O)C(=O)C3=CC=C4C(=O)N(*)C(=O)C4=C3)C(F)(F)F)C=C2)(C(F)(F)F)C(F)(F)F)C=CC(*)=C1,0.3864989655506531,msa,train
FC(F)(F)C1=C(OC2=CC=C(C=C2)C(C2=CC=C(OC3=C(C=C(C=C3)N3C(=O)C4=CC=C(C=C4C3=O)C(C3=CC=C4C(=O)N(*)C(=O)C4=C3)(C(F)(F)F)C(F)(F)F)C(F)(F)F)C=C2)(C(F)(F)F)C(F)(F)F)C=CC(*)=C1,0.8129133566428556,msa,train
FC(F)(F)C1=C(OC2=CC=C(C=C2)C(C2=CC=C(OC3=C(C=C(C=C3)N3C(=O)C4=CC=C(C=C4C3=O)C3=CC=C4C(=O)N(*)C(=O)C4=C3)C(F)(F)F)C=C2)(C(F)(F)F)C(F)(F)F)C=CC(*)=C1,0.4927603890268375,msa,train
FC(F)(F)C1=CC(*)=CC(=C1)N1C(=O)C2=CC=C(C=C2C1=O)C(C1=CC2C(C=C1)C(=O)N(*)C2=O)(C(F)(F)F)C(F)(F)F,0.8082109729242221,msa,train
FC(F)(F)C1=CC(*)=CC=C1OC1=C(C2=C(C=CC=C2)C=C1)C1=C(OC2=C(C=C(C=C2)N2C(=O)C3=C(C=C(C=C3)C(C3=CC4=C(C=C3)C(=O)N(*)C4=O)(C(F)(F)F)C(F)(F)F)C2=O)C(F)(F)F)C=CC2=C1C=CC=C2,0.6893088591236203,msa,test
FC(F)(F)C1=CC(*)=CC=C1OC1=CC=C(C=C1)C1(C2=C(C=CC=C2)C2=C1C=CC=C2)C1=CC=C(OC2=CC=C(C=C2C(F)(F)F)N2C(=O)C3=C(C=C(C=C3)C(C3=CC=C4C(=O)N(*)C(=O)C4=C3)(C(F)(F)F)C(F)(F)F)C2=O)C=C1,1.3010299956639813,msa,test
FC(F)(F)C1=CC(=CC(=C1)C1=CC(O*)=CC=C1OC1=CC=C(C=C1)C(=O)C1=CC=C(*)C=C1)C(F)(F)F,0.5185139398778875,msa,train
FC(F)(F)C1=CC(=CC(=C1)C1=CC(O*)=CC=C1OC1=CC=CC(*)=C1C#N)C(F)(F)F,0.8195439355418687,msa,train
FC(F)(F)C1=CC(=CC=C1)C1=CC(O*)=CC=C1OC1=CC=C(C=C1)C(=O)C1=CC=C(*)C=C1,-0.4202164033831898,msa,test
FC(F)(F)C1=CC(=CC=C1)C1=CC(O*)=CC=C1OC1=CC=CC(*)=C1C#N,-0.0604807473813814,msa,train
FC(F)(F)C1=CC(=CC=C1OC1=CC=C(C=C1)C1(C2=C(C=CC=C2)C2=C1C=CC=C2)C1=CC=C(OC2=CC=C(C=C2C(F)(F)F)C2=CC=C(C=C2)N2C(=O)C3=CC=C(C=C3C2=O)C(=O)C2=CC3C(C=C2)C(=O)N(*)C3=O)C=C1)C1=CC=C(*)C=C1,0.795184589682424,msa,test
FC(F)(F)C1=CC(=CC=C1OC1=CC=C(C=C1)C1(C2=C(C=CC=C2)C2=C1C=CC=C2)C1=CC=C(OC2=CC=C(C=C2C(F)(F)F)C2=CC=C(C=C2)N2C(=O)C3=CC=C(C=C3C2=O)C(C2=CC3C(C=C2)C(=O)N(*)C3=O)(C(F)(F)F)C(F)(F)F)C=C1)C1=CC=C(*)C=C1,1.129045059887958,msa,train
FC(F)(F)C1=CC(=CC=C1OC1=CC=C(C=C1)C1(C2=C(C=CC=C2)C2=C1C=CC=C2)C1=CC=C(OC2=CC=C(C=C2C(F)(F)F)C2=CC=C(C=C2)N2C(=O)C3=CC=C(OC4=CC5C(C=C4)C(=O)N(*)C5=O)C=C3C2=O)C=C1)C1=CC=C(*)C=C1,0.895422546039408,msa,train
FC(F)(F)C1=CC(=CC=C1OC1=CC=C(C=C1)C1(N(C(=O)C2=C1C=CC=C2)C1=CC=CC=C1)C1=CC=C(OC2=C(C=C(C=C2)C2=CC=C(C=C2)N2C(=O)C3=CC4=C(C=C3C2=O)C(=O)N(*)C4=O)C(F)(F)F)C=C1)C1=CC=C(*)C=C1,0.8819549713396005,msa,train
FC(F)(F)C1=CC(=CC=C1OC1=CC=C(C=C1)C1(N(C(=O)C2=C1C=CC=C2)C1=CC=CC=C1)C1=CC=C(OC2=C(C=C(C=C2)C2=CC=C(C=C2)N2C(=O)C3=CC=C(C=C3C2=O)C(=O)C2=CC=C3C(=O)N(*)C(=O)C3=C2)C(F)(F)F)C=C1)C1=CC=C(*)C=C1,0.6364878963533654,msa,train
FC(F)(F)C1=CC(=CC=C1OC1=CC=C(C=C1)C1(N(C(=O)C2=C1C=CC=C2)C1=CC=CC=C1)C1=CC=C(OC2=C(C=C(C=C2)C2=CC=C(C=C2)N2C(=O)C3=CC=C(C=C3C2=O)C(C2=CC=C3C(=O)N(*)C(=O)C3=C2)(C(F)(F)F)C(F)(F)F)C(F)(F)F)C=C1)C1=CC=C(*)C=C1,1.0098756337121602,msa,train
FC(F)(F)C1=CC(=CC=C1OC1=CC=C(C=C1)C1(N(C(=O)C2=C1C=CC=C2)C1=CC=CC=C1)C1=CC=C(OC2=C(C=C(C=C2)C2=CC=C(C=C2)N2C(=O)C3=CC=C(OC4=CC=C5C(=O)N(*)C(=O)C5=C4)C=C3C2=O)C(F)(F)F)C=C1)C1=CC=C(*)C=C1,0.6253124509616739,msa,test
FC(F)(F)C1=CC(=CC=C1OC1=CC=C(C=C1)N1C(=O)C2=C(C=C(C=C2)C(C2=CC=C3C(=O)N(*)C(=O)C3=C2)(C(F)(F)F)C(F)(F)F)C1=O)C1=CC=C(C=C1)C1=CC(=C(OC2=CC=C(*)C=C2)C=C1)C(F)(F)F,1.1809855807867304,msa,test
FC(F)(F)C1=CC(=CC=C1OC1=CC=C(C=C1)N1C(=O)C2=C(C=C(C=C2)C(C2=CC=C3C(=O)N(*)C(=O)C3=C2)(C(F)(F)F)C(F)(F)F)C1=O)C1=CC=C(C=C1)C1=CC=C(C=C1)C1=CC(=C(OC2=CC=C(*)C=C2)C=C1)C(F)(F)F,1.232487866352986,msa,train
FC(F)(F)C1=CC(=CC=C1OC1=CC=C(C=C1)N1C(=O)C2=C(C=C(C=C2)C(C2=CC=C3C(=O)N(*)C(=O)C3=C2)(C(F)(F)F)C(F)(F)F)C1=O)C1=CC=C(S1)C1=CC(=C(OC2=CC=C(*)C=C2)C=C1)C(F)(F)F,1.066325925362038,msa,train
FC(F)(F)C1=CC(=CC=C1OC1=CC=C(C=C1)N1C(=O)C2=C(C=C(C=C2)C(C2=CC=C3C(=O)N(*)C(=O)C3=C2)(C(F)(F)F)C(F)(F)F)C1=O)C1=CC=CC(=N1)C1=CC(=C(OC2=CC=C(*)C=C2)C=C1)C(F)(F)F,1.084576277934331,msa,train
FC(F)(F)C1CC(CCC1OC1=CC=C(C=C1)C1(C2=CC=CC=C2C2=C1C=CC=C2)C1=CC=C(*)C=C1)C1=CC(=CN=C1)C1=CC(=C(O*)C=C1)C(F)(F)F,0.7937903846908188,msa,train
FC(F)(F)C1CC(CCC1OC1=CC=C(C=C1)C1(C2=CC=CC=C2C2=C1C=CC=C2)C1=CC=C(*)C=C1)C1=CC=C(S1)C1=CC(=C(O*)C=C1)C(F)(F)F,0.9242792860618816,msa,train
FC(F)(F)COP(*)(OC1=CC=CC=C1)=NP(OC1=CC=CC=C1)(OC1=CC=CC=C1)=NP(OC1=CC=CC=C1)(OC1=CC=CC=C1)=NP(OC1=CC=CC=C1)(OC1=CC=CC=C1)=NP(OC1=CC=CC=C1)(OC1=CC=CC=C1)=N*,1.0170333392987805,msa,test
FC(F)(F)COP(*)(OCC(F)(F)F)=N*,1.8864907251724816,msa,test
FC1=C(F)C(COC(C2CCCC(C2)C(OCC2=C(F)C(F)=C(OC3=CC=C(C=C3)C(C3=CC=C(O*)C=C3)(C(F)(F)F)C(F)(F)F)C(F)=C2F)(C(F)(F)F)C(F)(F)F)(C(F)(F)F)C(F)(F)F)=C(F)C(F)=C1*,0.5797835966168101,msa,train
FC1=C(F)C(COC(C2CCCC(C2)C(OCC2=C(F)C(F)=C(OC3=CC=C(C=C3)C3=CC=C(O*)C=C3)C(F)=C2F)(C(F)(F)F)C(F)(F)F)(C(F)(F)F)C(F)(F)F)=C(F)C(F)=C1*,0.3979400086720376,msa,test
FC1=C(F)C(COC(C2CCCC(C2)C(OCC2=C(F)C(F)=C(OC3=CC=C(C=C3)N3C(=O)CCC33CCC(=O)N3C3=CC=C(O*)C=C3)C(F)=C2F)(C(F)(F)F)C(F)(F)F)(C(F)(F)F)C(F)(F)F)=C(F)C(F)=C1*,0.3424226808222063,msa,train
FC1=C(F)C(COC(C2CCCC(C2)C(OCC2=C(F)C(F)=C(OC3=CC=C(CC4=CC=C(O*)C=C4)C=C3)C(F)=C2F)(C(F)(F)F)C(F)(F)F)(C(F)(F)F)C(F)(F)F)=C(F)C(F)=C1*,0.3617278360175928,msa,train
FC1=C(F)C(OC2=CC=C(NC(=O)CN3C(=O)C4=CC=C(C=C4C3=O)C(*)=O)C=C2)=C(F)C(F)=C1OC1=CC=C(N*)C=C1,-0.5466816599529624,msa,train
FC1=CC(*)=CC=C1CC1=C(F)C=C(C=C1)N1C(=O)C2=CC=C(C=C2C1=O)C1=CC2=C(C=C1)C(=O)N(*)C2=O,-0.8446639625349383,msa,train
FC1=CC=C(C=C1)C(*)C*,0.6434526764861874,msa,test
FCC1CC2CC1C(*)C2*,1.6989700043360187,msa,train
NC1=C(*)C=CC(=C1)C1=CC(N)=C(C=C1)N1C(=O)C2=CC=C(C=C2C1=O)C(C1=CC=C2C(=O)N(*)C(=O)C2=C1)(C(F)(F)F)C(F)(F)F,1.5314789170422551,msa,train
NC1=CC(=CC=C1)N1C(=O)C2=CC=C(*C3=CC=C(C(*)=O)C(=C3)C(*)=O)C=C2C1=O,-1.2041199826559248,msa,train
NC1=CC(OC2=CC(NC(=O)C3=CC(=CC=C3C(O)=O)C(C3=CC=C(C(=O)N*)C(=C3)C(O)=O)(C(F)(F)F)C(F)(F)F)=C(N)C=C2)=CC=C1*,-0.0132282657337551,msa,train
O=C1C2C(CC(C=*)C2C(=O)N1C12CC3CC(CC(C3)C1)C2)C=*,0.2013971243204514,msa,train
O=C1C2C(CC(C=*)C2C(=O)N1C1=CC=CC=C1)C=*,0.1583624920952496,msa,train
O=C1C2C(CC(C=*)C2C(=O)N1C1CCCC1)C=*,0.290034611362518,msa,test
O=C1C2C(CC(C=*)C2C(=O)N1C1CCCCC1)C=*,0.3453737305590883,msa,test
OC(*)C*,-6.154901959985743,msa,test
OC(=O)C1=C(C=CC=C1)C(C1=CC=C(O*)C=C1)C1=CC=C(OC2=CC=C(C=C2)S(=O)(=O)C2=CC=C(*)C=C2)C=C1,-0.3555614105321614,msa,train
OC(=O)C1C=CC=CC1C(C1=CC=C(O*)C=C1)C1=CC=C(OC2=CC=C(C=C2)C(=O)C2=CC=C(*)C=C2)C=C1,-0.3106911408763798,msa,train
OC(C*)C*,-1.0,msa,train
OC(C*)CO*,-2.42021640338319,msa,train
OC1=CC(=CC=C1*)C1=CC(O)=C(C=C1)N1C(=O)C2=CC=C(C=C2C1=O)C1=CC2=C(C=C1)C(=O)N(*)C2=O,-2.0177287669604316,msa,train
OC1=CC(CC2=CC(O)=C(C=C2)N2C(=O)C3=CC=C(C=C3C2=O)C(C2=CC3=C(C=C2)C(=O)N(*)C3=O)(C(F)(F)F)C(F)(F)F)=CC=C1*,0.0863598306747482,msa,train
OC1=CC=C(C=C1)C(*)C*,-0.9208187539523752,msa,test
OC1=CC=C(C=C1)N1C(*)=NN=C1C1=CC=CC(=C1)C(C1=CC(*)=CC=C1)(C(F)(F)F)C(F)(F)F,1.0969100130080565,msa,train
OC1=CC=C(C=C1*)C(C1=CC(N2C(=O)C3=C(C=C(C=C3)C(C3=CC4=C(C=C3)C(=O)N(*)C4=O)(C(F)(F)F)C(F)(F)F)C2=O)=C(O)C=C1)(C(F)(F)F)C(F)(F)F,0.414973347970818,msa,train
OC1=CC=C(C=C1N1C(=O)C2=CC=C(C=C2C1=O)C(C1=CC=C2C3=NC4=C(C=CC(=C4)C4=CC5=C(C=C4)N=C4N5C(=O)C5=C4C=C(*)C=C5)N3C(=O)C2=C1)(C(F)(F)F)C(F)(F)F)C(C1=CC(N2C(=O)C3=CC=C(C=C3C2=O)C(*)(C(F)(F)F)C(F)(F)F)=C(O)C=C1)(C(F)(F)F)C(F)(F)F,0.505149978319906,msa,train
OC1=CC=C2C=C(C=CC2=C1C1=C(O)C=CC2=CC(*)=CC=C12)N1C(=O)C2=C(C=C(C=C2)C(=O)C2=CC3=C(C=C2)C(=O)N(*)C3=O)C1=O,-0.1191864077192086,msa,test
OC1=CC=C2C=C(C=CC2=C1C1=C(O)C=CC2=CC(*)=CC=C12)N1C(=O)C2=C(C=C(C=C2)C(C2=CC3=C(C=C2)C(=O)N(*)C3=O)(C(F)(F)F)C(F)(F)F)C1=O,-0.0087739243075051,msa,train
OC1=CC=C2C=C(C=CC2=C1C1=C(O)C=CC2=CC(*)=CC=C12)N1C(=O)C2=C(C=C(OC3=CC4=C(C=C3)C(=O)N(*)C4=O)C=C2)C1=O,-0.4559319556497244,msa,test
OC1C(O*)C(O[N+]([O-])=O)OC(OC2C(O)C(O[N+]([O-])=O)C(O*)OC2CO[N+]([O-])=O)C1O[N+]([O-])=O,-0.2218487496163563,msa,test
OS(=O)(=O)C1=CC=C(C=C1)C(*)=C(*)C1=CC=C(C=C1)S(O)(=O)=O,0.3979400086720376,msa,train
[H]C(*)=C(*)C(C)(C)C,2.113943352306837,msa,train
[H]C([H])(C1=CC=C(*)C=C1)C1=CC=C(OC2=CC=C(C=C2)S(=O)(=O)C2=CC=C(O*)C=C2)C=C1,0.041392685158225,msa,test
[H]C([H])(C1=CC=C(O*)C=C1)C1=CC=C(OC2=CC=C(C=C2)S(=O)(=O)C2=CC=C(*)C=C2)C=C1,0.041392685158225,msa,test
[H]C1=C([H])C2([H])C3C(C(=O)N(*)C3=O)C1([H])C1C2C(=O)N(C1=O)C1=CC2=C(C=C1O)C1(CC(C)(C)C3=C1C=C(O)C(*)=C3)CC2(C)C,1.3617278360175928,msa,train
[H]C1=CC(=CC(=C1)C(=O)OC1=C(Br)C=C(C=C1Br)C(C1=CC(Br)=C(O*)C(Br)=C1)(C(F)(F)F)C(F)(F)F)C(*)=O,0.829303772831025,msa,train
[H]C1=CC(=CC(=C1)C(=O)OC1=C(Br)C=C(C=C1Br)C1(C2C=CC=CC2C2C=CC=CC12)C1=CC(Br)=C(O*)C(Br)=C1)C(*)=O,0.6848453616444125,msa,train
[H]C1=CC(=CC(=C1)C(=O)OC1=C(Br)C=C(C=C1Br)C1(OC(=O)C2C=CC=CC12)C1=CC(Br)=C(O*)C(Br)=C1)C(*)=O,0.292256071356476,msa,train
[H]C1=CC(=CC(=C1)C(=O)OC1=C(C)C=C(C=C1Br)C(C)(C)C1=CC(Br)=C(O*)C(C)=C1)C(*)=O,0.1818435879447725,msa,test
[H]C1=CC(=CC(=C1)C(=O)OC1=C(C)C=C(C=C1C)C(C)(C)C1=CC(C)=C(O*)C(C)=C1)C(*)=O,0.5132176000679389,msa,train
[H]C1=CC(=CC(=C1)C(=O)OC1=C(C)C=C(C=C1[H])C(C)(C)C1=CC([H])=C(O*)C(C)=C1)C(*)=O,-0.3979400086720376,msa,train
[H]C1=CC(=CC(=C1)C(=O)OC1=C(C=C(C=C1[H])C(C)(C)C1=CC([H])=C(O*)C(=C1)C(C)C)C(C)C)C(*)=O,0.2148438480476978,msa,train
[H]C1=CC(=CC(=C1)C(=O)OC1=C([H])C=C(C=C1[H])C(C1=CC([H])=C(O*)C([H])=C1)(C(F)(F)F)C(F)(F)F)C(*)=O,0.6211762817750351,msa,train
[H]C1=CC(=CC(=C1)C(=O)OC1=C([H])C=C(C=C1[H])C1(C2C=CC=CC2C2C=CC=CC12)C1=CC([H])=C(O*)C([H])=C1)C(*)=O,0.481442628502305,msa,train
[H]C1=CC(=CC(=C1)C(=O)OC1=C([H])C=C(C=C1[H])C1(OC(=O)C2=C1C=CC=C2)C1=CC([H])=C(O*)C([H])=C1)C(*)=O,0.1818435879447725,msa,train
[H]C1=CC(=CC(=C1)C(=O)OC1=C([H])C=C(C=C1[H])C1(OC(=O)C2C=CC=CC12)C1=CC([H])=C(O*)C([H])=C1)C(*)=O,0.1846914308175988,msa,train
[H]C1=CC(=CC(C(C)C)=C1OC(=O)C1=CC(=CC(=C1)C(*)=O)C(C)(C)C)C(C)(C)C1=CC([H])=C(O*)C(=C1)C(C)C,0.7015679850559274,msa,train
[H]C1=CC(=CC(C)=C1O*)C(C)(C)C1=CC(C)=C(OC(=O)C2=CC(=CC=C2)C(=O)O*)C([H])=C1,-0.3372421683184259,msa,train
[H]C1=CC(=CC(C)=C1O*)C(C)(C)C1=CC(C)=C(OC(=O)C2=CC=C(C=C2)C(=O)O*)C([H])=C1,0.0492180226701816,msa,train
[H]C1=CC(=CC(C)=C1OC(=O)C1=CC(=CC(=C1)C(*)=O)C(C)(C)C)C(C)(C)C1=CC([H])=C(O*)C(C)=C1,0.3747483460101038,msa,train
[H]C1=CC(=CC([H])=C1O*)C(C)(C)C1=CC([H])=C(OC(=O)C2=CC(=CC(=C2)C(*)=O)C(C)(C)C)C([H])=C1,0.7745169657285496,msa,train
[H]C1=CC(=CC([H])=C1O*)C(C1=CC([H])=C(OC(=O)C2=CC(=CC(=C2)C(*)=O)C(C)(C)C)C([H])=C1)(C(F)(F)F)C(F)(F)F,1.1958996524092338,msa,train
[H]C1=CC(=CC([H])=C1O*)C(C1=CC([H])=C(OC(=O)C2=CC=CC(=C2)C(*)=O)C([H])=C1)(C(F)(F)F)C(F)(F)F,0.7185016888672743,msa,train
[H]C1=CC(=CC([H])=C1O*)C1(C2C=CC=CC2C2C=CC=CC12)C1=CC([H])=C(OC(=O)C2=CC(=CC(=C2)C(*)=O)C(C)(C)C)C([H])=C1,0.9800033715837464,msa,train
[H]C1=CC(=CC([H])=C1O*)C1(C2C=CC=CC2C2C=CC=CC12)C1=CC([H])=C(OC(=O)C2=CC=CC(=C2)C(*)=O)C([H])=C1,0.481442628502305,msa,train
[H]C1=CC(=CC([H])=C1O*)C1(OC(=O)C2=C1C=CC=C2)C1=CC([H])=C(OC(=O)C2=CC(=CC(=C2)C(*)=O)C(C)(C)C)C([H])=C1,0.7481880270062004,msa,train
[H]C1=CC(=CC([H])=C1O*)C1(OC(=O)C2C=CC=CC12)C1=CC([H])=C(OC(=O)C2=CC(=CC(=C2)C(*)=O)C(C)(C)C)C([H])=C1,0.7481880270062004,msa,train
[H]C1=CC(=CC=C1OC(=O)C1=CC=C(C=C1)C(=O)O*)C1(OC(=O)C2=C1C=CC=C2)C1=CC([H])=C(O*)C=C1,0.3324384599156053,msa,test
[H]C1=CC(OC2=CC=C(C=C2)C2(OC(=O)C3=CC=CC=C23)C2=CC=C(OC3=CC=C(C([H])=C3)N3C(=O)C4=C(C=C(C=C4)C(C4=CC5=C(C=C4)C(=O)N(*)C5=O)(C(F)(F)F)C(F)(F)F)C3=O)C=C2)=CC=C1*,0.6843964784190205,msa,test
[H]C1=CC2=C(C=C1)C1=CC=C(C=C1C2(C)C)C(*)=C(*)C1=CC(F)=C(F)C=C1,3.8195439355418688,msa,train
[H]C1=CC2=C(C=C1)C1=CC=C(C=C1C2(C)C)C(*)=C(*)C1=CC(F)=CC(F)=C1,3.4313637641589874,msa,train
[H]C1=CC2=C(C=C1)C1=CC=C(C=C1C2(C)C)C(*)=C(*)C1=CC(F)=CC=C1,3.770852011642144,msa,test
[H]C1=CC2=C(C=C1)C1=CC=C(C=C1C2(C)C)C(*)=C(*)C1=CC=C(Br)C=C1,3.6989700043360183,msa,train
[H]C1=CC2=C(C=C1)C1=CC=C(C=C1C2(C)C)C(*)=C(*)C1=CC=C(C=C1)C(C)(C)C,3.5440680443502757,msa,train
[H]C1=CC2=C(C=C1)C1=CC=C(C=C1C2(C)C)C(*)=C(*)C1=CC=C(C=C1)[Si](C)(C)C,2.6720978579357175,msa,test
[H]C1=CC2=C(C=C1)C1=CC=C(C=C1C2(C)C)C(*)=C(*)C1=CC=C(F)C=C1,3.792391689498254,msa,test
[H]C1=CC2=C(C=C1)C1=CC=C(C=C1C2(C)C)C(*)=C(*)C1=CC=CC=C1,3.681241237375587,msa,train
[H]C1=CC2=C(C=C1C(C)(C)C)C1(C3=C2C=C(O*)C(O*)=C3)C2=C(C=C3OC4=C(OC3=C2)C(C#N)=C(*)C(*)=C4C#N)C2=C1C=C(C([H])=C2)C(C)(C)C,3.3636119798921444,msa,train
[H]C1=CC2=C(C=C1C)C1(C3=C(C=C([H])C(C)=C3)C3=C1C=C1OC4=C(OC1=C3)C(C#N)=C(*)C(*)=C4C#N)C1=C2C=C(O*)C(O*)=C1,3.1789769472931693,msa,test
[H]C1=CC2=C(C=C1[H])C1(C3=C(C=C(C)C(C)=C3)C3=C1C=C(O*)C(O*)=C3)C1=C2C=C2OC3=C(OC2=C1)C(C#N)=C(*)C(*)=C3C#N,3.1437952038457664,msa,train
[H]C1=CC2=C(C=C1[H])C1(C3=C(C=C([H])C([H])=C3)C3=C1C=C1OC4=C(OC1=C3)C(C#N)=C(*)C(*)=C4C#N)C1=C2C=C(O*)C(O*)=C1,2.979092900638326,msa,train
[H]C1=CC=C(C=C1)C(*)=C(*)C1=CC=C(C=C1)[Si](C)(C)CCCCCCCC,1.5314789170422551,msa,train
[H]C1=CC=C(C=C1)C1=C(C2=CC=C([H])C=C2)C(C2=CC=C3OC4=C(OC3=C2)C(C#N)=C(*)C(*)=C4C#N)=C(C2=CC=C([H])C=C2)C(C2=CC=C([H])C=C2)=C1C1=CC=C(O*)C(O*)=C1,2.5314789170422554,msa,train
[H]C1=CC=C(C=C1)N(C1=CC=C(*)C=C1)C1=CC=C(C=C1)N1C(=O)C2=C(C=C(C=C2)C(C2=CC=C3C(=O)N(*)C(=O)C3=C2)(C(F)(F)F)C(F)(F)F)C1=O,-0.1611509092627447,msa,test
[H]C1CC(*)CC1\C=C\*,0.4471580313422192,msa,test
[H]N(*)C(=O)C1=CC=C(C=C1)C(C1=CC=C(C=C1)C(=O)N([H])C1=C(C)C2=C(C=C1C)C1C3=C(C=CC=C3)C2C2=C1C=C(C)C(*)=C2C)(C(F)(F)F)C(F)(F)F,1.4393326938302626,msa,train
[H]N1C2C=CC(*)=CC2C2=C1C=CC(=C2)N1C(=O)C2=CC=C(C=C2C1=O)C(C1=CC2=C(C=C1)C(=O)N(*)C2=O)(C(F)(F)F)C(F)(F)F,0.6522463410033232,msa,train
[O-]S(=O)(=O)C1=CC=C(C=C1)C(*)C*,-0.0731432910503076,msa,train
