target,model,fp,seed,n_clipped,rmse_before,rmse_after
Bulk_modulus_GPa,DropoutMLP,AtomPair,0,1,1.0794362749527953,0.9143944508808987
Bulk_modulus_GPa,DropoutMLP,AtomPair,1,1,1.0550719366748744,0.9037481292734427
Bulk_modulus_GPa,DropoutMLP,AtomPair,2,1,1.1447546954355938,0.9898923835798372
Bulk_modulus_GPa,DropoutMLP,AtomPair,3,1,1.0406330089469307,0.8971819922664969
Bulk_modulus_GPa,DropoutMLP,AtomPair,4,1,1.0171407791062559,0.8533854896682195
Bulk_modulus_GPa,DropoutMLP,Morgan,0,1,0.8622057519610945,0.852935427555307
Bulk_modulus_GPa,DropoutMLP,Morgan,1,1,0.8185926542143219,0.8126803594887414
Bulk_modulus_GPa,DropoutMLP,Morgan,2,1,0.8384208348147043,0.8267087454532858
Bulk_modulus_GPa,DropoutMLP,Morgan,3,1,0.913428339809381,0.8926019870882885
Bulk_modulus_GPa,DropoutMLP,Morgan,4,1,0.8625867573515797,0.8363210979544238
Bulk_modulus_GPa,DropoutMLP,RDKit,0,1,1.1195102989439794,0.9270261242160427
Bulk_modulus_GPa,DropoutMLP,RDKit,1,1,1.0834611968870695,0.913941830437238
Bulk_modulus_GPa,DropoutMLP,RDKit,2,1,1.084735143350598,0.9107075954836292
Bulk_modulus_GPa,DropoutMLP,RDKit,3,1,1.0772847758084882,0.9066983305431265
Bulk_modulus_GPa,DropoutMLP,RDKit,4,1,1.0769544413383538,0.8874160703518985
Bulk_modulus_GPa,DropoutMLP,TopologicalTorsion,0,1,0.937159991665954,0.8226973929486805
Bulk_modulus_GPa,DropoutMLP,TopologicalTorsion,1,1,0.9226785437646523,0.8129058975099405
Bulk_modulus_GPa,DropoutMLP,TopologicalTorsion,2,1,0.8833309102946397,0.7778055764619615
Bulk_modulus_GPa,DropoutMLP,TopologicalTorsion,3,1,0.9388053133737714,0.8300387149058444
Bulk_modulus_GPa,DropoutMLP,TopologicalTorsion,4,1,0.9228005903611849,0.7876775916129073
CH4_msa_log10,DropoutMLP,RDKit,2,1,0.6179436741294186,0.6176624025805564
CH4_msa_log10,DropoutMLP,RDKit,3,1,0.6355534555258382,0.6350973804645348
CO2_msa_log10,DropoutMLP,MACCS,0,1,0.6937997145041515,0.6937219595259997
CO2_msa_log10,DropoutMLP,MACCS,2,1,0.6478746603659501,0.6478477870000432
CO2_msa_log10,DropoutMLP,Morgan,1,3,0.7352706432904217,0.7292468441891942
CO2_msa_log10,DropoutMLP,Morgan,3,1,0.6900380401309416,0.689516532220322
CO2_msa_log10,DropoutMLP,Morgan,4,1,0.6794116823691763,0.6793464976051685
CO2_msa_log10,DropoutMLP,RDKit,0,1,0.7476811177349134,0.7467376041310534
CO2_msa_log10,DropoutMLP,TopologicalTorsion,0,3,0.7251464519508095,0.7174861922077939
CO2_msa_log10,DropoutMLP,TopologicalTorsion,3,2,0.7412750061759564,0.7403184060839717
H2_msa_log10,DropoutMLP,MACCS,4,4,0.3861663549472234,0.3859028179672336
H2_msa_log10,DropoutMLP,Morgan,0,2,0.4451967013374142,0.44522732624301237
H2_msa_log10,DropoutMLP,Morgan,4,2,0.4333909591512923,0.43315578560398404
H2_msa_log10,DropoutMLP,TopologicalTorsion,1,2,0.503999306254495,0.5044168193112886
H2_msa_log10,DropoutMLP,TopologicalTorsion,4,3,0.5050895329062304,0.5053194392939452
TC,DropoutMLP,RDKit,1,1,0.0646102729412197,0.06448170314172504
TC,DropoutMLP,RDKit,2,1,0.062405165942877934,0.06239620885834836
TC,DropoutMLP,RDKit,3,1,0.06545955760234685,0.06537192654012954
TC,DropoutMLP,RDKit,4,1,0.07042631665942893,0.07041550924874519
TC,DropoutMLP,TopologicalTorsion,1,3,0.07016477540927661,0.06907420110055765
TC,DropoutMLP,TopologicalTorsion,4,2,0.06699277771150576,0.06657766940006798
Tg,DropoutMLP,AtomPair,0,1,40.52258278243119,40.51842073802284
Tg,DropoutMLP,AtomPair,2,1,41.11957957229353,41.1133464523357
Tg,DropoutMLP,RDKit,2,1,40.01822944181897,40.01602553200267
Tg,DropoutMLP,TopologicalTorsion,0,1,40.91297246801349,40.90518215731812
CH4_msa_log10,torch-GNN,Morgan,0,1,0.5479631253955725,0.5457659335608976
CH4_msa_log10,torch-GREA,Morgan,0,1,0.5726405640029871,0.5722848447172718
CO2_msa_log10,torch-GNN,Morgan,0,1,0.6938590542672081,0.6936529209357508
CO2_msa_log10,torch-GNN,Morgan,1,1,0.6699150366170219,0.6698981942397011
CO2_msa_log10,torch-GNN,Morgan,2,1,0.6523769120113821,0.652248897998343
CO2_msa_log10,torch-GNN,Morgan,4,1,0.679461188121493,0.6794389329344611
CO2_msa_log10,torch-GREA,Morgan,1,3,0.8413750323578485,0.840346047079145
CO2_msa_log10,torch-GREA,Morgan,4,1,0.8131195820526076,0.8130901110884563
FFV,torch-GNN,Morgan,1,11,0.0401839929523261,0.03978513711290088
FFV,torch-GNN,Morgan,2,6,0.0331521037551728,0.0328124496508216
FFV,torch-GNN,Morgan,3,2,0.03208305790497129,0.031923255908988965
FFV,torch-GNN,Morgan,4,2,0.02534412315529799,0.025330504831974826
O2_msa_log10,torch-GNN,Morgan,0,1,0.7145422347912868,0.7145353932348117
O2_msa_log10,torch-GNN,Morgan,2,1,0.7263286387520205,0.7262142416326807
O2_msa_log10,torch-GREA,Morgan,2,1,0.9048691769314642,0.9036841149257939
TC,torch-GREA,Morgan,0,3,0.06501651094013466,0.06443040984577632
TC,torch-GREA,Morgan,2,3,0.07390937661633179,0.07281956739599676
TC,torch-GREA,Morgan,3,2,0.07293024734478175,0.07161408812669247
Tm,torch-GNN,Morgan,0,1,4423.815894687986,61.16624767001293
Tm,torch-GNN,Morgan,1,1,4005.3262785674074,61.412387321411266
Tm,torch-GNN,Morgan,2,1,1038.887934184109,62.6991323178384
Tm,torch-GNN,Morgan,4,1,52740.46400546182,61.91007026795039
