SMILES,DropoutMLP_AtomPair_FFV_mean,DropoutMLP_AtomPair_FFV_std,DropoutMLP_Morgan_Tg_mean,DropoutMLP_Morgan_Tg_std,DropoutMLP_Morgan_density_mean,DropoutMLP_Morgan_density_std,QuantileRandomForest_TopologicalTorsion_CH4_msa_log10_mean,QuantileRandomForest_TopologicalTorsion_CH4_msa_log10_std,DropoutMLP_AtomPair_CO2_msa_log10_mean,DropoutMLP_AtomPair_CO2_msa_log10_std
*c1cc(C)c(-c2ccc(*)c(-c3ccc(O)cc3)c2)cc1Br,0.4058912992477417,0.0212375506758689,237.8177947998047,30.17256050109863,1.256163477897644,0.0815708398818969,-1.2218487496163564,2.2611976975620616,1.5096688270568848,0.1925773024559021
*c1ccc(-c2cc(*)c(-c3ccc(CC)cc3)c(Br)c2)cc1,0.4172006845474243,0.0233832210302352,288.6667785644531,35.31985855102539,1.2213705778121948,0.076666548848152,-1.0726296369609765,1.8970917751739829,1.9449567794799805,0.3050256639719008
*/C(C#N)=C/c1c([2H])c(I)c(-c2ccc(*)cc2)c(C)c1C,0.4158048927783966,0.0224664494395255,382.9527587890625,43.4393585205078,1.2112791538238523,0.0673125147819518,-0.585026652029182,1.8140028198597231,2.3318469524383545,0.2993837118148803
*c1ccc2c(c1)C(=O)N(c1ccc(C(c3ccc(N4C(=O)c5ccc(C(*)(C(F)(F)F)C(F)(F)F)cc5C4=O)cc3)c3ccccc3-c3ccccc3)cc1)C2=O,0.4103633761405945,0.020807396620512,278.2835998535156,35.832243347167974,1.2705001831054688,0.094800728559494,-0.5077813526019619,1.7992754445056345,1.5374407768249512,0.1932322591543197
*c1ccc2c(c1)C(=O)N(c1cc(C(F)(F)F)c(C(C)(C)c3cc(C)c(N4C(=O)c5ccc(C(*)(C(F)(F)F)C(F)(F)F)cc5C4=O)cc3C(F)(F)F)cc1C)C2=O,0.409600019454956,0.023315530270338,281.62969970703125,28.965830230712896,1.292599320411682,0.0839533865451813,-0.0555173278498313,1.7587533506196218,1.9634556770324707,0.2949475526809693
*C(=O)c1ccc2c(c1)C(=O)N(c1cc(C)c(N3C(=O)c4ccc(C(*)(C(F)(F)F)C(F)(F)F)cc4C3=O)cc1C)C2=O,0.4018242955207824,0.0177059508860111,304.47412109375,35.0044090270996,1.3466562032699585,0.1056817919015884,-0.087246696328677,1.26474188259557,1.6312050819396973,0.2295859903097152
*c1ccc(-c2ccc(N(*)c3ccc([Si](C)(C)N)cc3)cc2)cc1,0.4204103052616119,0.0198236264288425,214.86053466796875,31.918763351440436,1.2720404863357544,0.0850698739290237,-0.5810480277035288,1.853103842818196,1.677537202835083,0.2475643008947372
*C(=O)c1ccc2c(c1)C(=O)N(c1cc(C(C)(C)C)c(N3C(=O)c4ccc(*)cc4C3=O)c(C(C)(C)O)c1)C2=O,0.4011561572551727,0.0163489662110805,237.0282440185547,26.076084899902327,1.3306351900100708,0.0785230308771133,-0.4436974992327127,1.7275140997207497,1.5411791801452637,0.23931585252285
*c1ccc2c(c1)C(=O)N(c1ccc(N3C(=O)c4ccc(C(*)(C(F)(F)F)C(F)(F)F)cc4C3=O)c(C(C)(C)C)c1)C2=O,0.4082385599613189,0.018167907744646,272.49383544921875,30.96441459655763,1.3867251873016355,0.0797194808721541,-0.2479515521805615,1.5788476891479282,1.780386209487915,0.2647969931364059
*Oc1ccc(-c2ccc(-c3cc(C)c(*)c(C(C)(C)C)c3)cc2Br)cc1,0.4042881727218628,0.0143175616860389,286.2860717773437,35.60920524597168,1.2511945962905884,0.0702948361635208,-0.0583396608085123,2.1832657722102065,1.71785306930542,0.2577197730541229
*/C(=C\c1ccc(*)cc1)c1ccc(I)cc1,0.4005143642425537,0.0119142159819602,219.8221740722656,30.10422744750976,1.3319306373596191,0.0833128780126571,-1.2078343878162348,1.068431556869916,1.8065522909164429,0.2282011806964875
*c1ccc(-c2ccc(-c3ccc(*)c(Cl)c3F)s2)cc1,0.4269243478775024,0.0243241541087627,225.6743927001953,23.44822158813476,1.3620868921279907,0.1111554443836211,-0.6676790122219372,1.132008366639166,1.5821374654769895,0.2194256395101547
*c1ccc2c(c1)C(=O)N(c1ccc(C(C)(C)C)c(N3C(=O)c4ccc(C(*)(F)C(F)(F)F)cc4C3=O)c1)C2=O,0.4016309380531311,0.0139915958046913,254.9148406982422,32.56050262451171,1.3364572525024414,0.0822682529687881,-0.2359886105255962,1.918346158798537,1.9919121265411377,0.289171051979065
*c1ccc(Cc2ccc(N(c3ccc(C(F)(F)F)cc3)c3ccc(-c4nnc(*)o4)cc3C(F)(F)F)cc2)cc1,0.4102123975753784,0.0189382441341877,204.7047271728516,22.91237182617188,1.278998851776123,0.0751387357711791,-0.0731508941119127,1.6505149978319906,1.601596713066101,0.2646797388792037
*c1ccc(-c2cc(O)c(C(C)(C)c3cc(S(*)(=O)=O)cc(S(=O)(=O)O)c3)c(C(C)(C)C)c2)cc1Br,0.4030610620975494,0.017499029636383,312.7186279296875,38.21171264648439,1.2413687705993652,0.0815796524286269,-0.0302391257216276,1.6714679681157187,2.0697524547576904,0.3031124949455261
*c1ccc(C(c2ccccc2)(c2ccccc2)c2ccc(-c3ccc(N(*)c4ccc(F)cc4)cc3)cc2)cc1,0.4299157261848449,0.0279101677238941,231.74449157714844,27.753977203369143,1.2123132944107056,0.082513728737831,-0.0757207139381183,1.089900652736748,1.697962760925293,0.2540309846401215
*c1ccc2c(c1)C(=O)N(c1c(C)cc(Cc3cc(C)c(N4C(=O)c5ccc(C(*)(C(F)(F)F)C(F)(F)F)cc5C4=O)c(C)c3)cc1C(C)C)C2=O,0.4125937521457672,0.0192996688187122,265.72393798828125,26.557025909423828,1.2373944520950315,0.0781265646219253,-0.087246696328677,1.8016981948308357,2.1253602504730225,0.3488326102495194
*c1cc(-c2ccc(-c3ccccc3)cc2)c(*)cc1Br,0.4104898571968078,0.0195481427013874,216.63790893554688,25.38564147949218,1.4039498567581177,0.0835317403078079,-0.1339640295000666,1.9438375532502572,1.527539849281311,0.219204556941986
*c1ccc(-c2ccc(-c3cc(*)c(Cl)cc3Cl)cc2)cc1,0.4041641652584076,0.0160825282335281,244.6371917724609,29.23050918579102,1.4104396104812622,0.0979709088802337,-1.053396623470076,2.154165422179064,1.58170747756958,0.2055708736181259
*c1ccc2c(c1)C(=O)N(c1cc(C(=O)N(*)C)cc(C(C)(C)C)c1)C2=C,0.4005219638347626,0.0165341965854167,225.51400756835935,24.7872444152832,1.2159879207611084,0.0711421966552734,-0.1747005509136714,1.746534526856479,1.6586875915527344,0.2318035542964934
*c1ccc(N(c2ccc(C#N)cc2)c2cc(C)c(N3C(=O)c4ccc(-c5ccc6c(c5)C(=O)N(*)C6=O)cc4C3=O)cc2C(C)(C)C)cc1,0.4271247982978821,0.0278538033366203,341.4082946777344,41.553348541259766,1.2467124462127686,0.0716373801231384,-1.2218487496163564,1.6717117645937911,1.531102180480957,0.2168708354234695
*c1ccc2c(c1)C(=O)N(c1c(C)cc(C(c3cccc(C(F)(F)F)c3)c3cc(C)c(N4C(=O)c5ccc(C(*)(C(F)(F)F)C(F)(F)F)cc5C4=O)c(C)c3)cc1Br)C2=O,0.4298820793628692,0.0307360023260116,267.14617919921875,30.74994354248048,1.4247519969940186,0.0991640985012054,-0.3029581121608724,1.7992754445056345,2.317293167114258,0.3776789784431458
*c1ccc2c(c1)C(=O)N(c1cc(N3C(=O)c4ccc(C(*)(C(F)(F)F)C(F)(F)F)cc4C3=O)c(C#N)cc1C)C2=O,0.4051339030265808,0.0186436630785465,337.7401428222656,31.05353164672852,1.3376022577285769,0.0984870940446853,-0.1487416512809247,1.862649471529184,1.7884541749954224,0.3011301159858705
*c1ccc2c(c1)C(=O)N(c1cc(Br)c(N3C(=O)c4ccc(C(*)(C(F)(F)F)C(F)(F)F)cc4C3=O)c(C(C)(C)C)c1)C2=O,0.4197074472904205,0.0215821057558059,268.5333251953125,29.008576583862308,1.4584453105926514,0.1128905177116393,-0.3565473235138126,1.862649471529184,1.676918387413025,0.2420590817928314
*c1ccc2c(c1)C(=O)N(c1c(Cl)cc(N3C(=O)c4ccc(C(*)(C(F)(F)F)C(F)(F)F)cc4C3=O)c(C)c1C)C2=O,0.4065640270709991,0.0161396384239196,346.6986083984375,39.23722839355469,1.4500316381454468,0.1036752760410308,-0.246038348254035,1.8016981948308357,1.8768935203552248,0.2889300286769867
*/C=C(\c1ccc(Br)cc1)c1ccc(C(c2ccccc2)(c2ccccc2)c2ccc(*)cc2)c2ccccc12,0.42758509516716,0.0279804021120071,210.6523284912109,23.78150825500488,1.2112964391708374,0.0887755006551742,-0.0757207139381183,0.9943460474326842,2.205065488815308,0.2668865203857422
*c1ccc2c(c1)C(=O)N(c1ccc(C(C)(C)c3ccc(N4C(=O)c5ccc(C(*)(C(F)(F)F)C(F)(F)F)cc5C4=O)cc3)c(C(C)(C)C)c1)C2=O,0.4033480882644653,0.0153204806149005,271.59136962890625,31.75044860839843,1.2992804050445557,0.0836455851793289,-0.1558345909438669,1.3141944650251558,1.9235481023788448,0.355036598443985
*c1ccc2c(c1)C(=O)N(c1cc(C(C)(C)c3cc(Cl)c(N4C(=O)c5ccc(*)cc5C4=O)c(C)c3C)cc(C)c1C)C2=O,0.4219220876693725,0.0251010380685329,223.95872497558597,24.667990875244143,1.2521835565567017,0.0838939934968948,-0.087246696328677,1.1181631486317525,2.0472421646118164,0.3390773326158524
*c1ccc(-c2ccc(-c3nnc(*)o3)cc2C)c(C(C)(C)C)c1,0.4075236022472381,0.0199823066592216,287.1446838378906,41.12630081176759,1.2261525392532349,0.0688472330570221,-0.1487416512809247,1.616286307504065,1.546118140220642,0.2324050337076186
*c1ccc(N(c2ccccc2)c2ccc(N3C(=O)c4ccc(C(*)(C(F)(F)F)C(F)(F)F)cc4C3=O)c(C)c2)cc1C,0.4060182273387909,0.021778592467308,261.422607421875,31.82468910217284,1.3110874891281128,0.0960902154445647,-0.7559186098206936,1.7992754445056345,2.2513556480407715,0.3847622841596604
*c1ccc(-c2ccc(-c3ccc(N4C(=O)c5cc6c(cc4c5=O)C(=O)N(*)C6=O)cc3)cc2C(C)(C)C)c(C(C)(C)C)c1,0.4057474136352539,0.0186342492699622,363.8580017089844,36.24093399047851,1.2535195350646973,0.0668420463800429,-1.2218487496163564,1.9763299935309997,1.8584840297698972,0.2735400795936583
*c1ccc([Si](C)(C)c2ccc(N(*)c3ccc(C)cc3)cc2Cl)cc1,0.4189458787441253,0.0193458259105682,203.2758331298828,25.053952789306635,1.262986183166504,0.0870299249887466,-0.8860566476931633,1.5537384574614503,1.7792195081710815,0.2565867573022843
*c1ccc2c(c1)C(=O)N(c1c(C)c(C)c(N3C(=O)c4ccc(C(*)(C(F)(F)F)C(F)(F)F)cc4C3=O)c(C(F)(F)F)c1Cl)C2=O,0.4144718647003174,0.0204502098262309,376.3098754882813,40.86299591064454,1.367318868637085,0.0988766610622405,-0.0555173278498313,1.862649471529184,1.7969067096710205,0.3143565297126769
*c1ccc2c(c1)C(=O)N(c1ccc(C(c3ccc(N4C(=O)c5ccc(C(*)(C(F)(F)F)C(F)(F)F)cc5C4=O)cc3)c3ccccc3/C=C/c3ccc([N+](=O)[O-])cc3)cc1)C2=O,0.401820570230484,0.0161904543638229,322.4670715332031,44.43953781127931,1.2570174932479858,0.0815652281045913,-0.684440529293769,1.6653261694173818,1.588064432144165,0.2596076756715775
*c1ccc2c(c1)Sc1cc(*)ccc1N2I,0.4168155193328857,0.0206121422350406,209.4266357421875,23.43947372436523,1.3212565183639526,0.0760289043188094,-0.6536514316333644,1.1215511808440968,1.533100724220276,0.2021918892860412
