split,target,model,fp,n_seeds,rmse_mean,rmse_std,mae_mean,mae_std,r2_mean,r2_std,spearman_mean,spearman_std,ece_mean,ece_std,cov90_mean,cov90_std
test,Bulk_modulus_GPa,DropoutMLP,AtomPair,5,0.911720489133779,0.049487103694448094,0.5646836068740259,0.0431534205323701,-0.4724405443675847,0.16198255579982507,-0.2767179487179487,0.0678740545551765,0.17521367521367523,0.04368600064158306,0.6384615384615385,0.03440104580768906
test,Bulk_modulus_GPa,DropoutMLP,MACCS,5,0.6182241363239289,0.02852950342659911,0.3904862563353319,0.008869936718687693,0.323413838239779,0.06165808910059129,-0.4605128205128205,0.06893277641694243,0.10358974358974357,0.021985923149009462,0.7846153846153846,0.05160156871153363
test,Bulk_modulus_GPa,DropoutMLP,Morgan,5,0.8442495235080093,0.030743115517137945,0.5132989346650931,0.05617703487114701,-0.2609389095270288,0.09284240369685082,-0.331008547008547,0.15774404913999915,0.11367521367521369,0.062480912418793395,0.676923076923077,0.06435846357954425
test,Bulk_modulus_GPa,DropoutMLP,RDKit,5,0.909157990206387,0.01434675591793012,0.5841405726872957,0.023634369567588954,-0.46102335963413854,0.045965110516218606,-0.3866666666666666,0.13448288147092305,0.2117948717948718,0.045139211297083544,0.5615384615384615,0.05832981110808884
test,Bulk_modulus_GPa,DropoutMLP,TopologicalTorsion,5,0.8062250346878669,0.022554030297914036,0.4698824848688566,0.027563451507016785,-0.14941353239555802,0.06405414376459342,-0.465025641025641,0.1710943578126717,0.07470085470085472,0.026333942241702716,0.7461538461538462,0.034401045807689094
test,Bulk_modulus_GPa,QuantileRandomForest,AtomPair,5,0.5317199984824128,0.02236607961464519,0.38823076923076927,0.021866327528549435,0.49965193869430446,0.0423225348396788,0.6458354300797666,0.035729800333831635,0.08393162393162394,0.027724472193171663,0.823076923076923,0.05160156871153355
test,Bulk_modulus_GPa,QuantileRandomForest,MACCS,5,0.577302132798498,0.01732464913056516,0.40404230769230765,0.01769932657596338,0.41059877217993285,0.035302721530630514,0.5652618076438685,0.14093967599041143,0.07760683760683763,0.028259465918202154,0.823076923076923,0.021066252211737177
test,Bulk_modulus_GPa,QuantileRandomForest,Morgan,5,0.5464867219933793,0.013216357522541971,0.3811038461538462,0.016529993359749813,0.471975201677011,0.025313170397705777,0.5045965270842021,0.11659595539962095,0.12205128205128206,0.022559893417303047,0.7153846153846153,0.03440104580768911
test,Bulk_modulus_GPa,QuantileRandomForest,RDKit,5,0.559865592768485,0.034396073179701434,0.3788999999999999,0.02289545800025459,0.44439150227706464,0.06812380074742107,0.6495845859906713,0.0726440564412014,0.07572649572649574,0.029660705815962304,0.7461538461538462,0.043852900965351486
test,Bulk_modulus_GPa,QuantileRandomForest,TopologicalTorsion,5,0.5590647522467289,0.01292065779964842,0.3965653846153846,0.013796643586769733,0.44741169378866097,0.025400129088755587,0.4572700329611797,0.04956294007341341,0.1652991452991453,0.033418694121840196,0.6461538461538462,0.03217923178977211
test,Bulk_modulus_GPa,torch-GNN,graph,5,0.6955112099160619,0.05400196846784241,0.5652967514038086,0.05535894567716616,0.14100687433510783,0.13034076536961614,,,,,0.0,0.0
test,Bulk_modulus_GPa,torch-GREA,graph,5,0.7335978049874811,0.1049535913166012,0.5289931689189031,0.08826275574748696,0.03336671372731113,0.2785487609156224,-0.44629059829059825,0.10239005174847814,0.17914529914529917,0.08114168184534065,0.6,0.08854511102477952
test,CH4_msa_log10,DropoutMLP,AtomPair,5,0.5942035704910303,0.041361247838143024,0.4556713576434424,0.040797289524876004,0.8198820365031155,0.02495729712832313,0.011435211977523474,0.11271704624755717,0.3017842660178427,0.040989524008454785,0.40729927007299266,0.06989789559050576
test,CH4_msa_log10,DropoutMLP,MACCS,5,0.6036082406720682,0.019240291255190594,0.4691974570316645,0.00993965648733704,0.8147025081032053,0.012000405305421452,0.06945227472137697,0.040871181282452755,0.32514193025141935,0.026290385571486184,0.3708029197080292,0.010826567134446225
test,CH4_msa_log10,DropoutMLP,Morgan,5,0.5760560387035151,0.02264950420825138,0.4140253592385001,0.025783505285077727,0.8311610674681733,0.013259143305605296,0.17133029663785537,0.11534607508395386,0.36066504460665044,0.02478224252696919,0.28029197080291973,0.034469252417861605
test,CH4_msa_log10,DropoutMLP,RDKit,5,0.6248081727178545,0.02913793629754664,0.48959488412239044,0.028775755986207407,0.8012739905909714,0.018789474101579055,-0.05745888326768346,0.08529755708440431,0.29870235198702355,0.03380351280220786,0.4087591240875913,0.04224757993719061
test,CH4_msa_log10,DropoutMLP,TopologicalTorsion,5,0.5908389137838704,0.04811799926973078,0.44546272471727894,0.04234327468415744,0.821662444849399,0.02889928275955281,0.1359773741295947,0.08787776727982553,0.33892944038929446,0.021599908097200127,0.34306569343065696,0.027794792357167544
test,CH4_msa_log10,QuantileRandomForest,AtomPair,5,0.5945291767652943,0.01669684824123941,0.46183872457757413,0.008590958805879087,0.8202674890189133,0.010088921723208391,0.3131134828863778,0.05307140051782356,0.07099756690997565,0.005410731249365228,0.9372262773722628,0.003997974872300492
test,CH4_msa_log10,QuantileRandomForest,MACCS,5,0.7586407984536516,0.033581842895715086,0.5443958313234635,0.00978278463884646,0.7070732748335729,0.025875894683797484,0.2968259469739132,0.04334707387147838,0.022270884022708853,0.009256691628214037,0.8846715328467154,0.016644896716775708
test,CH4_msa_log10,QuantileRandomForest,Morgan,5,0.6193726697063159,0.016735264178343593,0.46127934750984423,0.018128547247511853,0.8049418928276438,0.010456874858862784,0.3607614962361784,0.05658765090138975,0.05046228710462288,0.00797915047427792,0.818978102189781,0.026012452089351025
test,CH4_msa_log10,QuantileRandomForest,RDKit,5,0.6135102603049065,0.03398384957722479,0.45491853231364543,0.017820497943593097,0.8082591036043872,0.02180742165044849,0.15995141661106788,0.054469825188747836,0.05633414436334146,0.011752045903674093,0.8642335766423358,0.019721541731542083
test,CH4_msa_log10,QuantileRandomForest,TopologicalTorsion,5,0.5766469526923154,0.021142565207738363,0.44807391414732134,0.01368004851214263,0.8308417584020775,0.012477402288103645,0.35054141716338993,0.04863790914766128,0.03404703974047041,0.005720608081629421,0.8394160583941606,0.015484090098975474
test,CH4_msa_log10,torch-GNN,graph,5,0.5651452548699017,0.014046763976316984,0.43411812712376996,0.016662434812499557,0.8376167947714551,0.008033506496572265,,,,,0.0,0.0
test,CH4_msa_log10,torch-GREA,graph,5,0.5935386351518586,0.016790962916838806,0.4605602626222348,0.012664781837676678,0.8208642340837369,0.010096956314764996,0.15961920111632422,0.03651012254609101,0.30210867802108676,0.01655176936898504,0.5211678832116788,0.03951056526342875
test,CO2_msa_log10,DropoutMLP,AtomPair,5,0.681021389351751,0.022603392527719392,0.41651275050046105,0.015600979987805899,0.7104656011235448,0.019557474871677298,0.011571279191355869,0.07243619230982626,0.2689477557027226,0.033059396415357295,0.47152317880794703,0.042765256399901856
test,CO2_msa_log10,DropoutMLP,MACCS,5,0.6710722908065011,0.01871808550841775,0.41706664367348517,0.01743546093210821,0.7189361874501805,0.015673566294279646,0.24565772046009057,0.029026662069756043,0.30367917586460635,0.018538081725575365,0.4066225165562914,0.026737257269121007
test,CO2_msa_log10,DropoutMLP,Morgan,5,0.6821409180609009,0.031044559619595524,0.3771286676754171,0.023044286512990442,0.7092877630732962,0.02668364714122356,0.04088184036249563,0.07566851666854764,0.2967623252391465,0.02456741962201128,0.3827814569536424,0.04377879173785009
test,CO2_msa_log10,DropoutMLP,RDKit,5,0.771716992811627,0.022536219845360406,0.44860327668985195,0.033558896535228165,0.6282864320105854,0.021751359645987275,-0.04028232833739979,0.01020968990304487,0.22803532008830024,0.0174254718064644,0.5350993377483444,0.04476938749974987
test,CO2_msa_log10,DropoutMLP,TopologicalTorsion,5,0.7417198396526165,0.026876785044939063,0.4267941168160361,0.019154865554864783,0.6564959661526899,0.025320764603507306,0.06344579993028929,0.10359197836774674,0.29308314937454016,0.027262668330973527,0.41192052980132454,0.042765256399901835
test,CO2_msa_log10,QuantileRandomForest,AtomPair,5,0.7764767990467795,0.007034022728535502,0.4109597774990684,0.006865218841358221,0.6239188432609258,0.0068071274761974205,0.399156979883994,0.018142099496828722,0.12325239146431197,0.008373662013790315,0.9218543046357615,0.008634705172453787
test,CO2_msa_log10,QuantileRandomForest,MACCS,5,0.750925375603452,0.011711463359134712,0.4465288394379697,0.016363505965696974,0.6482175594952244,0.010992942940403226,0.3030009731086495,0.02433286980236363,0.054348785871964664,0.01854695871921727,0.8940397350993378,0.015531178012660385
test,CO2_msa_log10,QuantileRandomForest,Morgan,5,0.7161586606699302,0.031788578604772126,0.4013363718361488,0.019048700513812265,0.6795955108911911,0.029171092559789964,0.4472896273765977,0.03522166535944695,0.0342457689477557,0.01193160760351675,0.8304635761589404,0.005923358880794174
test,CO2_msa_log10,QuantileRandomForest,RDKit,5,0.8222229191886689,0.0051787947603876,0.46229618333814465,0.005863821694881035,0.578314142653484,0.005314304301352548,0.39901162727762535,0.03590933791860514,0.040750551876379694,0.010865273493162237,0.8158940397350992,0.020625710599201933
test,CO2_msa_log10,QuantileRandomForest,TopologicalTorsion,5,0.8650811660063749,0.028680075634198623,0.4461461727108265,0.02411895679337313,0.5328121745751087,0.03151881247100804,0.30311183406795983,0.016688415100113988,0.0667991169977925,0.007736144220320369,0.8370860927152318,0.015949131892440113
test,CO2_msa_log10,torch-GNN,graph,5,0.6800189069440903,0.0204736763073411,0.3856452253811439,0.005336850119297829,0.7113624068039657,0.017333960490104907,,,,,0.0,0.0
test,CO2_msa_log10,torch-GREA,graph,5,0.8451891004098211,0.05683438201569373,0.538414971791261,0.08880437692481677,0.5528305945876,0.060098355798381846,0.11969745555942837,0.1012230230160679,0.2742457689477557,0.05055996242229749,0.5695364238410596,0.06834360079652414
test,FFV,DropoutMLP,AtomPair,5,0.014306535008932319,0.00022799602166414523,0.00816162013188005,0.00028794376036128845,0.7723104959997418,0.007265006605701497,0.2638393244023856,0.01682743804036152,0.1673015873015873,0.013639948911269973,0.6318012422360247,0.027000422219778265
test,FFV,DropoutMLP,MACCS,5,0.01426422356674337,0.0007454529892039108,0.008956238000894118,0.0001700647442036255,0.7732068192320608,0.023343235555164182,0.23692201973565924,0.014686886108848808,0.24364389233954453,0.011147764772560359,0.5185093167701863,0.018411723201587644
test,FFV,DropoutMLP,Morgan,5,0.015358373854820685,0.0002582286906616581,0.0077448960874014995,0.00016621307139200024,0.7375935326693481,0.00884401840222245,0.24898058240416682,0.05161096475945505,0.17438233264320221,0.051741735966280865,0.6340372670807454,0.0692893264758262
test,FFV,DropoutMLP,RDKit,5,0.016040901793431442,0.0003439828690356632,0.008818715028035912,0.00023008201457823014,0.7137119924765629,0.012343814239380762,0.187693283798132,0.030089702897638362,0.19997239475500347,0.04330562085667466,0.577888198757764,0.07683382957646662
test,FFV,DropoutMLP,TopologicalTorsion,5,0.01597579777539779,0.0003498968409515437,0.008276780791482306,0.00011124472171577126,0.7160266443184405,0.012430742985274842,0.2996045859273275,0.01523242783967165,0.2642650103519669,0.016895207742205855,0.47850931677018627,0.03758302923211623
test,FFV,QuantileRandomForest,AtomPair,5,0.016483445489318467,0.00018837649957039363,0.008621004601863356,0.00011046780149032312,0.6977772006584575,0.006923212288826087,0.4051771155369093,0.012542454816797203,0.12951000690131123,0.0037208245354487324,0.9382608695652174,0.00204120207765905
test,FFV,QuantileRandomForest,MACCS,5,0.01601477875264606,5.1748776610994304e-05,0.008564826760869565,3.8325884808121285e-05,0.7147462441896253,0.0018440737184027358,0.32301689715834725,0.012040552692919834,0.025948930296756385,0.004009002534084765,0.8443478260869565,0.0019444069369563294
test,FFV,QuantileRandomForest,Morgan,5,0.01582553180980873,0.00011978232891172998,0.008130509833540373,4.82743819763034e-05,0.7214376694018725,0.0041989335493526495,0.39056712392583603,0.005848024250352135,0.02099378881987579,0.0026565118343776025,0.8100621118012421,0.007419695979636265
test,FFV,QuantileRandomForest,RDKit,5,0.01609854969640207,0.00011555600771704013,0.008199816860869565,5.110829404384652e-05,0.7117447250593237,0.004140341472828291,0.41578476696315053,0.013694302681227623,0.06550724637681157,0.0035228473177541875,0.8888198757763975,0.0026351805510057493
test,FFV,QuantileRandomForest,TopologicalTorsion,5,0.016736514215289926,8.976406531573356e-05,0.008326838373913042,4.073028154583106e-05,0.6884513506513936,0.0033405456718562845,0.4172285821677306,0.004800351326931348,0.05476880607315389,0.0020112320290304373,0.8757763975155279,0.005555448391303784
test,FFV,torch-GNN,graph,5,0.030784521679584932,0.006348906516867667,0.022489035089961244,0.005846285449964523,-0.08988966815915375,0.4480894791537959,,,,,0.0,0.0
test,FFV,torch-GREA,graph,5,0.031967566562515044,0.003930038941525834,0.022701093817908007,0.0034732875806191997,-0.15033571597529052,0.2678716253818917,0.08474509799167759,0.15147676031189086,0.11337474120082817,0.10329608244583421,0.8009937888198758,0.10323982880015235
test,H2_msa_log10,DropoutMLP,AtomPair,5,0.47343893670867476,0.015003666079111922,0.3313227040986656,0.01648729861479317,0.832865516574202,0.0106795250029675,0.18937410588574563,0.03326990290550818,0.24008714596949896,0.04523386868168502,0.5196078431372549,0.053698289951486886
test,H2_msa_log10,DropoutMLP,MACCS,5,0.4309445047766216,0.0514462362997611,0.3206697599656798,0.044988978428382335,0.8600555983217142,0.03428061744786914,0.2067627550876161,0.100662390615638,0.1291938997821351,0.04815628042798273,0.6686274509803922,0.05432115755762773
test,H2_msa_log10,DropoutMLP,Morgan,5,0.45956877918303257,0.02224410194941507,0.3079481820060727,0.021153463821624533,0.8423465210228551,0.015263451316384737,0.031372172054441316,0.08358067313109922,0.21067538126361657,0.04401734206509726,0.515686274509804,0.03221897397089214
test,H2_msa_log10,DropoutMLP,RDKit,5,0.5932203117751647,0.05395615629114646,0.4356253667146386,0.04730943187683003,0.7360715964608444,0.049363312024716714,0.2063420619617644,0.10710710070722451,0.2250544662309369,0.045273201347893234,0.5294117647058824,0.0639137490706142
test,H2_msa_log10,DropoutMLP,TopologicalTorsion,5,0.5317034649269468,0.039760132811089303,0.3258938271715833,0.028822656110417195,0.7884238123064313,0.032856966204248515,0.12291137737417375,0.1341046317980425,0.31742919389978214,0.025261999240302098,0.3803921568627451,0.045669861564125926
test,H2_msa_log10,QuantileRandomForest,AtomPair,5,0.5261722240939124,0.012163534852013883,0.3521519940221232,0.009223536421440977,0.7936374944598468,0.009468949548328961,0.4519570542160486,0.04429025768433292,0.09150326797385619,0.015804594911271133,0.8882352941176471,0.01486838322363048
test,H2_msa_log10,QuantileRandomForest,MACCS,5,0.44167206399771197,0.016547275029906296,0.3180550509922764,0.011851971296216554,0.8544954460916147,0.011001423112137521,0.34268626916875655,0.03890428067730896,0.034509803921568626,0.010365883945600443,0.8058823529411765,0.02125439547909688
test,H2_msa_log10,QuantileRandomForest,Morgan,5,0.4461350318026801,0.006983580321308822,0.2990426513778924,0.005588965265364579,0.8516774770184059,0.0046254969188953485,0.45649771951414,0.02850935851474232,0.08309368191721131,0.01261887480514842,0.9,0.004384447014705454
test,H2_msa_log10,QuantileRandomForest,RDKit,5,0.49042885242553524,0.012455907605406328,0.3362958525364803,0.006044111510101909,0.8207061433383099,0.009144528612920167,0.2917013048857797,0.034277559271161814,0.051764705882352914,0.016543825140640192,0.8568627450980392,0.011178190442148468
test,H2_msa_log10,QuantileRandomForest,TopologicalTorsion,5,0.5303463838009429,0.010961524298878965,0.36299907079784716,0.008563407030047846,0.7903683047431903,0.008633217106013755,0.39699625516869175,0.02794185730726564,0.02226579520697167,0.005812136393967174,0.8549019607843137,0.008202549279745881
test,H2_msa_log10,torch-GNN,graph,5,0.4383750115313914,0.013352021950948886,0.3152500176638262,0.013468124201535547,0.8567142175309475,0.008781419039214644,,,,,0.0,0.0
test,H2_msa_log10,torch-GREA,graph,5,0.6027806675107845,0.033779270946667876,0.4424206431002552,0.03731297013934459,0.7286076089483988,0.03044512072157568,0.10623559061684822,0.07393982591720234,0.24226579520697172,0.053090467932363036,0.6333333333333334,0.09160242060233788
test,N2_msa_log10,DropoutMLP,AtomPair,5,0.543222322994322,0.018560394535954972,0.3852307336801239,0.019661499515442077,0.8525645997797477,0.010127319253661804,0.09062096966802007,0.09627411979383543,0.2993011879804333,0.025491796606477823,0.379874213836478,0.044159722469287954
test,N2_msa_log10,DropoutMLP,MACCS,5,0.5936049980924307,0.03772342642245631,0.45769368722918885,0.020278034341060198,0.8235437167205866,0.022787235844206503,0.08447098160974445,0.09409209402433266,0.31663172606568835,0.020839366489119913,0.36729559748427676,0.037367171767328185
test,N2_msa_log10,DropoutMLP,Morgan,5,0.5164116269220973,0.0427771539100609,0.3837235338427973,0.03916126381417422,0.8661523801728874,0.021898384744022652,0.28100370193455937,0.12053647632949173,0.31691125087351507,0.03273246241406116,0.3635220125786164,0.04343722427630696
test,N2_msa_log10,DropoutMLP,RDKit,5,0.5907024595485151,0.011841301783799052,0.43681518538211306,0.017411048731822306,0.825771859412025,0.007014106205145547,0.089892524480535,0.04985654604011744,0.3392732354996506,0.025585492157963404,0.3345911949685535,0.04157608523531676
test,N2_msa_log10,DropoutMLP,TopologicalTorsion,5,0.5863987265182955,0.03619447119322893,0.43464418003403427,0.035932736784122524,0.8278334319737721,0.021086378639351377,0.10009493670886078,0.05571997566619604,0.3116002795248079,0.054468351375079056,0.38113207547169814,0.09398255276738686
test,N2_msa_log10,QuantileRandomForest,AtomPair,5,0.5514205736348877,0.01771275175535549,0.40188859491069995,0.01650967024651542,0.8480973235339062,0.009759016014367641,0.3820421353431267,0.030803848994266622,0.10055904961565336,0.017502416322634634,0.8779874213836478,0.01865710311219034
test,N2_msa_log10,QuantileRandomForest,MACCS,5,0.6966637933600814,0.024761857582951487,0.492798202660189,0.01520330256730317,0.7574918506380175,0.01723629852135553,0.3463170979766689,0.029069082526671005,0.08129979035639415,0.004268363036233159,0.7484276729559748,0.025157232704402583
test,N2_msa_log10,QuantileRandomForest,Morgan,5,0.5988629539884461,0.007516148575921748,0.40891869802724273,0.005662210257277132,0.8209597107840025,0.004504975608238103,0.395420095799681,0.008416024827989458,0.04649895178197065,0.009554781894255567,0.7534591194968553,0.010334387877456013
test,N2_msa_log10,QuantileRandomForest,RDKit,5,0.5839307414384541,0.0173942895421026,0.4266457492820292,0.012869249610178789,0.829677503769447,0.010220320901489874,0.29812727173229936,0.05940858647775597,0.0566736547868623,0.013891075251266129,0.810062893081761,0.01125065649056497
test,N2_msa_log10,QuantileRandomForest,TopologicalTorsion,5,0.5455593479071454,0.01896591078532934,0.39773915362611295,0.008603028729933498,0.851288401402275,0.0103845465642467,0.3801661254194448,0.03355561753865408,0.039510831586303266,0.009140503956629286,0.8276729559748428,0.01304178701467152
test,N2_msa_log10,torch-GNN,graph,5,0.526368808798517,0.01418878088744017,0.38804323735578433,0.00897145926323653,0.8616198414214077,0.0074181529321697085,,,,,0.0,0.0
test,N2_msa_log10,torch-GREA,graph,5,0.6198639156022681,0.049690683150209435,0.4604893327574599,0.046950301592754276,0.8072205012651095,0.030227643258442394,0.16884274877564712,0.07543578287014342,0.33242487770789664,0.055094137530514814,0.43018867924528303,0.08171261267376964
test,O2_msa_log10,DropoutMLP,AtomPair,5,0.6763241179360409,0.015496990435380147,0.4303966132617349,0.008950961878176322,0.7356652490619735,0.012259010311791963,0.26297676558546124,0.06621421945835618,0.29710144927536236,0.029715735185108314,0.4161490683229814,0.02671529586038082
test,O2_msa_log10,DropoutMLP,MACCS,5,0.7349859853386586,0.04099918373252672,0.47269404865450576,0.022539785313592665,0.6871760391838688,0.03498617180436788,0.04610478490913274,0.12369718170077476,0.29930986887508626,0.021864199257281777,0.4012422360248447,0.024295164242991243
test,O2_msa_log10,DropoutMLP,Morgan,5,0.7269285068761894,0.012996906197879366,0.4190901068755529,0.01646648613032757,0.6946790635917959,0.01092644851172739,0.03861513687600644,0.05101159286534338,0.37356797791580404,0.01588351439649664,0.28074534161490683,0.03268993134643669
test,O2_msa_log10,DropoutMLP,RDKit,5,0.7047184190934777,0.046721388601484705,0.4191838084570276,0.019373228622003566,0.7121158016688354,0.039630239903046705,0.05044570968484012,0.07080944609128499,0.3219461697722568,0.019415879774513742,0.36024844720496896,0.030743773095067282
test,O2_msa_log10,DropoutMLP,TopologicalTorsion,5,0.765196746353055,0.03541075075690518,0.44392730317996215,0.02837698696508483,0.6611934698771871,0.030706676870145607,0.23468081435472743,0.10710469779764714,0.2766735679779158,0.017504043753584518,0.4509316770186335,0.020412020776590045
test,O2_msa_log10,QuantileRandomForest,AtomPair,5,0.7412230700172577,0.012828798415634403,0.4263929854337653,0.010111405396824862,0.6825582425494715,0.011032704398002682,0.41537643028616583,0.014194914902341737,0.1074534161490683,0.012017004201341027,0.9267080745341614,0.005196646127540872
test,O2_msa_log10,QuantileRandomForest,MACCS,5,0.7824949210780785,0.009868651584430345,0.4936349193088378,0.011279564759030417,0.6462630318486029,0.008961120102977603,0.2837440509198411,0.0328773053707837,0.061766735679779174,0.0072170691303803216,0.8012422360248447,0.018633540372670763
test,O2_msa_log10,QuantileRandomForest,Morgan,5,0.6983878213705431,0.038305197230757836,0.3981674828909103,0.011792088876434978,0.7175774383284048,0.031574711695752905,0.4032721930545617,0.038331205277958066,0.03645272601794341,0.00678339568597841,0.8583850931677018,0.009212668928069174
test,O2_msa_log10,QuantileRandomForest,RDKit,5,0.7581040314182481,0.031711270226509866,0.4351743379136366,0.01013808366390297,0.667549309235295,0.028276701988125985,0.38894710749795064,0.01490126186073944,0.07209109730848859,0.003338979624945987,0.8956521739130435,0.013465517632719772
test,O2_msa_log10,QuantileRandomForest,TopologicalTorsion,5,0.8549553611416411,0.014948177226729663,0.46545431646629265,0.01583039283383185,0.5776668102201806,0.014631201864198893,0.4545772602737729,0.027311525949757314,0.052795031055900596,0.015218291108576911,0.8857142857142858,0.014299210476051422
test,O2_msa_log10,torch-GNN,graph,5,0.7301948375781793,0.012655261815415392,0.40070877824777024,0.008596661255960834,0.6919338358769649,0.010713867684698205,,,,,0.0,0.0
test,O2_msa_log10,torch-GREA,graph,5,0.8232608845632328,0.06224514464671087,0.5023967368298059,0.05169497222265595,0.6067047394830106,0.05940597999255567,0.1928283873936048,0.035192150868632824,0.22146307798481715,0.04243773356640051,0.6285714285714286,0.06201856355958565
test,TC,DropoutMLP,AtomPair,5,0.056651708327601136,0.0025833326976509347,0.037937022638922,0.001830816858900156,0.5874025504803687,0.036787013791370185,0.16707408020110176,0.041612583770970026,0.1938115330520394,0.0652126657743265,0.6063291139240506,0.09080128091920209
test,TC,DropoutMLP,MACCS,5,0.06087386586421288,0.0039203026598999624,0.04226141198076779,0.0038435163937845847,0.5228235449977471,0.06272828841522414,0.3080137591913338,0.06620526565740524,0.17011251758087204,0.03160589011019309,0.658860759493671,0.0638974126726475
test,TC,DropoutMLP,Morgan,5,0.056751832112792486,0.007561327766132671,0.03974911056734841,0.00637854510860959,0.5807601303166982,0.11794680047532029,0.3166920896058779,0.11361615574337051,0.20850914205344587,0.06987948795459294,0.5791139240506329,0.12380254836720604
test,TC,DropoutMLP,RDKit,5,0.06353462976150336,0.005604059254734404,0.04387323089401681,0.005351309536462846,0.47869201774090475,0.08982788557814127,0.262935256121376,0.1318504037600575,0.14915611814345994,0.0746218036319123,0.6481012658227848,0.08728098233075944
test,TC,DropoutMLP,TopologicalTorsion,5,0.0576783489932273,0.0094029056652034,0.04103499081741531,0.00802459757722778,0.5639451162268575,0.1430197991095778,0.19488445587874573,0.18510237448065123,0.25119549929676516,0.07531043101076962,0.5164556962025316,0.14610866075176793
test,TC,QuantileRandomForest,AtomPair,5,0.05022352594138317,0.0008224736155458208,0.0336705146172393,0.0004287005479131905,0.6761930019182972,0.010648836014724506,0.31567575271920667,0.04265323488319655,0.013445850914205346,0.002210105119055481,0.8594936708860759,0.011966880000752547
test,TC,QuantileRandomForest,MACCS,5,0.054306764161618025,0.001625526866237072,0.037355875527426155,0.0003440585269307141,0.6212107109143836,0.022816639115546943,0.3058316816266811,0.015425176692249982,0.016779184247538693,0.002003664146933966,0.8645569620253164,0.01171313640716567
test,TC,QuantileRandomForest,Morgan,5,0.05564599852608789,0.0008985486331084574,0.036422845087402046,0.0005369859868384064,0.6025000039811255,0.01288899978468817,0.40428162274359913,0.02141616290520949,0.05527426160337555,0.007237684370250691,0.8227848101265822,0.011188398436496029
test,TC,QuantileRandomForest,RDKit,5,0.05126900583688302,0.0008643685018861548,0.034680205696202525,0.000735614522839125,0.6625672720420381,0.011296096863651049,0.33279984953705133,0.025400836587790868,0.020478199718706052,0.004063395564262021,0.8278481012658228,0.0061688571802588025
test,TC,QuantileRandomForest,TopologicalTorsion,5,0.05740234229872865,0.012480834739915085,0.03477020192887281,0.0016349824716355744,0.5611058392834476,0.20994198317186227,0.2848437552168181,0.029024882889734146,0.018874824191279914,0.0032201708000054183,0.8297468354430381,0.009855956647086987
test,TC,torch-GNN,graph,5,0.07255863969602752,0.005946679235530196,0.05354946255553121,0.006480057123219744,0.32066438592694685,0.11379547943865961,,,,,0.0,0.0
test,TC,torch-GREA,graph,5,0.07252189044273522,0.005813489252378698,0.05088237777791195,0.003947221399322677,0.32150949489724995,0.10853329492225011,0.014710888496181976,0.1858797593011788,0.23544303797468355,0.028293298856549513,0.6170886075949367,0.05053392222364337
test,Tg,DropoutMLP,AtomPair,5,40.52270971371979,0.37379710594279136,29.469023920588484,0.35746254272697764,0.8677372218176297,0.002447299903028506,0.07455736071046205,0.02469037900388788,0.35142548928956696,0.014789290013947748,0.31650485436893205,0.03019073741740564
test,Tg,DropoutMLP,MACCS,5,42.621474463802215,0.7819094145385124,30.551710530104277,0.8983363401526611,0.8536526115956781,0.005396471939057038,0.17470875914513356,0.015828535021847865,0.30315919247958084,0.024732401139393016,0.39889042995839114,0.03939559644637375
test,Tg,DropoutMLP,Morgan,5,39.78403373365814,1.0804316026903724,27.84250949212939,0.8960253553967664,0.8724486916571681,0.006917817897717803,0.05238447309989108,0.018215640488453276,0.325335182616736,0.021228295322523034,0.3538141470180305,0.03466504737140116
test,Tg,DropoutMLP,RDKit,5,39.918917585329126,0.4479864125493473,27.94938767602982,0.5267072309435754,0.8716451185461025,0.0028829601714637,0.13100385926295657,0.018184599837021725,0.2867468022807829,0.0090619931758963,0.4400832177531207,0.01339873305158241
test,Tg,DropoutMLP,TopologicalTorsion,5,40.79253800577864,0.8314600687645026,27.980853780447404,0.7796715861339916,0.8659345425389905,0.005496255904303065,0.16655653038900933,0.036791743693567434,0.31806133456618896,0.01099807115581902,0.37988904299583914,0.024588776859170502
test,Tg,QuantileRandomForest,AtomPair,5,40.02709576175126,0.3605119424253356,26.965255547850205,0.17691861660110858,0.8709531329120258,0.002322961712993659,0.3770438726055262,0.005420582026870495,0.14851286793034366,0.0027667455589455645,0.9428571428571428,0.0024321328594660383
test,Tg,QuantileRandomForest,MACCS,5,41.021414432712604,0.7095747980848481,27.813292995839113,0.42141755315713814,0.8644385120380799,0.004654329310731323,0.2828588745753909,0.010804516782949903,0.027659115426105718,0.004410278678092873,0.8597780859916782,0.0036167558419986957
test,Tg,QuantileRandomForest,Morgan,5,38.44103710262067,0.6175858926073395,26.069975728155338,0.27974739457052,0.8809605309650561,0.003858678893522144,0.33368506444084656,0.010361716838612138,0.05532439513022035,0.0014071492038642069,0.8932038834951456,0.0043029381574171055
test,Tg,QuantileRandomForest,RDKit,5,38.511143755582104,0.20199012375364228,26.262342233009708,0.07099723409880582,0.8805479757652914,0.0012517703301146495,0.37411428563848803,0.011650763949336361,0.0799660964709508,0.0019992370143725956,0.9031900138696255,0.0023821864129428007
test,Tg,QuantileRandomForest,TopologicalTorsion,5,40.18929089244715,0.5385827579957935,26.699883495145635,0.2555733531749389,0.869894936045501,0.0034948373001146135,0.383988332473675,0.020872435079318453,0.05372168284789641,0.007082090487909935,0.8865464632454924,0.005157002064515434
test,Tg,torch-GNN,graph,5,38.889973038930286,0.9676715563636071,26.589017893915532,0.7848260600936288,0.8781286954835201,0.006092495625655253,,,,,0.0,0.0
test,Tg,torch-GREA,graph,5,41.681433074754196,1.1237173025414104,29.089629772425933,1.15446189412678,0.8599932877546712,0.0075701117420360455,-0.002214590919845498,0.039764142702192196,0.4829557713052859,0.013445709975470156,0.04382801664355063,0.035474126209416056
test,Tm,DropoutMLP,AtomPair,5,61.2769212687834,0.590128610262382,44.8705278684503,0.6001338432897234,0.7049598554103922,0.0056927951529411125,0.19240266500805753,0.03404484279073772,0.29229024943310655,0.016576223941453836,0.42503401360544213,0.024987386331535924
test,Tm,DropoutMLP,MACCS,5,63.0542163283146,1.5898021578281663,46.575412734265235,1.5144566738547234,0.6874610906390997,0.015894321508792202,0.19507556653747862,0.03246699795450839,0.3374603174603175,0.01589006750670324,0.34476190476190477,0.02987936006815207
test,Tm,DropoutMLP,Morgan,5,59.02258981881435,1.2813664258565702,42.15418454750217,1.4500003791206693,0.7261862458468574,0.01187023974375793,0.206359121779265,0.03390558650502563,0.3606802721088435,0.02094111094867109,0.3031292517006803,0.038136517965054954
test,Tm,DropoutMLP,RDKit,5,62.602015808213615,1.1484427546369689,43.79402879921595,1.1565779745164684,0.6920015269932075,0.01128865192478003,0.16434516052600404,0.04071662579854888,0.3742252456538171,0.021558519572111315,0.26040816326530614,0.04339474924588238
test,Tm,DropoutMLP,TopologicalTorsion,5,62.39415112488233,0.9172119660180078,43.72035203818967,1.4387697656716052,0.6940729698535233,0.009062110158627757,0.2361743458193608,0.028381524685242576,0.3429931972789116,0.01143950414305226,0.32544217687074833,0.025875390654973754
test,Tm,QuantileRandomForest,AtomPair,5,62.16475396318574,0.8691986368999339,42.598975510204085,0.501143794736978,0.6963233688028609,0.008498425824260376,0.4729559125997483,0.024814640456348014,0.07351473922902492,0.0043122339007698575,0.907482993197279,0.0035996616477069485
test,Tm,QuantileRandomForest,MACCS,5,61.818814132614534,0.5996586676275454,44.32395238095238,0.5553589292377888,0.6997181753450661,0.005841051317679524,0.37772668774939655,0.024026168466291496,0.016341647770219216,0.004700439555772043,0.8530612244897959,0.007513851032100174
test,Tm,QuantileRandomForest,Morgan,5,60.85314968590876,0.665396228335229,42.43414965986395,0.528909833778915,0.7090203095195574,0.0063759240309404904,0.39763613104166107,0.009385007643646382,0.01924414210128497,0.0032021980317306995,0.8511564625850341,0.00642488106292115
test,Tm,QuantileRandomForest,RDKit,5,60.26792755220886,0.7345739461768482,41.386495238095236,0.3720866276806725,0.7145834563767126,0.006967098950329177,0.43155382063124675,0.01334237303974504,0.04990173847316703,0.003980436972707928,0.8944217687074829,0.004961791164302201
test,Tm,QuantileRandomForest,TopologicalTorsion,5,63.72265487876825,0.7329252590915244,43.983634013605446,0.47316216228696456,0.6809279965345889,0.007357339736117623,0.4509243819439027,0.01888663045513393,0.015736961451247165,0.0067272202258815686,0.8623129251700681,0.002617059056009698
test,Tm,torch-GNN,graph,5,61.76267125578912,0.5907445600592006,44.88882819316501,0.5880185092231757,0.7002639761050597,0.005752263899351678,,,,,0.0,0.0
test,Tm,torch-GREA,graph,5,65.09491283831014,0.5313693521286112,47.08504896365055,0.47481911789039255,0.6670551771968154,0.0054468320619088335,0.037247601912176354,0.14778997909145655,0.4590325018896448,0.05033854713886804,0.09578231292517007,0.11520765165018564
test,density,DropoutMLP,AtomPair,5,0.11161389464791811,0.0032005800412797714,0.07213691041722214,0.00517587685909727,0.6661912813795621,0.019109715717910515,0.09962211771573888,0.04683354221777215,0.11526965562053285,0.046445901251027766,0.7257309941520468,0.051540012621880245
test,density,DropoutMLP,MACCS,5,0.11460470046763209,0.006978158116375858,0.07893770255917555,0.005567918097384168,0.6472503325956589,0.043075331156351676,0.19862496626988504,0.07114032125753376,0.05260558804418455,0.04970039486195822,0.8070175438596492,0.06866677523869817
test,density,DropoutMLP,Morgan,5,0.11325633932758508,0.0034459486809465304,0.07385640203410143,0.002001833238104849,0.6562662996665602,0.02112816607278134,0.11041149465320492,0.03852983304284232,0.15516569200779728,0.02261124553120609,0.6789473684210525,0.0299190110930678
test,density,DropoutMLP,RDKit,5,0.1281133876981511,0.007523877098349801,0.07697338754788895,0.004831247542305112,0.5592815384317895,0.05314825235796042,0.09516198779911056,0.04291590226527239,0.031228070175438594,0.01739374566523181,0.8461988304093568,0.035906623235108175
test,density,DropoutMLP,TopologicalTorsion,5,0.13462852185909654,0.00966107272311006,0.08717096046420984,0.010035694983075025,0.512656474398585,0.07234065513580296,0.09432771587236091,0.037486270294066884,0.13235867446393765,0.035226274458170885,0.6906432748538012,0.04810807970450032
test,density,QuantileRandomForest,AtomPair,5,0.12256481659679033,0.002359575053032094,0.0732046447368421,0.0010663606953757803,0.59762041054328,0.015604357284747449,0.40946635433056205,0.03233192427916999,0.12800519818063677,0.01179699652720293,0.9362573099415205,0.006667692544439387
test,density,QuantileRandomForest,MACCS,5,0.100462321001482,0.0017149111569797722,0.06231105701754387,0.0010773100677738876,0.7296768762976701,0.00929377491794239,0.36607599114047906,0.014863652047307475,0.05659519168291096,0.007215109365817439,0.9017543859649123,0.007624798134739951
test,density,QuantileRandomForest,Morgan,5,0.10735473755036687,0.0029014709555675706,0.06519966228070176,0.0017760172651861397,0.6912039789931886,0.016719792545471356,0.3943013123196069,0.05020156893675397,0.01840155945419103,0.004088252167920522,0.8415204678362572,0.017224183011722977
test,density,QuantileRandomForest,RDKit,5,0.12066038018881768,0.0024907999880527634,0.07165016228070174,0.0015334211960394955,0.6100104566120239,0.016209159625275815,0.36166364716701505,0.02178241969186308,0.0362703053931124,0.006278027208756513,0.8590643274853802,0.009564577329705327
test,density,QuantileRandomForest,TopologicalTorsion,5,0.16824284629957892,0.003084414344822749,0.0846867880116959,0.0013453339439276504,0.2418318664253143,0.027982724015152602,0.5183737288987205,0.03225847237744008,0.04204028589993501,0.0067385520535842534,0.888888888888889,0.005470259337388788
test,density,torch-GNN,graph,5,0.11810405838868294,0.001947764686439893,0.07656580149344952,0.0013318706197063745,0.6264061797744549,0.012374772712139716,,,,,0.0,0.0
test,density,torch-GREA,graph,5,0.18478932374772106,0.06930927513817586,0.14023854328239174,0.05365088590074652,-0.017293240112459696,0.8397392583148436,0.2962059804878194,0.17131132992945017,0.10246913580246915,0.042310499209567344,0.8801169590643274,0.06950213054973516
train,Bulk_modulus_GPa,DropoutMLP,AtomPair,5,0.38724194333045386,0.08496832035760882,0.2121515448560809,0.0761520979926481,0.7685603396661929,0.10193808652059312,-0.09815026208503204,0.18655087353347552,0.12486248624862487,0.055661652984261886,0.8772277227722773,0.08182555846096787
train,Bulk_modulus_GPa,DropoutMLP,MACCS,5,0.3273259039215481,0.06451809563698457,0.23353838857896253,0.029427650119451768,0.8358226143945924,0.0677788518393675,-0.23437390797903318,0.09265780608002372,0.1391639163916391,0.029033318416714284,0.9405940594059405,0.02524267085937017
train,Bulk_modulus_GPa,DropoutMLP,Morgan,5,0.3233653152138951,0.1243458166427398,0.20854672411739233,0.09691031384331443,0.8262187021524765,0.13389702583400506,0.06834711706464763,0.13621807692767077,0.14862486248624862,0.03636691487154129,0.893069306930693,0.11426960828715652
train,Bulk_modulus_GPa,DropoutMLP,RDKit,5,0.4749629461132748,0.16016504318969205,0.28463973994491126,0.11670835435937427,0.6342428718397659,0.23571383633015847,-0.096286546301689,0.1344940095299611,0.08495049504950494,0.06995066611696481,0.8158415841584159,0.14220937908332487
train,Bulk_modulus_GPa,DropoutMLP,TopologicalTorsion,5,0.33487386399433533,0.08885199167582733,0.19286038978878817,0.029593283752002392,0.8239573711704136,0.08366360734111203,0.049626092020966794,0.04118500783466516,0.15038503850385038,0.042510391772017195,0.9584158415841584,0.00828376263895125
train,Bulk_modulus_GPa,QuantileRandomForest,AtomPair,5,0.2895909508947345,0.05656938996089138,0.15233168316831686,0.021372644544143657,0.8715632830669303,0.045593757384294616,0.18711032569639752,0.0750128813808214,0.22233223322332232,0.023357592126891497,0.9801980198019802,0.007001057239470774
train,Bulk_modulus_GPa,QuantileRandomForest,MACCS,5,0.40416123676433885,0.030695559634921772,0.23905346534653465,0.018522134626718412,0.7561242203059684,0.03632595488092674,0.2753914853146623,0.09340900021284215,0.10717271727172714,0.02464128552893647,0.9742574257425742,0.011288865595040972
train,Bulk_modulus_GPa,QuantileRandomForest,Morgan,5,0.2736482998850287,0.05854261955298806,0.14950396039603958,0.0201636900669974,0.8846380694042898,0.04698579625136365,0.04130016934686683,0.059529240729583696,0.17216721672167215,0.030278017479698313,0.9623762376237623,0.01904493471452605
train,Bulk_modulus_GPa,QuantileRandomForest,RDKit,5,0.3295924708256023,0.04212965764163694,0.1491,0.02235790243721491,0.8364485646651179,0.0419667241322223,0.08516192282271098,0.11027416790460391,0.23487348734873487,0.01565483990182366,0.9702970297029703,0.007001057239470774
train,Bulk_modulus_GPa,QuantileRandomForest,TopologicalTorsion,5,0.3226898759438547,0.07473117997934539,0.1424930693069307,0.02298025096934875,0.8386102568676275,0.06597732547981676,-0.15649051440361023,0.08043752765040345,0.18338833883388336,0.019187381985146697,0.9683168316831683,0.012909311693470604
train,Bulk_modulus_GPa,torch-GNN,graph,5,0.4931280249751831,0.025141849057876954,0.36545417403797115,0.028339070110560617,0.6378558785566936,0.036821790109190615,,,,,0.0,0.0
train,Bulk_modulus_GPa,torch-GREA,graph,5,0.6587905784413431,0.12545027761752475,0.4735511957470733,0.11227766283734758,0.3362967046957592,0.24937058803451048,-0.39285459565392766,0.12950786962036323,0.1734873487348735,0.045667155341235166,0.6653465346534653,0.04504678481614781
train,CH4_msa_log10,DropoutMLP,AtomPair,5,0.33956916318649394,0.052611859738341024,0.2430876279876542,0.04394866643674671,0.9451405073691138,0.017206401143703177,0.1607374640459821,0.14590787227457033,0.13987745098039217,0.06398701598972847,0.6533088235294118,0.10413728680254328
train,CH4_msa_log10,DropoutMLP,MACCS,5,0.4034682034671849,0.044544855300970854,0.29785607333409436,0.03755352518860806,0.9232696648840417,0.01708407714433434,0.03186898653221742,0.03801527768400029,0.19199346405228762,0.03873429040477156,0.5790441176470589,0.06303833896868473
train,CH4_msa_log10,DropoutMLP,Morgan,5,0.2565136606641075,0.028683360905745553,0.17232415243409557,0.03524085265641255,0.9689774383971429,0.006724522468608957,0.13092607776548706,0.10513238021788025,0.22324346405228762,0.06376426594919951,0.5691176470588235,0.10471166540539939
train,CH4_msa_log10,DropoutMLP,RDKit,5,0.3571552153485689,0.06211128321175782,0.25781345101689623,0.05881229855392234,0.9390139582247896,0.020657126855714688,0.11115742570023797,0.11721920832723774,0.11089869281045753,0.05617396287562294,0.6944852941176471,0.07585254701332254
train,CH4_msa_log10,DropoutMLP,TopologicalTorsion,5,0.3431179453548952,0.11742843006233615,0.24400772724081077,0.10140061099480273,0.9398937069579878,0.03995461040958494,0.18954665902285267,0.09871769233954832,0.1814950980392157,0.10147121725910932,0.6165441176470587,0.16136523202206954
train,CH4_msa_log10,QuantileRandomForest,AtomPair,5,0.3205646884140227,0.010617607522950098,0.17973580624491134,0.005670314423834914,0.9519883808426514,0.0031717896878557753,0.33195236840257697,0.01710474991746928,0.3148692810457516,0.0067981269627787454,0.9926470588235293,0.003439023333431917
train,CH4_msa_log10,QuantileRandomForest,MACCS,5,0.44375029942358724,0.009565488627486792,0.286130901447908,0.0035576506060791256,0.9080455533861856,0.003940657121087376,0.21747162116678917,0.03905819437943322,0.17401960784313725,0.008220838152572765,0.9841911764705882,0.005453087122864489
train,CH4_msa_log10,QuantileRandomForest,Morgan,5,0.20752953283281564,0.016240143746393803,0.052109558865880444,0.0027763816106502206,0.9797969820443401,0.003183325559915962,-0.0059052950173272166,0.01790454721661126,0.4111519607843137,0.004220583807142956,0.9819852941176471,0.005263904802675169
train,CH4_msa_log10,QuantileRandomForest,RDKit,5,0.24328308552333988,0.02545749831588846,0.059624539696428,0.009148189436333212,0.9721294439226835,0.005871491378581316,0.034497834897426236,0.029783576125501608,0.4191584967320261,0.009576177615875115,0.9819852941176471,0.006420679851681274
train,CH4_msa_log10,QuantileRandomForest,TopologicalTorsion,5,0.309858270561819,0.014085397665712722,0.1229433631165123,0.006148403419310269,0.9551071128875911,0.00414121135132274,0.09377631042455196,0.023134739227923612,0.32969771241830065,0.010912866147844365,0.9816176470588236,0.008322964281376332
train,CH4_msa_log10,torch-GNN,graph,5,0.36589820878398827,0.024161432644107788,0.2636123792657141,0.01778056710327941,0.937285655061471,0.008355448731492058,,,,,0.0,0.0
train,CH4_msa_log10,torch-GREA,graph,5,0.5258749438287752,0.01924990933148774,0.3865686262355531,0.012165226293929453,0.8707697259821663,0.00952898371622967,0.054595806623095156,0.021035751001094463,0.23529411764705888,0.034019771182576736,0.6091911764705882,0.043647928384393415
train,CO2_msa_log10,DropoutMLP,AtomPair,5,0.2834376758603295,0.06401918104475658,0.19938422580169718,0.05217804337794953,0.9411181804525498,0.028381353705733303,0.15554458622694042,0.10133568707268333,0.08489773355444999,0.06312715678284947,0.7608623548922056,0.11127435348779269
train,CO2_msa_log10,DropoutMLP,MACCS,5,0.3279470816179945,0.0228534464873086,0.2397182438244716,0.023381979217948767,0.9239700019612449,0.010714856475031596,0.057070962977898355,0.038712542751254526,0.15719550396167312,0.029285377990921343,0.6520729684908789,0.05449218702927194
train,CO2_msa_log10,DropoutMLP,Morgan,5,0.26666658031619167,0.061492146516407525,0.176143288762655,0.045567442183085775,0.9477936676172594,0.02487376347400997,0.22616514719031572,0.08663233523077792,0.12695411829740189,0.0836175235871793,0.6975124378109453,0.12595790515441568
train,CO2_msa_log10,DropoutMLP,RDKit,5,0.33438101190421166,0.07228365772687598,0.250530811613752,0.05898441074659116,0.9183198928290576,0.03713718730070678,0.18430215865295205,0.06944704850725256,0.079281370923162,0.04840362674259737,0.7794361525704809,0.060887428692158636
train,CO2_msa_log10,DropoutMLP,TopologicalTorsion,5,0.2953998905438122,0.04333500559943126,0.20816599930402022,0.03802829397227371,0.9374931539073185,0.01946090173075123,0.276263848082638,0.19131167632744897,0.13644739266629816,0.0486955398109266,0.6991708126036484,0.08314728040432504
train,CO2_msa_log10,QuantileRandomForest,AtomPair,5,0.18758535160953352,0.022212574018893125,0.06217762211281096,0.0038351647721067165,0.9749426092756768,0.005802592762007671,0.035238721642332514,0.01855297329056776,0.4228302929795468,0.004425019145996569,0.9956882255389718,0.004631588737568428
train,CO2_msa_log10,QuantileRandomForest,MACCS,5,0.40783235838353055,0.014542590610430155,0.25850270901994465,0.0056024210922905006,0.8827539019107276,0.008302674664106545,0.16448563398487331,0.02726881943007241,0.18420858669614887,0.004405794886412138,0.9844112769485903,0.004324512374927174
train,CO2_msa_log10,QuantileRandomForest,Morgan,5,0.16605220875437102,0.015250582851682112,0.046489520821300215,0.002899823794744048,0.9804519441074181,0.003542695414769827,0.039992913177096426,0.032014361876693306,0.42047171549659107,0.0040487765518989315,0.984742951907131,0.006138227370919355
train,CO2_msa_log10,QuantileRandomForest,RDKit,5,0.17303639711785057,0.01810973740463462,0.04444295442752364,0.005683103067387839,0.9787304917736954,0.0044413107793447445,0.06378491941668277,0.01637061309125861,0.42835820895522386,0.008175794165008311,0.9850746268656716,0.004062172044416573
train,CO2_msa_log10,QuantileRandomForest,TopologicalTorsion,5,0.1864519071759296,0.01629389511224554,0.05223421363145729,0.005898655569036985,0.9753695466249702,0.004275561693159103,0.14522037728620169,0.018693226830929586,0.4198820711258522,0.009722778522971001,0.9864013266998342,0.007635730967311019
train,CO2_msa_log10,torch-GNN,graph,5,0.2740773036494809,0.015274170835406997,0.19945655333908915,0.012101904236217096,0.9469705215582064,0.005769101083934963,,,,,0.0,0.0
train,CO2_msa_log10,torch-GREA,graph,5,0.5893493118507354,0.0941674533857115,0.45930514226527175,0.09956012293398005,0.7504142275868799,0.08006840124309644,0.04449014131538041,0.09150181659008855,0.24833241201400408,0.06324028759084625,0.592039800995025,0.10064982519431018
train,FFV,DropoutMLP,AtomPair,5,0.008065223699630197,0.00043086252068414186,0.005290293349140253,0.0004221748861910276,0.9211984550972785,0.008554894002583063,0.21738086553191122,0.02954246523389984,0.05705752365168153,0.02451969860304316,0.7866998135487882,0.02665987019241151
train,FFV,DropoutMLP,MACCS,5,0.010133477335947837,0.0005762599732341842,0.006985545671539503,0.00022709903215385646,0.8755627021275304,0.01388889502210033,0.13429953982120124,0.012887583325843862,0.18918928250811412,0.015515730335597258,0.6017712865133623,0.02627669725410294
train,FFV,DropoutMLP,Morgan,5,0.007986109615371864,0.0007708624816637602,0.004588202668034911,0.00028413546100978767,0.9223382616802814,0.014477347989855132,0.2229840655273207,0.1019136377435134,0.04987155583177959,0.016193235370520594,0.820105655686762,0.03898380683484513
train,FFV,DropoutMLP,RDKit,5,0.010180264587232838,0.0008838741620956796,0.006407817140256516,0.0004034300903759789,0.8739796323786333,0.021832180675727852,0.18265469391391634,0.024917014212024687,0.13403770457841313,0.04747461718978505,0.6771908017402113,0.08205181858923744
train,FFV,DropoutMLP,TopologicalTorsion,5,0.007673291589613412,0.0005715283827107563,0.004874636459393516,0.0001370645116319039,0.9285177734711862,0.01065935441641363,0.2556123627478002,0.03461773192904858,0.1534389890200953,0.02233670343918874,0.6613424487259167,0.04043951325368912
train,FFV,QuantileRandomForest,AtomPair,5,0.006748598622688592,0.0009096834590600832,0.001904510112336855,4.5228489119321944e-05,0.9441521954176582,0.015561914442058594,0.19145193326960522,0.0032988721529175107,0.4017402113113735,0.0021883304650591353,0.9942200124300807,0.0008748097116382422
train,FFV,QuantileRandomForest,MACCS,5,0.00878632311789572,0.00037283940882502437,0.003938887151336234,5.272100620866468e-05,0.9065560974818829,0.008081901445559604,0.07868612203183115,0.013421401887659334,0.20898763897520886,0.002068462213201244,0.9788688626476072,0.0016295973402270798
train,FFV,QuantileRandomForest,Morgan,5,0.00529502747489191,0.0010839276285776714,0.001378913434431324,3.9426320030652645e-05,0.9649757847253599,0.014380972537279922,-0.05928986625097997,0.00414833295254915,0.3651612457703197,0.0022808613900101187,0.98272218769422,0.002530292478038813
train,FFV,QuantileRandomForest,RDKit,5,0.006919815689084426,0.0006920926515617631,0.0021036496476072096,3.115872646503677e-05,0.9416605728884484,0.011606694917451898,0.013193308714011281,0.00610125722100671,0.33217664525930524,0.0007915125603444239,0.989869484151647,0.0014959732631337468
train,FFV,QuantileRandomForest,TopologicalTorsion,5,0.007913536586670298,0.0007503992218876512,0.002175983964729646,3.2784562445400214e-05,0.9237630413539095,0.014347623110459074,0.022918554411421033,0.012332912657495105,0.33408604378150675,0.0009343796707148433,0.9885954008701056,0.0011343512895241946
train,FFV,torch-GNN,graph,5,0.02992127462063059,0.0066583897441790515,0.022238485059154406,0.006123204962401966,-0.12497924758161745,0.4978994879524468,,,,,0.0,0.0
train,FFV,torch-GREA,graph,5,0.031239416606609744,0.004379100261187921,0.02227042949344737,0.0036266672809125585,-0.19809518392220282,0.31679398389869334,0.08633266368687062,0.1539586628356497,0.10472274014225538,0.09518998388495087,0.8159726538222498,0.09690896529825942
train,H2_msa_log10,DropoutMLP,AtomPair,5,0.19922566006278036,0.024433840187341776,0.13658566203701888,0.01230163214202967,0.9566205049801958,0.010913647243739475,0.15120842372363671,0.05335097636766957,0.03843297843297844,0.02013271419654978,0.8393120393120392,0.03875527106266407
train,H2_msa_log10,DropoutMLP,MACCS,5,0.3325069118784791,0.05612740283768905,0.24647093855218688,0.03878316659602228,0.8778793548666843,0.04150607224678074,0.20434603223649878,0.06644864517131026,0.06230412230412232,0.0417154708127245,0.7945945945945946,0.04431468049393851
train,H2_msa_log10,DropoutMLP,Morgan,5,0.23402690083553024,0.03004384108256891,0.15521922253382675,0.021282583730485635,0.940073441659435,0.015152668592486901,0.1892853761007919,0.06075177070368429,0.035047775047775065,0.01865327581088773,0.8275184275184275,0.030011658937793537
train,H2_msa_log10,DropoutMLP,RDKit,5,0.3292566818187695,0.054549835863554656,0.24129057299522855,0.050108607883195655,0.8803530244775235,0.04265363669313708,0.21178745326818346,0.07989513601764163,0.06287196287196288,0.05443147603719933,0.8058968058968059,0.0704435930556828
train,H2_msa_log10,DropoutMLP,TopologicalTorsion,5,0.21193148779380716,0.051001791763127836,0.13263049676334984,0.03714748040122825,0.9492473002078798,0.025265920770982716,0.1490546129491363,0.07320401369970238,0.0901719901719902,0.06891874454240988,0.738083538083538,0.09818176899256749
train,H2_msa_log10,QuantileRandomForest,AtomPair,5,0.19405681437497746,0.023446633175144123,0.0853749911725631,0.005702727734114601,0.9588566595841679,0.01053570116851132,0.14573275498630275,0.02492253951320963,0.3737646737646737,0.006010967597935204,0.9955773955773957,0.002055675740869948
train,H2_msa_log10,QuantileRandomForest,MACCS,5,0.21241510196674454,0.032138116591333074,0.09041116957657495,0.005343506427097797,0.9503806305318662,0.015194614922966747,-0.1288256114536018,0.035090362384566115,0.3039312039312039,0.005639289662993359,0.9862407862407861,0.006407078530911736
train,H2_msa_log10,QuantileRandomForest,Morgan,5,0.2075061176477433,0.018342842680891442,0.12514000487706542,0.005464230430121152,0.9532084564543769,0.008663923916628976,0.09292301851466897,0.021030187714182077,0.2692601692601692,0.007910886578898126,0.9931203931203931,0.0010988049029482915
train,H2_msa_log10,QuantileRandomForest,RDKit,5,0.18640372700387803,0.019742256829058013,0.09618135552250234,0.0032990567013962916,0.9621393368227882,0.00838731582123237,0.07553289266908063,0.020978637504824812,0.3175812175812176,0.006202575815244436,0.9896805896805898,0.0010988049029483497
train,H2_msa_log10,QuantileRandomForest,TopologicalTorsion,5,0.25807965948353206,0.027545457459233882,0.14912074671181405,0.00585842361710418,0.9274150290009475,0.016397162668265918,0.13862087489445424,0.04037368863295807,0.23688233688233687,0.0034929102050913464,0.9926289926289925,0.005212089296215342
train,H2_msa_log10,torch-GNN,graph,5,0.27249322486282507,0.022239563075863947,0.208607914213392,0.01609692606442232,0.9193844701585354,0.013148249452260766,,,,,0.0,0.0
train,H2_msa_log10,torch-GREA,graph,5,0.4562139948451387,0.01604350612122892,0.33684013922345246,0.017866860217438427,0.7750086467249674,0.01568452358542739,-0.031710706335158136,0.05242177859050405,0.13772863772863775,0.029401761850717974,0.7695331695331695,0.03379606656324206
train,N2_msa_log10,DropoutMLP,AtomPair,5,0.2622471746204708,0.034543525325347844,0.17494397280471669,0.03558000473466028,0.9563961368780693,0.01127303765948347,0.15269611385937393,0.02633187247547563,0.13055118110236222,0.05386905638536132,0.6900787401574803,0.07001589679816725
train,N2_msa_log10,DropoutMLP,MACCS,5,0.3893837957189881,0.0573449900768691,0.29307607184322404,0.051268400886856184,0.9035409044588445,0.029129233538529576,0.08121856263711336,0.024311903044209295,0.223079615048119,0.03954672144778972,0.5486614173228347,0.07145512026208076
train,N2_msa_log10,DropoutMLP,Morgan,5,0.28609569172714094,0.07048962672444897,0.19715892876376676,0.05705686393390233,0.9463296606312463,0.025922439525109184,0.36322721333614316,0.06412010777870637,0.17009623797025375,0.07854458067439869,0.6324409448818897,0.12768342338030111
train,N2_msa_log10,DropoutMLP,RDKit,5,0.27241354892317193,0.04997901916035961,0.18870061333809537,0.0412421904593304,0.9523443809400538,0.016929863930854414,0.10283406452653032,0.0579060477391735,0.15039370078740158,0.05970165510605552,0.6437795275590551,0.07639337452878585
train,N2_msa_log10,DropoutMLP,TopologicalTorsion,5,0.3349970806600339,0.0327027197276162,0.23134172257678762,0.0218625316368186,0.9292873517762754,0.01352043843635094,0.19070873243846306,0.08367629930171766,0.19749781277340336,0.041117514499103044,0.591496062992126,0.06387763427604624
train,N2_msa_log10,QuantileRandomForest,AtomPair,5,0.27916380727580725,0.01982394425631242,0.12802103059064587,0.003928471932941182,0.9510690871456842,0.006955727760310071,0.23200935939912876,0.022232877710465986,0.3563779527559055,0.004174612901752322,0.9933858267716535,0.0030291943404206698
train,N2_msa_log10,QuantileRandomForest,MACCS,5,0.3181229691272243,0.021254313202966158,0.12191890150044546,0.0055468888005038176,0.9364881473737624,0.008554481544834267,-0.04678997570227032,0.024084903919315382,0.30612423447069115,0.008976053913337258,0.9760629921259844,0.005270299379742201
train,N2_msa_log10,QuantileRandomForest,Morgan,5,0.20248683264171824,0.0313831059909865,0.051131175915121084,0.0068618324870404306,0.9738677447242422,0.007867583254514478,0.032636130336252615,0.0221189433756612,0.42321959755030625,0.0055102832250502245,0.9839370078740156,0.0020532920961268057
train,N2_msa_log10,QuantileRandomForest,RDKit,5,0.285993006905177,0.018170189937224048,0.12841236619936308,0.008011892338167374,0.9486869758329964,0.006436251588682915,0.07146746047758902,0.01824878372081223,0.3451093613298338,0.005798617807935347,0.9892913385826771,0.0034140918722328664
train,N2_msa_log10,QuantileRandomForest,TopologicalTorsion,5,0.2736544536622427,0.03662139148134576,0.10558649957704709,0.01020198801102928,0.9524993418738197,0.011914289972912294,0.03849341297294664,0.00613240033344555,0.3601574803149606,0.012098443789487967,0.9883464566929133,0.004802504151803763
train,N2_msa_log10,torch-GNN,graph,5,0.30736700213655194,0.014062521083654371,0.210452587958402,0.011169269314826747,0.9408223469723851,0.005480726421913882,,,,,0.0,0.0
train,N2_msa_log10,torch-GREA,graph,5,0.49599921750814496,0.07332473075959652,0.3664542906388363,0.05954549439376337,0.8434669755475254,0.04277144688024083,0.19688980641827172,0.07043601232278143,0.30654418197725286,0.03855590534941703,0.46299212598425193,0.06547280789287373
train,O2_msa_log10,DropoutMLP,AtomPair,5,0.2502791404030821,0.021764115800299196,0.17579765284308402,0.02497382124087303,0.955087655436931,0.0076926054113198175,0.2126589785922209,0.08516727758572924,0.07424430641821947,0.0444199080108975,0.7798136645962732,0.04313585223010855
train,O2_msa_log10,DropoutMLP,MACCS,5,0.4008820219549398,0.0771207253198797,0.29109918062351414,0.05782912969188863,0.8820761013379593,0.04399351045687427,-0.004437724096364159,0.053408649015397,0.20790200138026224,0.03469496527565412,0.5670807453416149,0.06073195561843418
train,O2_msa_log10,DropoutMLP,Morgan,5,0.2728894073314786,0.03092048906956566,0.18067667928834563,0.02243734792978777,0.9463822905345358,0.012275809222906739,0.07994648562771853,0.04453128287827308,0.22977915804002763,0.03877142133571266,0.5403726708074534,0.06983262988126979
train,O2_msa_log10,DropoutMLP,RDKit,5,0.2713185255266443,0.0583998404859199,0.1875440296327004,0.04194576906391855,0.9455921480881264,0.024380950467833343,0.08951007629132636,0.07784844730780362,0.12947550034506558,0.04911565203225539,0.668944099378882,0.07321556186026795
train,O2_msa_log10,DropoutMLP,TopologicalTorsion,5,0.29231231230975796,0.07180858111841869,0.20015365307575497,0.05289558135579062,0.9361637010900502,0.031237234713109286,0.2484941465653403,0.10217623282755331,0.10282953761214633,0.07196644055278151,0.7440993788819876,0.08851204093007281
train,O2_msa_log10,QuantileRandomForest,AtomPair,5,0.20314333721952416,0.018010100325338587,0.07263069908997422,0.004594447849516674,0.9704045780436241,0.005180671597073753,0.21265882453382154,0.018942084304637063,0.41773636991028296,0.005883089554628728,0.9928571428571429,0.0028207922553703272
train,O2_msa_log10,QuantileRandomForest,MACCS,5,0.3200781263851206,0.01618238464491851,0.16459201657421468,0.003940809320694729,0.9268362083083929,0.0073337895344709435,0.052542893612263164,0.009637267439651735,0.2409592822636301,0.0063258621319511816,0.977639751552795,0.005103005194147538
train,O2_msa_log10,QuantileRandomForest,Morgan,5,0.22323693421126772,0.029740275851606622,0.08460669423057161,0.0058118638761493965,0.9639792967606542,0.010197897894291355,0.06287182000226639,0.0337091183236509,0.35327812284334026,0.004123858311081568,0.9869565217391305,0.0025983230637703822
train,O2_msa_log10,QuantileRandomForest,RDKit,5,0.21087435357850107,0.02868177277274159,0.0885938029348042,0.0054027979045651415,0.9678393417068522,0.009387260093413365,0.06701521567853146,0.015295767524566647,0.37063492063492065,0.00299183981388452,0.9909937888198759,0.00470986052425559
train,O2_msa_log10,QuantileRandomForest,TopologicalTorsion,5,0.34227958063870145,0.025181584011943026,0.1955214741355212,0.006577847996699281,0.9161437391393633,0.012743802720589184,0.21415602507238463,0.024679656256589067,0.24023464458247065,0.009648424340763328,0.9869565217391305,0.004983480290646321
train,O2_msa_log10,torch-GNN,graph,5,0.32799893337262437,0.025063356398438597,0.21918980518470632,0.014572762476652585,0.9229689457407521,0.011937731610899371,,,,,0.0,0.0
train,O2_msa_log10,torch-GREA,graph,5,0.6103393520594534,0.06025936478771935,0.4478708474194161,0.04397617376209283,0.7324448056414781,0.051715989242358026,0.2339776914816521,0.07043582987954324,0.21525189786059357,0.032826283011793,0.646583850931677,0.04414692127167909
train,TC,DropoutMLP,AtomPair,5,0.03775596878443642,0.012081623829896644,0.021056872221658328,0.004521566531232615,0.8437777543227805,0.09601253154822514,0.2325571645322429,0.0310418969955228,0.035260196905766525,0.014570484310685233,0.8593354430379747,0.03926075809586228
train,TC,DropoutMLP,MACCS,5,0.056489806223363005,0.007160568133227977,0.03445776990670758,0.0066445636321674035,0.6726101972461576,0.08430738132509683,0.29056164416609515,0.03755565208580132,0.08850914205344587,0.05015422315627349,0.7650316455696202,0.05925099475744553
train,TC,DropoutMLP,Morgan,5,0.0480528260949392,0.017172177795999173,0.027593873259811615,0.01194091041447429,0.7422120570582044,0.17680960186078049,0.3113423101990153,0.08649771063290218,0.04805203938115331,0.05121013092727958,0.8109177215189873,0.05835959143408891
train,TC,DropoutMLP,RDKit,5,0.048513264153274754,0.012205547736159028,0.029348869066899298,0.00764315021133888,0.7495318642408637,0.12854409373666498,0.23730209603162752,0.06569240348846346,0.025460618846694805,0.02348278528975597,0.8268987341772153,0.04666179213121425
train,TC,DropoutMLP,TopologicalTorsion,5,0.04778485047536103,0.014358918751895175,0.025246664557717048,0.012798081023982683,0.7520016169412538,0.14725792968127743,0.30832177024264934,0.13664094685728212,0.056772151898734205,0.04485929494002262,0.7949367088607595,0.058245259160803656
train,TC,QuantileRandomForest,AtomPair,5,0.02515508399286922,0.01182185579564591,0.004310753465943339,0.0007003821874981195,0.9245791673993168,0.07796681554905915,0.209253251839902,0.03566287866859715,0.4481364275668073,0.0032148248150333436,0.9865506329113923,0.003309572889770836
train,TC,QuantileRandomForest,MACCS,5,0.05706203211406495,0.0023234806307154193,0.02674494217148885,0.00031827469643491967,0.6697459277282424,0.027017071827987953,0.2773690222168869,0.011129815019481513,0.14662447257383965,0.0023782962831344306,0.9833860759493671,0.002797099609124024
train,TC,QuantileRandomForest,Morgan,5,0.054333020692761205,0.005261694610537348,0.018993375904159133,0.0004960826912728208,0.6987327393221806,0.060212973501103544,0.2584960698099557,0.021146532258002282,0.19300281293952176,0.004597826607750213,0.977373417721519,0.0011998220639322377
train,TC,QuantileRandomForest,RDKit,5,0.04452548499479404,0.004221527016917552,0.014665563780892104,0.00037365058359562956,0.7977412294066675,0.03927815048908642,0.11752176954495326,0.018863899670152996,0.27805907172995775,0.002096293224995289,0.9852848101265824,0.002539051667069797
train,TC,QuantileRandomForest,TopologicalTorsion,5,0.054295240299969225,0.005247847840298624,0.020535377486437613,0.000771601020430628,0.6991602386778564,0.05940069595136892,0.17903047292720592,0.0167603360191301,0.16562939521800277,0.0037780471757269535,0.980379746835443,0.003810631195820372
train,TC,torch-GNN,graph,5,0.08553444817344673,0.004786164954573663,0.05605040825535827,0.004982361551196233,0.257072130744606,0.08471277518737219,,,,,0.0,0.0
train,TC,torch-GREA,graph,5,0.08834714615355709,0.006799143199778136,0.05492561370728335,0.0049806727628173685,0.205642477017184,0.12261493203367416,0.0011889094162977557,0.16923527663009288,0.2509317862165964,0.0335435827712523,0.5971518987341773,0.0626635218643216
train,Tg,DropoutMLP,AtomPair,5,27.861480918207633,4.992135147006911,19.359210075598174,3.755493569287585,0.9372022228040556,0.02180629911347918,0.06300923261851041,0.027315215131006786,0.25874667591629097,0.05636525771189369,0.48411377037807846,0.09927220412587934
train,Tg,DropoutMLP,MACCS,5,34.802377421640685,3.294327925867397,25.141477875484423,2.6093907708473396,0.9037851056844423,0.01881781472556954,0.14015146819066313,0.010786789017104073,0.261494585115813,0.04006627673989946,0.4811654526534859,0.06828443960368866
train,Tg,DropoutMLP,Morgan,5,23.559715718406757,4.670368792579123,15.38796833145056,3.8727646069088792,0.9548450209009584,0.01907308233082743,0.11929751090971105,0.02905304071440626,0.1816163718348942,0.08198796022562578,0.6015608740894901,0.13165351279714355
train,Tg,DropoutMLP,RDKit,5,26.413200940548858,2.1106356477415815,18.27410659032548,1.6707049838948753,0.9446933405367988,0.008754147364026472,0.14889383122304495,0.029602967846553058,0.18560912629591092,0.026710059119091897,0.6101630246271246,0.04230466148123351
train,Tg,DropoutMLP,TopologicalTorsion,5,25.81938100889466,2.9844023161812263,17.56336085079868,2.462283010646602,0.9468587891926035,0.01290142005773103,0.2174577691791378,0.05730620127472478,0.21854164257910358,0.03607609243882244,0.5506763787721123,0.06756194765124945
train,Tg,QuantileRandomForest,AtomPair,5,16.078115380867658,0.8402276530722563,5.534157648283038,0.17954321474149704,0.9795666014735085,0.002192279909654042,0.21586540644311886,0.006544397659141426,0.42465410259374875,0.0016951621468643697,0.9946236559139784,0.0013036157109237603
train,Tg,QuantileRandomForest,MACCS,5,24.313034983452347,0.31239944635179745,12.839372528616025,0.13860914751627826,0.9533707731223486,0.0011978746343650807,0.020139281606223202,0.00955157723455744,0.22040312945619916,0.002586949553299768,0.9834200485605272,0.0005829946692324629
train,Tg,QuantileRandomForest,Morgan,5,21.834264466357308,0.4021000849605613,12.20188224072147,0.0918462594080605,0.9623887768708752,0.0013829956364116137,0.14167420791096097,0.0031817332747610533,0.24800169576444286,0.0009060408068031204,0.9899063475546306,0.0014269859473273877
train,Tg,QuantileRandomForest,RDKit,5,17.324216269133935,0.4257903555974665,7.835142993409643,0.1004448989945468,0.976316846797862,0.0011733183697243338,0.03512932399633097,0.012325663043096942,0.3281419817319921,0.0012774023300683043,0.9908775580992023,0.0008723396697855766
train,Tg,QuantileRandomForest,TopologicalTorsion,5,18.55739834466211,0.8127562724726481,7.700212278876171,0.20833732308452424,0.9727966357401817,0.0024018847012636044,0.07932761348588153,0.00821425776000506,0.3337302963733765,0.0036003963482907405,0.9887963926465486,0.001454129296999937
train,Tg,torch-GNN,graph,5,30.714838616381165,0.7819766414098444,21.60540565329162,0.48081715813807707,0.9255535276872415,0.0037779755436777506,,,,,0.0,0.0
train,Tg,torch-GREA,graph,5,36.48018875879629,1.787811352272779,25.973152431659845,1.603894748555417,0.8948352201916631,0.010235520089747869,-0.03674771959821822,0.022129115549759333,0.48069911743168775,0.01276515837860689,0.04921956295525494,0.032374035807356864
train,Tm,DropoutMLP,AtomPair,5,37.32675122047421,2.3312453963148876,26.56862193792974,2.1953181727185824,0.8816878187101309,0.014605614781498522,0.1299871088610686,0.04022828520435324,0.15292158643657286,0.04666796737430346,0.6479564032697548,0.068618999196734
train,Tm,DropoutMLP,MACCS,5,53.50654744075096,3.5088904121439333,39.97768822222321,3.118482486593657,0.7568123983237374,0.03272199518256583,0.18564277776016425,0.021981711374884576,0.3094913714804723,0.026629622314498183,0.3896457765667575,0.05406795088695255
train,Tm,DropoutMLP,Morgan,5,37.99942273431818,4.855198914240898,27.036292733342673,3.824410086331346,0.8761701857736126,0.032317094182741875,0.21996949808221505,0.04194459979818415,0.27347865576748415,0.04149676470880784,0.46055858310626707,0.08375748505501984
train,Tm,DropoutMLP,RDKit,5,41.58756283511006,5.953300115185185,29.675762437315463,5.142509553681258,0.8511924736426909,0.03917857753805256,0.11519365064039985,0.03231257217882418,0.31906600060551016,0.06673353043164794,0.3694141689373297,0.11474704146193494
train,Tm,DropoutMLP,TopologicalTorsion,5,34.265425849789835,2.4099568135871476,24.14508373523276,2.5881364998314726,0.9002154127854428,0.01397749371170894,0.2603768355070087,0.03776984778174271,0.2224644262791402,0.03546457568884978,0.5536784741144414,0.06180758750128517
train,Tm,QuantileRandomForest,AtomPair,5,19.550740486018157,1.8767083466808088,4.38675340599455,0.4113887502275646,0.9674049195053233,0.006307765882263769,0.2430690357499688,0.014960303186942156,0.45523009385407204,0.0028291050045411224,0.9900544959128066,0.0031067450275181325
train,Tm,QuantileRandomForest,MACCS,5,40.8315779767131,0.5487282229931898,26.15453235694823,0.30824047389838966,0.8588466994045589,0.003793303289806966,0.17765838876878812,0.014291890246377621,0.14193157735392065,0.003768662242719039,0.9809945504087194,0.0021051140518205174
train,Tm,QuantileRandomForest,Morgan,5,31.900069607186254,0.46832066641264625,19.269696866485013,0.14067578651516577,0.9138422986273549,0.0025303700723381664,0.1169696339948667,0.00862159337185955,0.1966167120799273,0.003061023521547938,0.9823569482288829,0.002963410999203854
train,Tm,QuantileRandomForest,RDKit,5,32.4243274366419,0.5533448214581699,20.225409400544958,0.10451223347865762,0.910981741290455,0.00302510671194356,0.20097709609404468,0.004397743351048262,0.21651528913109294,0.003208346785767828,0.989100817438692,0.0027983100689977793
train,Tm,QuantileRandomForest,TopologicalTorsion,5,34.720134356533876,0.8023339951866135,21.611862397820165,0.23444182101133104,0.8979097529774116,0.0046985844122963884,0.23642778627065333,0.015262142122794564,0.1927717226763548,0.004621541533996035,0.9853542234332424,0.0029398291045013443
train,Tm,torch-GNN,graph,5,47.157331717228985,0.7469825978118787,35.08334034076447,0.7776584782715082,0.8117124600515702,0.005979126134591321,,,,,0.0,0.0
train,Tm,torch-GREA,graph,5,54.909181803123126,0.5099943575944129,40.334063344381,0.409409011781172,0.7447557998878993,0.004732754596638454,0.03451299337301023,0.10771150030838511,0.46010445049954585,0.04706016014866328,0.10272479564032697,0.11757703347441817
train,density,DropoutMLP,AtomPair,5,0.0670111970038099,0.008483232132917316,0.04627991682055958,0.008640791789745951,0.8968775852230102,0.02536063225420673,0.16400617271209245,0.05108123663597692,0.06654970760233918,0.04211604024482138,0.9043859649122806,0.046935858860379466
train,density,DropoutMLP,MACCS,5,0.07936739649156604,0.010557614872324162,0.058018926774027056,0.008022944532661152,0.8551512793814313,0.03743123035426058,0.1508505864563078,0.048720086652611114,0.04588044184535411,0.017227164828568422,0.9013157894736843,0.03516758089890328
train,density,DropoutMLP,Morgan,5,0.06483098310377895,0.00800491739181274,0.04409421905132205,0.006324123559281624,0.9035381113842844,0.023260433765783937,0.15452031200302124,0.05957712426363422,0.052615334632878485,0.019413179198089478,0.8742690058479532,0.04586951899857872
train,density,DropoutMLP,RDKit,5,0.07502165259618358,0.004067251473629634,0.05069143495076163,0.004796686562705682,0.8720857549591041,0.013997150868361286,0.07179419365005021,0.047621278890814404,0.11676413255360622,0.026077791938612226,0.9460526315789475,0.011734676239639665
train,density,DropoutMLP,TopologicalTorsion,5,0.08413022831568504,0.01891484055403467,0.0522694480473326,0.01449218808159635,0.8330270668051872,0.07753292238790785,0.13864533013066677,0.06351325818227957,0.033619233268356065,0.021542167848753076,0.8834795321637428,0.022805377433905268
train,density,QuantileRandomForest,AtomPair,5,0.06461572402383879,0.0055163043625470806,0.02915732054093567,0.0005239860436577066,0.904780273343043,0.016877035440768667,0.30453824900568116,0.015319666184727148,0.3253573749187784,0.006736593798318252,0.9937134502923977,0.0016828749171376462
train,density,QuantileRandomForest,MACCS,5,0.08556657632617543,0.0017557773112416076,0.04160907638888889,0.0003520704276020228,0.8339341822670624,0.006767401295495947,0.23377567323637338,0.013998139535157966,0.169769330734243,0.0022882295162018917,0.9843567251461988,0.0018347807599431937
train,density,QuantileRandomForest,Morgan,5,0.04482079643845756,0.011198128077997235,0.015249216008771932,0.0007254353211193445,0.9521757663238205,0.02596211448636769,0.010381463397406285,0.0327699583317372,0.3341130604288499,0.004665329225494574,0.9796783625730994,0.0010842395448969824
train,density,QuantileRandomForest,RDKit,5,0.03998732660576416,0.007650159913837749,0.011489714912280702,0.0009501870949198438,0.9626832011346366,0.015129672910655855,-0.08939072217247486,0.019973723312180513,0.373635477582846,0.0038712113480563358,0.9830409356725147,0.0022172150421203613
train,density,QuantileRandomForest,TopologicalTorsion,5,0.07127265403191789,0.008368431878879331,0.026663426169590644,0.0013284593388500085,0.8835511754885476,0.028846877436206477,0.20145961964838852,0.04152757337898041,0.3031676413255361,0.007438007129031964,0.9847953216374268,0.00363297474847638
train,density,torch-GNN,graph,5,0.11746201482300726,0.0034134638075491654,0.06928098214522022,0.0018446620038589908,0.6869498796507679,0.018188521083505646,,,,,0.0,0.0
train,density,torch-GREA,graph,5,0.19367772728199362,0.07053482663380253,0.1456729940215635,0.05649396328796945,0.059234068570187356,0.7430447658290846,0.25729382648330523,0.205814776017362,0.09370045484080572,0.038837328543689105,0.8805555555555555,0.06783609976791542
