model,fp,Bulk_modulus_GPa,CH4_msa_log10,CO2_msa_log10,FFV,H2_msa_log10,N2_msa_log10,O2_msa_log10,TC,Tg,Tm,density
DropoutMLP,AtomPair,-0.4724 ± 0.162,0.8199 ± 0.025,0.7105 ± 0.0196,0.7723 ± 0.0073,0.8329 ± 0.0107,0.8526 ± 0.0101,0.7357 ± 0.0123,0.5874 ± 0.0368,0.8677 ± 0.0024,0.705 ± 0.0057,0.6662 ± 0.0191
DropoutMLP,MACCS,0.3234 ± 0.0617,0.8147 ± 0.012,0.7189 ± 0.0157,0.7732 ± 0.0233,0.8601 ± 0.0343,0.8235 ± 0.0228,0.6872 ± 0.035,0.5228 ± 0.0627,0.8537 ± 0.0054,0.6875 ± 0.0159,0.6473 ± 0.0431
DropoutMLP,Morgan,-0.2609 ± 0.0928,0.8312 ± 0.0133,0.7093 ± 0.0267,0.7376 ± 0.0088,0.8423 ± 0.0153,0.8662 ± 0.0219,0.6947 ± 0.0109,0.5808 ± 0.1179,0.8724 ± 0.0069,0.7262 ± 0.0119,0.6563 ± 0.0211
DropoutMLP,RDKit,-0.461 ± 0.046,0.8013 ± 0.0188,0.6283 ± 0.0218,0.7137 ± 0.0123,0.7361 ± 0.0494,0.8258 ± 0.007,0.7121 ± 0.0396,0.4787 ± 0.0898,0.8716 ± 0.0029,0.692 ± 0.0113,0.5593 ± 0.0531
DropoutMLP,TopologicalTorsion,-0.1494 ± 0.0641,0.8217 ± 0.0289,0.6565 ± 0.0253,0.716 ± 0.0124,0.7884 ± 0.0329,0.8278 ± 0.0211,0.6612 ± 0.0307,0.5639 ± 0.143,0.8659 ± 0.0055,0.6941 ± 0.0091,0.5127 ± 0.0723
QuantileRandomForest,AtomPair,0.4997 ± 0.0423,0.8203 ± 0.0101,0.6239 ± 0.0068,0.6978 ± 0.0069,0.7936 ± 0.0095,0.8481 ± 0.0098,0.6826 ± 0.011,0.6762 ± 0.0106,0.871 ± 0.0023,0.6963 ± 0.0085,0.5976 ± 0.0156
QuantileRandomForest,MACCS,0.4106 ± 0.0353,0.7071 ± 0.0259,0.6482 ± 0.011,0.7147 ± 0.0018,0.8545 ± 0.011,0.7575 ± 0.0172,0.6463 ± 0.009,0.6212 ± 0.0228,0.8644 ± 0.0047,0.6997 ± 0.0058,0.7297 ± 0.0093
QuantileRandomForest,Morgan,0.472 ± 0.0253,0.8049 ± 0.0105,0.6796 ± 0.0292,0.7214 ± 0.0042,0.8517 ± 0.0046,0.821 ± 0.0045,0.7176 ± 0.0316,0.6025 ± 0.0129,0.881 ± 0.0039,0.709 ± 0.0064,0.6912 ± 0.0167
QuantileRandomForest,RDKit,0.4444 ± 0.0681,0.8083 ± 0.0218,0.5783 ± 0.0053,0.7117 ± 0.0041,0.8207 ± 0.0091,0.8297 ± 0.0102,0.6675 ± 0.0283,0.6626 ± 0.0113,0.8805 ± 0.0013,0.7146 ± 0.007,0.61 ± 0.0162
QuantileRandomForest,TopologicalTorsion,0.4474 ± 0.0254,0.8308 ± 0.0125,0.5328 ± 0.0315,0.6885 ± 0.0033,0.7904 ± 0.0086,0.8513 ± 0.0104,0.5777 ± 0.0146,0.5611 ± 0.2099,0.8699 ± 0.0035,0.6809 ± 0.0074,0.2418 ± 0.028
torch-GNN,graph,0.141 ± 0.1303,0.8376 ± 0.008,0.7114 ± 0.0173,-0.0899 ± 0.4481,0.8567 ± 0.0088,0.8616 ± 0.0074,0.6919 ± 0.0107,0.3207 ± 0.1138,0.8781 ± 0.0061,0.7003 ± 0.0058,0.6264 ± 0.0124
torch-GREA,graph,0.0334 ± 0.2785,0.8209 ± 0.0101,0.5528 ± 0.0601,-0.1503 ± 0.2679,0.7286 ± 0.0304,0.8072 ± 0.0302,0.6067 ± 0.0594,0.3215 ± 0.1085,0.86 ± 0.0076,0.6671 ± 0.0054,-0.0173 ± 0.8397
